,Xg,Yg,Zg,Xm,Ym,Zm,Xa,Ya,Za,Xq,Yq,Zq,Direction,Sensor Time,Time,Label
0,0.03,-0.01,-0.01,-6.5,-37.88,18.13,-8.89,0.74,4.01,0.3,0.43,-0.44,0.73,296252,0,W
1,0.03,-0.01,-0.01,-6.5,-37.88,18.13,-8.89,0.74,4.01,0.3,0.43,-0.44,0.73,296291,39,W
2,0.02,-0.01,-0.01,-6.5,-37.88,18.13,-8.89,0.74,4.01,0.3,0.43,-0.44,0.73,296332,80,W
3,0.02,-0.01,-0.01,-6.5,-37.88,18.13,-8.89,0.74,4.01,0.3,0.43,-0.44,0.73,296373,121,W
4,0.04,-0.01,-0.03,-6.5,-37.88,18.13,-8.89,0.74,4.01,0.3,0.43,-0.44,0.73,296414,162,W
5,0.04,-0.01,-0.03,-6.5,-37.88,18.13,-8.96,0.7,3.94,0.3,0.43,-0.44,0.73,296454,202,W
6,0.04,-0.01,-0.03,-6.5,-37.88,18.13,-8.96,0.74,3.98,0.3,0.43,-0.44,0.73,296493,241,W
7,0.03,-0.07,0.04,-6.5,-37.88,18.13,-8.96,0.74,3.98,0.3,0.43,-0.44,0.73,296534,282,W
8,0,-0.07,0.05,-6.5,-37.88,18.13,-8.96,0.74,3.98,0.3,0.43,-0.44,0.73,296573,321,W
9,0,-0.07,0.05,-6.5,-37.88,18.13,-8.85,0.82,4.13,0.3,0.43,-0.44,0.73,296613,361,W
10,0,-0.07,0.05,-6.5,-37.88,18.13,-8.81,0.86,4.17,0.3,0.43,-0.44,0.73,296654,402,W
11,0,-0.07,0.05,-6.5,-37.88,18.13,-8.89,0.82,4.09,0.3,0.43,-0.44,0.73,296693,441,W
12,0,-0.07,0.05,-6.56,-36.31,19.31,-8.89,0.82,4.09,0.3,0.43,-0.44,0.73,296732,480,W
13,0,0.01,-0.02,-6.56,-36.31,19.31,-8.89,0.82,4.09,0.3,0.43,-0.44,0.73,296772,520,W
14,0,0.01,-0.02,-6.56,-36.31,19.31,-8.89,0.78,4.09,0.3,0.43,-0.44,0.73,296812,560,W
15,0,0.01,-0.02,-6.56,-36.31,19.31,-8.89,0.78,4.05,0.3,0.43,-0.44,0.73,296853,601,W
16,0,0.01,-0.02,-6.56,-36.31,19.31,-8.93,0.74,4.01,0.3,0.43,-0.44,0.73,296892,640,W
17,0,0,0.01,-6.56,-36.31,19.31,-8.93,0.74,4.01,0.3,0.43,-0.44,0.73,296933,681,W
18,0,-0.01,0.01,-6.56,-36.31,19.31,-8.93,0.74,4.01,0.3,0.43,-0.44,0.73,296973,721,W
19,-0.01,-0.01,0.01,-6.56,-36.31,19.31,-8.93,0.74,4.01,0.3,0.43,-0.44,0.73,297013,761,W
20,-0.01,-0.01,0.01,-6.56,-36.31,19.31,-8.89,0.82,4.05,0.3,0.43,-0.44,0.73,297054,802,W
21,-0.01,-0.01,0.01,-6.56,-36.31,19.31,-8.89,0.82,4.05,0.3,0.43,-0.44,0.73,297093,841,W
22,0,0.01,-0.02,-6.56,-36.31,19.31,-8.89,0.82,4.05,0.3,0.43,-0.44,0.73,297133,881,W
23,0,0.01,-0.01,-6.56,-36.31,19.31,-8.89,0.82,4.05,0.3,0.43,-0.44,0.73,297172,920,W
24,0,0.01,-0.01,-6.56,-36.31,19.31,-8.89,0.78,4.05,0.3,0.43,-0.44,0.73,297213,961,W
25,0,0.01,-0.01,-6.56,-36.31,19.31,-8.89,0.78,4.05,0.3,0.43,-0.44,0.73,297253,1001,W
26,0,0.01,-0.01,-6.56,-36.31,19.31,-8.93,0.74,4.01,0.3,0.43,-0.44,0.73,297292,1040,W
27,0,0.01,-0.01,-5.5,-36.06,16.56,-8.93,0.74,4.01,0.3,0.43,-0.44,0.73,297331,1079,W
28,0,0.01,-0.01,-5.5,-36.06,16.56,-8.93,0.74,3.98,0.3,0.43,-0.44,0.73,297372,1120,W
29,0.02,-0.04,0.02,-5.5,-36.06,16.56,-8.93,0.74,3.98,0.3,0.43,-0.44,0.73,297412,1160,W
30,0.02,-0.04,0.02,-5.5,-36.06,16.56,-8.93,0.82,4.01,0.3,0.43,-0.44,0.73,297451,1199,W
31,0.02,-0.04,0.02,-5.5,-36.06,16.56,-8.93,0.82,4.05,0.3,0.43,-0.44,0.73,297490,1238,W
32,0.03,-0.05,-0.01,-5.5,-36.06,16.56,-8.93,0.82,4.05,0.3,0.43,-0.44,0.73,297531,1279,W
33,0.02,-0.02,-0.03,-5.5,-36.06,16.56,-8.93,0.82,4.05,0.3,0.43,-0.44,0.73,297571,1319,W
34,0.02,-0.02,-0.03,-5.5,-36.06,16.56,-8.89,0.78,4.09,0.3,0.43,-0.44,0.73,297612,1360,W
35,0.02,-0.02,-0.03,-5.5,-36.06,16.56,-8.89,0.78,4.09,0.3,0.43,-0.44,0.73,297652,1400,W
36,0.02,-0.02,-0.03,-5.5,-36.06,16.56,-8.89,0.74,4.09,0.3,0.43,-0.44,0.73,297692,1440,W
37,0.04,-0.04,-0.02,-5.5,-36.06,16.56,-8.89,0.74,4.09,0.3,0.43,-0.44,0.73,297732,1480,W
38,0.04,-0.05,-0.04,-5.5,-36.06,16.56,-8.89,0.74,4.09,0.3,0.43,-0.44,0.73,297772,1520,W
39,0.04,-0.05,-0.04,-5.5,-36.06,16.56,-8.89,0.78,4.13,0.3,0.43,-0.44,0.73,297812,1560,W
40,0.04,-0.05,-0.04,-5.5,-36.06,16.56,-9,0.78,4.05,0.3,0.43,-0.44,0.73,297852,1600,W
41,0.04,-0.05,-0.04,-5.5,-36.06,16.56,-8.93,0.74,4.28,0.3,0.43,-0.44,0.73,297891,1639,W
42,0.04,-0.03,-0.1,-5.5,-36.06,16.56,-8.93,0.74,4.28,0.3,0.43,-0.44,0.73,297932,1680,W
43,0.04,-0.03,-0.1,-5.5,-36.06,16.56,-8.81,0.55,4.4,0.3,0.43,-0.44,0.73,297973,1721,W
44,-0.05,0.04,0.2,-5.5,-36.06,16.56,-8.81,0.55,4.4,0.3,0.43,-0.44,0.73,298013,1761,W
45,-0.05,0.04,0.2,-5.5,-36.06,16.56,-9.04,0.7,3.98,0.3,0.43,-0.44,0.73,298053,1801,W
46,-0.05,0.04,0.2,-5.5,-36.06,16.56,-8.85,0.97,4.21,0.3,0.43,-0.44,0.73,298091,1839,W
47,-0.1,-0.07,0.2,-5.5,-36.06,16.56,-8.85,0.97,4.21,0.3,0.43,-0.44,0.73,298131,1879,W
48,-0.1,-0.02,0.24,-5.5,-36.06,16.56,-8.85,0.97,4.21,0.3,0.43,-0.44,0.73,298172,1920,W
49,-0.1,-0.02,0.24,-5.5,-36.06,16.56,-9.12,1.16,3.9,0.3,0.43,-0.44,0.73,298212,1960,W
50,-0.1,-0.02,0.24,-5.5,-36.06,16.56,-8.96,1.13,4.01,0.3,0.43,-0.44,0.73,298253,2001,W
51,-0.1,-0.02,0.24,-5.5,-36.06,16.56,-8.62,1.05,4.55,0.3,0.43,-0.44,0.73,298293,2041,W
52,-0.1,-0.02,0.24,-5,-32.69,20.56,-8.62,1.05,4.55,0.3,0.43,-0.44,0.73,298332,2080,W
53,-0.1,-0.02,0.24,-5,-32.69,20.56,-9.2,1.16,4.47,0.3,0.43,-0.44,0.73,298373,2121,W
54,0.45,-0.39,1.29,-5,-32.69,20.56,-9.2,1.16,4.47,0.3,0.43,-0.44,0.73,298414,2162,W
55,0.45,-0.39,1.29,-5,-32.69,20.56,-10.38,1.78,4.4,0.3,0.43,-0.44,0.73,298454,2202,W
56,0.45,-0.39,1.29,-5,-32.69,20.56,-11.76,2.43,4.89,0.3,0.43,-0.44,0.73,298493,2241,W
57,0.45,-0.39,1.29,7.94,-19.81,22.44,-11.76,2.43,4.89,0.3,0.43,-0.44,0.73,298533,2281,W
58,0.55,-1.76,4.74,7.94,-19.81,22.44,-11.76,2.43,4.89,0.3,0.43,-0.44,0.73,298572,2320,W
59,0.55,-1.76,4.74,7.94,-19.81,22.44,-12.45,-3.63,0.76,0.3,0.43,-0.44,0.73,298612,2360,W
60,0.55,-1.76,4.74,7.94,-19.81,22.44,-13.22,0.36,2.56,0.3,0.43,-0.44,0.73,298652,2400,W
61,0.55,-1.76,4.74,7.94,-19.81,22.44,-6.86,-1.1,1.91,0.3,0.43,-0.44,0.73,298691,2439,W
62,-0.35,0.85,-2.48,7.94,-19.81,22.44,-6.86,-1.1,1.91,0.3,0.43,-0.44,0.73,298731,2479,W
63,-0.32,1.19,-3.14,7.94,-19.81,22.44,-6.86,-1.1,1.91,0.3,0.43,-0.44,0.73,298772,2520,W
64,-0.32,1.19,-3.14,7.94,-19.81,22.44,-8.05,4.19,4.13,0.3,0.43,-0.44,0.73,298812,2560,W
65,-0.32,1.19,-3.14,7.94,-19.81,22.44,-9.5,6.53,3.13,0.3,0.43,-0.44,0.73,298852,2600,W
66,-0.32,1.19,-3.14,7.94,-19.81,22.44,-11.07,9.09,4.89,0.3,0.43,-0.44,0.73,298891,2639,W
67,0.63,0.94,-2.97,7.94,-19.81,22.44,-11.07,9.09,4.89,0.3,0.43,-0.44,0.73,298931,2679,W
68,0.63,0.94,-2.97,7.94,-19.81,22.44,-8.73,6.34,5.74,0.3,0.43,-0.44,0.73,298972,2720,W
69,-0.71,1.23,-2.33,7.94,-19.81,22.44,-8.73,6.34,5.74,0.3,0.43,-0.44,0.73,299011,2759,W
70,-0.71,1.23,-2.33,7.94,-19.81,22.44,-9,4.23,6.39,0.3,0.43,-0.44,0.73,299051,2799,W
71,-0.71,1.23,-2.33,7.94,-19.81,22.44,-9.46,5.22,5.97,0.3,0.43,-0.44,0.73,299089,2837,W
72,-0.36,-0.07,-1.23,7.94,-19.81,22.44,-9.46,5.22,5.97,0.3,0.43,-0.44,0.73,299129,2877,W
73,-0.31,0.16,-0.71,7.94,-19.81,22.44,-9.46,5.22,5.97,0.3,0.43,-0.44,0.73,299170,2918,W
74,-0.31,0.16,-0.71,7.94,-19.81,22.44,-6.55,5.88,4.4,0.3,0.43,-0.44,0.73,299209,2957,W
75,-0.31,0.16,-0.71,7.94,-19.81,22.44,-6.32,2.89,3.86,0.3,0.43,-0.44,0.73,299250,2998,W
76,-0.31,0.16,-0.71,7.94,-19.81,22.44,-11.27,-2.21,2.41,0.3,0.43,-0.44,0.73,299289,3037,W
77,0.58,-1.03,0.78,7.94,-19.81,22.44,-11.27,-2.21,2.41,0.3,0.43,-0.44,0.73,299330,3078,W
78,0.58,-1.03,0.78,7.94,-19.81,22.44,-10.42,1.28,3.94,0.3,0.43,-0.44,0.73,299371,3119,W
79,0.58,-1.03,0.78,7.94,-19.81,22.44,-9.2,0.59,4.47,0.3,0.43,-0.44,0.73,299411,3159,W
80,0.58,-1.03,0.78,7.94,-19.81,22.44,-8.73,0.55,4.89,0.3,0.43,-0.44,0.73,299450,3198,W
81,0.58,-1.03,0.78,7.94,-19.81,22.44,-8.96,0.55,4.51,0.3,0.43,-0.44,0.73,299488,3236,W
82,0.07,-0.04,0.04,7.94,-19.81,22.44,-8.96,0.55,4.51,0.3,0.43,-0.44,0.73,299529,3277,W
83,0.07,0.09,0.06,7.94,-19.81,22.44,-8.96,0.55,4.51,0.3,0.43,-0.44,0.73,299569,3317,W
84,0.07,0.09,0.06,7.94,-19.81,22.44,-8.73,0.44,4.59,0.3,0.43,-0.44,0.73,299609,3357,W
85,0.07,0.09,0.06,7.94,-19.81,22.44,-8.58,0.4,4.66,0.3,0.43,-0.44,0.73,299648,3396,W
86,0.07,0.09,0.06,7.94,-19.81,22.44,-8.7,0.66,4.55,0.3,0.43,-0.44,0.73,299685,3433,W
87,0.01,0.04,0.18,7.94,-19.81,22.44,-8.7,0.66,4.55,0.3,0.43,-0.44,0.73,299724,3472,W
88,-0.1,0,0.3,7.94,-19.81,22.44,-8.7,0.66,4.55,0.3,0.43,-0.44,0.73,299763,3511,W
89,-0.1,0,0.3,7.94,-19.81,22.44,-8.93,0.93,4.24,0.3,0.43,-0.44,0.73,299802,3550,W
90,-0.1,0,0.3,7.94,-19.81,22.44,-8.81,0.97,4.36,0.3,0.43,-0.44,0.73,299840,3588,W
91,-0.15,-0.13,0.41,7.94,-19.81,22.44,-8.81,0.97,4.36,0.3,0.43,-0.44,0.73,299881,3629,W
92,-0.07,-0.28,0.46,7.94,-19.81,22.44,-8.81,0.97,4.36,0.3,0.43,-0.44,0.73,299921,3669,W
93,-0.07,-0.28,0.46,7.94,-19.81,22.44,-8.89,1.09,4.66,0.3,0.43,-0.44,0.73,299960,3708,W
94,-0.07,-0.28,0.46,7.94,-19.81,22.44,-9.43,1.2,4.43,0.3,0.43,-0.44,0.73,300000,3748,W
95,-0.07,-0.28,0.46,7.94,-19.81,22.44,-9.73,1.43,4.89,0.3,0.43,-0.44,0.73,300039,3787,W
96,0.84,-0.76,2.62,7.94,-19.81,22.44,-9.73,1.43,4.89,0.3,0.43,-0.44,0.73,300079,3827,W
97,0.05,-1.12,4.93,7.94,-19.81,22.44,-9.73,1.43,4.89,0.3,0.43,-0.44,0.73,300119,3867,W
98,0.05,-1.12,4.93,7.94,-19.81,22.44,-18.46,3.46,5.51,0.3,0.43,-0.44,0.73,300158,3906,W
99,0.05,-1.12,4.93,7.94,-19.81,22.44,-10.27,-4.16,2.21,0.3,0.43,-0.44,0.73,300198,3946,W
100,0.05,-1.12,4.93,7.94,-19.81,22.44,-8.62,-4.93,1.18,0.3,0.43,-0.44,0.73,300237,3985,W
101,-0.21,0.88,-1.88,7.94,-19.81,22.44,-8.62,-4.93,1.18,0.3,0.43,-0.44,0.73,300278,4026,W
102,-0.21,0.88,-1.88,7.94,-19.81,22.44,-6.9,-1.4,4.59,0.3,0.43,-0.44,0.73,300319,4067,W
103,-1.03,1.48,-3.3,7.94,-19.81,22.44,-6.9,-1.4,4.59,0.3,0.43,-0.44,0.73,300360,4108,W
104,-1.03,1.48,-3.3,7.94,-19.81,22.44,-8.89,4.65,6.39,0.3,0.43,-0.44,0.73,300400,4148,W
105,-1.03,1.48,-3.3,7.94,-19.81,22.44,-11.65,5.64,5.85,0.3,0.43,-0.44,0.73,300439,4187,W
106,0.51,1.39,-2.78,7.94,-19.81,22.44,-11.65,5.64,5.85,0.3,0.43,-0.44,0.73,300480,4228,W
107,-0.7,1,-2.38,7.94,-19.81,22.44,-11.65,5.64,5.85,0.3,0.43,-0.44,0.73,300520,4268,W
108,-0.7,1,-2.38,7.94,-19.81,22.44,-8.39,6.03,6.5,0.3,0.43,-0.44,0.73,300560,4308,W
109,-0.7,1,-2.38,7.94,-19.81,22.44,-8.51,4.92,5.85,0.3,0.43,-0.44,0.73,300601,4349,W
110,-0.7,1,-2.38,7.94,-19.81,22.44,-7.59,4.3,5.81,0.3,0.43,-0.44,0.73,300639,4387,W
111,-0.55,0.63,-1.04,7.94,-19.81,22.44,-7.59,4.3,5.81,0.3,0.43,-0.44,0.73,300680,4428,W
112,-0.55,0.63,-1.04,7.94,-19.81,22.44,-6.09,5,5.16,0.3,0.43,-0.44,0.73,300721,4469,W
113,1.21,-0.79,2.14,7.94,-19.81,22.44,-6.09,5,5.16,0.3,0.43,-0.44,0.73,300761,4509,W
114,1.21,-0.79,2.14,7.94,-19.81,22.44,-13.03,-0.98,2.52,0.3,0.43,-0.44,0.73,300800,4548,W
115,1.21,-0.79,2.14,7.94,-19.81,22.44,-11.27,2.7,8.88,0.3,0.43,-0.44,0.73,300839,4587,W
116,0.72,-0.96,0.6,7.94,-19.81,22.44,-11.27,2.7,8.88,0.3,0.43,-0.44,0.73,300880,4628,W
117,0.31,-0.83,0.29,7.94,-19.81,22.44,-11.27,2.7,8.88,0.3,0.43,-0.44,0.73,300920,4668,W
118,0.31,-0.83,0.29,7.94,-19.81,22.44,-8.47,0.32,5.2,0.3,0.43,-0.44,0.73,300960,4708,W
119,0.31,-0.83,0.29,7.94,-19.81,22.44,-8.85,0.66,4.93,0.3,0.43,-0.44,0.73,301000,4748,W
120,0.31,-0.83,0.29,7.94,-19.81,22.44,-8.51,0.47,4.89,0.3,0.43,-0.44,0.73,301038,4786,W
121,0.03,0.09,0.2,7.94,-19.81,22.44,-8.51,0.47,4.89,0.3,0.43,-0.44,0.73,301078,4826,W
122,0.06,-0.03,0.2,7.94,-19.81,22.44,-8.51,0.47,4.89,0.3,0.43,-0.44,0.73,301117,4865,W
123,0.06,-0.03,0.2,7.94,-19.81,22.44,-8.58,0.7,4.82,0.3,0.43,-0.44,0.73,301158,4906,W
124,0.06,-0.03,0.2,7.94,-19.81,22.44,-8.73,0.82,4.59,0.3,0.43,-0.44,0.73,301198,4946,W
125,0.06,-0.03,0.2,7.94,-19.81,22.44,-8.66,0.86,4.66,0.3,0.43,-0.44,0.73,301236,4984,W
126,-0.01,0.08,0.19,7.94,-19.81,22.44,-8.66,0.86,4.66,0.3,0.43,-0.44,0.73,301276,5024,W
127,-0.01,0.08,0.19,7.94,-19.81,22.44,-8.89,0.97,4.36,0.3,0.43,-0.44,0.73,301317,5065,W
128,-0.01,0.01,0.34,7.94,-19.81,22.44,-8.89,0.97,4.36,0.3,0.43,-0.44,0.73,301356,5104,W
129,-0.01,0.01,0.34,7.94,-19.81,22.44,-8.85,1.24,4.4,0.3,0.43,-0.44,0.73,301395,5143,W
130,-0.01,0.01,0.34,7.94,-19.81,22.44,-8.77,1.24,4.47,0.3,0.43,-0.44,0.73,301433,5181,W
131,-0.01,0.01,0.34,7.94,-19.81,22.44,-8.81,1.32,4.59,0.3,0.43,-0.44,0.73,301473,5221,W
132,0.36,0.04,1.08,7.94,-19.81,22.44,-8.81,1.32,4.59,0.3,0.43,-0.44,0.73,301512,5260,W
133,0.36,0.04,1.08,7.94,-19.81,22.44,-10.04,1.89,4.4,0.3,0.43,-0.44,0.73,301551,5299,W
134,0.36,0.04,1.08,7.94,-19.81,22.44,-11.15,1.97,4.36,0.3,0.43,-0.44,0.73,301589,5337,W
135,0.99,-0.74,3.57,7.94,-19.81,22.44,-11.15,1.97,4.36,0.3,0.43,-0.44,0.73,301630,5378,W
136,0.57,-0.04,4.85,7.94,-19.81,22.44,-11.15,1.97,4.36,0.3,0.43,-0.44,0.73,301670,5418,W
137,0.57,-0.04,4.85,7.94,-19.81,22.44,-17.47,-8.8,0.57,0.3,0.43,-0.44,0.73,301710,5458,W
138,0.57,-0.04,4.85,7.94,-19.81,22.44,-13.26,-4.01,3.63,0.3,0.43,-0.44,0.73,301751,5499,W
139,0.57,-0.04,4.85,7.94,-19.81,22.44,-6.71,-2.86,2.41,0.3,0.43,-0.44,0.73,301790,5538,W
140,0.07,0.39,-2.48,7.94,-19.81,22.44,-6.71,-2.86,2.41,0.3,0.43,-0.44,0.73,301830,5578,W
141,0.68,0.46,-2.74,7.94,-19.81,22.44,-6.71,-2.86,2.41,0.3,0.43,-0.44,0.73,301870,5618,W
142,0.68,0.46,-2.74,7.94,-19.81,22.44,-8.39,7.21,6.54,0.3,0.43,-0.44,0.73,301910,5658,W
143,0.68,0.46,-2.74,7.94,-19.81,22.44,-8.39,4.54,3.05,0.3,0.43,-0.44,0.73,301948,5696,W
144,0.68,0.46,-2.74,7.94,-19.81,22.44,-8.58,4.42,3.02,0.3,0.43,-0.44,0.73,301987,5735,W
145,-0.39,1.22,-2.6,7.94,-19.81,22.44,-8.58,4.42,3.02,0.3,0.43,-0.44,0.73,302027,5775,W
146,-0.39,1.22,-2.6,7.94,-19.81,22.44,-9.58,4.34,5.24,0.3,0.43,-0.44,0.73,302068,5816,W
147,-1.55,1.56,-2.35,7.94,-19.81,22.44,-9.58,4.34,5.24,0.3,0.43,-0.44,0.73,302109,5857,W
148,-1.55,1.56,-2.35,7.94,-19.81,22.44,-9.66,4,6.62,0.3,0.43,-0.44,0.73,302149,5897,W
149,-1.55,1.56,-2.35,7.94,-19.81,22.44,-9.66,5,6.08,0.3,0.43,-0.44,0.73,302188,5936,W
150,-0.29,0.7,-1.16,7.94,-19.81,22.44,-9.66,5,6.08,0.3,0.43,-0.44,0.73,302229,5977,W
151,0.56,0.23,0.12,7.94,-19.81,22.44,-9.66,5,6.08,0.3,0.43,-0.44,0.73,302269,6017,W
152,0.56,0.23,0.12,7.94,-19.81,22.44,-7.2,2.5,4.86,0.3,0.43,-0.44,0.73,302307,6055,W
153,0.56,0.23,0.12,7.94,-19.81,22.44,-11.72,-2.48,2.06,0.3,0.43,-0.44,0.73,302347,6095,W
154,0.56,0.23,0.12,7.94,-19.81,22.44,-10.27,1.93,8.69,0.3,0.43,-0.44,0.73,302386,6134,W
155,0.5,-1.11,0.31,7.94,-19.81,22.44,-10.27,1.93,8.69,0.3,0.43,-0.44,0.73,302426,6174,W
156,0.5,-1.11,0.31,7.94,-19.81,22.44,-8.77,0.44,5.39,0.3,0.43,-0.44,0.73,302466,6214,W
157,0.5,-1.11,0.31,7.94,-19.81,22.44,-8.12,0.47,5.85,0.3,0.43,-0.44,0.73,302507,6255,W
158,0.5,-1.11,0.31,7.94,-19.81,22.44,-8.96,0.63,4.47,0.3,0.43,-0.44,0.73,302546,6294,W
159,0.5,-1.11,0.31,7.94,-19.81,22.44,-8.43,0.47,5.01,0.3,0.43,-0.44,0.73,302585,6333,W
160,0.05,0.09,0.33,7.94,-19.81,22.44,-8.43,0.47,5.01,0.3,0.43,-0.44,0.73,302626,6374,W
161,-0.01,0.02,0.3,7.94,-19.81,22.44,-8.43,0.47,5.01,0.3,0.43,-0.44,0.73,302665,6413,W
162,-0.01,0.02,0.3,7.94,-19.81,22.44,-8.77,0.93,4.51,0.3,0.43,-0.44,0.73,302705,6453,W
163,-0.01,0.02,0.3,7.94,-19.81,22.44,-8.62,1.13,4.74,0.3,0.43,-0.44,0.73,302745,6493,W
164,-0.01,0.02,0.3,7.94,-19.81,22.44,-8.73,1.05,4.59,0.3,0.43,-0.44,0.73,302783,6531,W
165,-0.02,-0.04,0.25,7.94,-19.81,22.44,-8.73,1.05,4.59,0.3,0.43,-0.44,0.73,302823,6571,W
166,0.01,-0.02,0.35,7.94,-19.81,22.44,-8.73,1.05,4.59,0.3,0.43,-0.44,0.73,302863,6611,W
167,0.01,-0.02,0.35,7.94,-19.81,22.44,-8.7,1.2,4.66,0.3,0.43,-0.44,0.73,302902,6650,W
168,0.01,-0.02,0.35,7.94,-19.81,22.44,-8.89,1.2,4.66,0.3,0.43,-0.44,0.73,302941,6689,W
169,0.01,-0.02,0.35,126.81,-66.5,3.81,-8.89,1.2,4.66,0.3,0.43,-0.44,0.73,302979,6727,W
170,0.48,-0.71,1.57,126.81,-66.5,3.81,-8.89,1.2,4.66,0.3,0.43,-0.44,0.73,303019,6767,W
171,0.48,-0.71,1.57,126.81,-66.5,3.81,-12.88,2.58,5.39,0.3,0.43,-0.44,0.73,303058,6806,W
172,0.48,-0.71,1.57,126.81,-66.5,3.81,-14.48,2.2,6.81,0.3,0.43,-0.44,0.73,303099,6847,W
173,0.48,-0.71,1.57,126.81,-66.5,3.81,-12.3,-8.03,1.6,0.3,0.43,-0.44,0.73,303138,6886,W
174,-0.23,1.18,0.45,126.81,-66.5,3.81,-12.3,-8.03,1.6,0.3,0.43,-0.44,0.73,303180,6928,W
175,-0.23,1.18,0.45,126.81,-66.5,3.81,-7.01,-3.13,6.04,0.3,0.43,-0.44,0.73,303221,6969,W
176,-0.23,1.18,0.45,126.81,-66.5,3.81,-5.86,-2.44,5.2,0.3,0.43,-0.44,0.73,303262,7010,W
177,-0.23,1.18,0.45,126.81,-66.5,3.81,-7.05,2.05,5.28,0.3,0.43,-0.44,0.73,303302,7050,W
178,-0.23,1.18,0.45,126.81,-66.5,3.81,-7.89,3.65,6.62,0.3,0.43,-0.44,0.73,303341,7089,W
179,-0.23,1.18,0.45,126.81,-66.5,3.81,-8.66,5.3,6.73,0.3,0.43,-0.44,0.73,303380,7128,T
180,-0.87,1.27,-2.22,126.81,-66.5,3.81,-8.66,5.3,6.73,0.3,0.43,-0.44,0.73,303420,7168,T
181,-1.66,1.11,-1.43,126.81,-66.5,3.81,-8.66,5.3,6.73,0.3,0.43,-0.44,0.73,303460,7208,T
182,-1.66,1.11,-1.43,126.81,-66.5,3.81,-6.97,7.33,7.61,0.3,0.43,-0.44,0.73,303500,7248,T
183,-1.66,1.11,-1.43,126.81,-66.5,3.81,-6.52,6.26,7.57,0.3,0.43,-0.44,0.73,303540,7288,T
184,-1.66,1.11,-1.43,126.81,-66.5,3.81,-6.52,6.26,7.57,0.54,0.18,-0.8,0.17,303580,7328,T
185,-3.12,0.63,0.84,126.81,-66.5,3.81,-6.52,6.26,7.57,0.54,0.18,-0.8,0.17,303620,7368,T
186,-3.12,0.63,0.84,126.81,-66.5,3.81,-6.36,1.93,10.72,0.54,0.18,-0.8,0.17,303660,7408,T
187,1.06,-1.59,1.45,126.81,-66.5,3.81,-6.36,1.93,10.72,0.54,0.18,-0.8,0.17,303699,7447,T
188,1.06,-1.59,1.45,126.81,-66.5,3.81,-11.65,3.43,5.74,0.54,0.18,-0.8,0.17,303738,7486,T
189,0.4,-1.33,0.04,126.81,-66.5,3.81,-11.65,3.43,5.74,0.54,0.18,-0.8,0.17,303779,7527,T
190,0.4,-1.33,0.04,126.81,-66.5,3.81,-7.59,0.74,6.58,0.54,0.18,-0.8,0.17,303820,7568,T
191,0.1,-0.16,0.04,126.81,-66.5,3.81,-7.59,0.74,6.58,0.54,0.18,-0.8,0.17,303859,7607,T
192,0.1,-0.16,0.04,126.81,-66.5,3.81,-8.35,0.36,5.13,0.54,0.18,-0.8,0.17,303900,7648,T
193,0.1,-0.16,0.04,126.81,-66.5,3.81,-8.51,0.36,5.01,0.54,0.18,-0.8,0.17,303938,7686,T
194,0.01,-0.04,0.2,126.81,-66.5,3.81,-8.51,0.36,5.01,0.54,0.18,-0.8,0.17,303979,7727,T
195,-0.07,0.04,0.15,126.81,-66.5,3.81,-8.51,0.36,5.01,0.54,0.18,-0.8,0.17,304018,7766,T
196,-0.07,0.04,0.15,126.81,-66.5,3.81,-8.43,0.78,5.01,0.54,0.18,-0.8,0.17,304058,7806,T
197,-0.07,0.04,0.15,126.81,-66.5,3.81,-8.54,0.59,4.82,0.54,0.18,-0.8,0.17,304099,7847,T
198,-0.07,0.04,0.15,126.81,-66.5,3.81,-8.58,0.63,4.78,0.54,0.18,-0.8,0.17,304138,7886,T
199,-0.1,0.09,0.05,126.81,-66.5,3.81,-8.58,0.63,4.78,0.54,0.18,-0.8,0.17,304178,7926,T
200,-0.08,0.05,-0.04,126.81,-66.5,3.81,-8.58,0.63,4.78,0.54,0.18,-0.8,0.17,304218,7966,T
201,-0.08,0.05,-0.04,126.81,-66.5,3.81,-8.39,0.63,5.01,0.54,0.18,-0.8,0.17,304259,8007,T
202,-0.08,0.05,-0.04,126.81,-66.5,3.81,-8.54,0.47,4.66,0.54,0.18,-0.8,0.17,304300,8048,T
203,-0.08,0.05,-0.04,126.81,-66.5,3.81,-8.32,0.47,4.86,0.54,0.18,-0.8,0.17,304338,8086,T
204,-0.11,0.51,0.16,126.81,-66.5,3.81,-8.32,0.47,4.86,0.54,0.18,-0.8,0.17,304379,8127,T
205,-0.22,-0.37,0.59,126.81,-66.5,3.81,-8.32,0.47,4.86,0.54,0.18,-0.8,0.17,304419,8167,T
206,-3.71,0.82,2.29,126.81,-66.5,3.81,-8.32,0.47,4.86,0.54,0.18,-0.8,0.17,304459,8207,T
207,-3.71,0.82,2.29,126.81,-66.5,3.81,-11.46,1.2,1.56,0.54,0.18,-0.8,0.17,304499,8247,T
208,-3.71,0.82,2.29,126.81,-66.5,3.81,-9.2,2.73,2.98,0.54,0.18,-0.8,0.17,304538,8286,T
209,-3.56,0.42,2.02,126.81,-66.5,3.81,-9.2,2.73,2.98,0.54,0.18,-0.8,0.17,304579,8327,T
210,-3.4,0.56,1.72,126.81,-66.5,3.81,-9.2,2.73,2.98,0.54,0.18,-0.8,0.17,304619,8367,T
211,-3.4,0.56,1.72,126.81,-66.5,3.81,-9.04,-2.59,4.21,0.54,0.18,-0.8,0.17,304659,8407,T
212,-3.4,0.56,1.72,126.81,-66.5,3.81,-10.8,-4.7,5.97,0.54,0.18,-0.8,0.17,304700,8448,T
213,-3.4,0.56,1.72,126.81,-66.5,3.81,-8.05,0.51,5.16,0.54,0.18,-0.8,0.17,304740,8488,T
214,-3.4,0.56,1.72,85.19,-78.25,14.25,-8.05,0.51,5.16,0.54,0.18,-0.8,0.17,304779,8527,T
215,-3.4,0.56,1.72,85.19,-78.25,14.25,-10.27,1.05,2.79,0.54,0.18,-0.8,0.17,304820,8568,T
216,0.03,0.19,-0.03,85.19,-78.25,14.25,-10.27,1.05,2.79,0.54,0.18,-0.8,0.17,304860,8608,T
217,0.03,0.19,-0.03,85.19,-78.25,14.25,-8.96,0.59,4.13,0.54,0.18,-0.8,0.17,304900,8648,T
218,0.03,0.19,-0.03,85.19,-78.25,14.25,-9.39,0.63,3.67,0.54,0.18,-0.8,0.17,304937,8685,T
219,-0.03,-0.06,-0.02,85.19,-78.25,14.25,-9.39,0.63,3.67,0.54,0.18,-0.8,0.17,304978,8726,T
220,0,0.02,-0.03,85.19,-78.25,14.25,-9.39,0.63,3.67,0.54,0.18,-0.8,0.17,305019,8767,T
221,0,0.02,-0.03,85.19,-78.25,14.25,-9,0.55,4.09,0.54,0.18,-0.8,0.17,305058,8806,T
222,0,0.02,-0.03,85.19,-78.25,14.25,-8.89,0.51,4.21,0.54,0.18,-0.8,0.17,305099,8847,T
223,0,0.02,-0.03,85.19,-78.25,14.25,-8.73,0.51,4.4,0.54,0.18,-0.8,0.17,305139,8887,T
224,0,0.02,-0.03,85.88,-77.88,15.44,-8.73,0.51,4.4,0.54,0.18,-0.8,0.17,305178,8926,T
225,0,-0.05,-0.02,85.88,-77.88,15.44,-8.73,0.51,4.4,0.54,0.18,-0.8,0.17,305217,8965,T
226,0,-0.05,-0.02,85.88,-77.88,15.44,-8.66,0.47,4.47,0.54,0.18,-0.8,0.17,305259,9007,T
227,0,-0.05,-0.02,85.88,-77.88,15.44,-8.81,0.51,4.36,0.54,0.18,-0.8,0.17,305300,9048,T
228,0,-0.05,-0.02,85.88,-77.88,15.44,-8.73,0.51,4.43,0.54,0.18,-0.8,0.17,305340,9088,T
229,0,-0.05,-0.02,85.56,-78.25,13.44,-8.73,0.51,4.43,0.54,0.18,-0.8,0.17,305380,9128,T
230,0,-0.05,-0.02,85.56,-78.25,13.44,-8.73,0.47,4.4,0.54,0.18,-0.8,0.17,305421,9169,T
231,0,0.04,-0.02,85.56,-78.25,13.44,-8.73,0.47,4.4,0.54,0.18,-0.8,0.17,305463,9211,T
232,0,0.04,-0.02,85.56,-78.25,13.44,-8.7,0.44,4.32,0.54,0.18,-0.8,0.17,305503,9251,T
233,0,0.04,-0.02,85.56,-78.25,13.44,-8.93,0.47,4.13,0.54,0.18,-0.8,0.17,305545,9293,T
234,0,0.04,-0.02,85.56,-78.25,13.44,-8.43,0.4,4.59,0.54,0.18,-0.8,0.17,305583,9331,T
235,-0.03,0.01,0.06,85.56,-78.25,13.44,-8.43,0.4,4.59,0.54,0.18,-0.8,0.17,305624,9372,T
236,-0.03,0.01,0.06,85.56,-78.25,13.44,-8.93,0.59,4.17,0.54,0.18,-0.8,0.17,305666,9414,T
237,0.03,-0.04,0.01,85.56,-78.25,13.44,-8.93,0.59,4.17,0.54,0.18,-0.8,0.17,305705,9453,T
238,0.03,-0.04,0.01,85.56,-78.25,13.44,-8.66,0.59,4.55,0.54,0.18,-0.8,0.17,305745,9493,T
239,0.03,-0.04,0.01,85.56,-78.25,13.44,-8.73,0.59,4.47,0.54,0.18,-0.8,0.17,305784,9532,T
240,-0.01,-0.08,0.04,85.56,-78.25,13.44,-8.73,0.59,4.47,0.54,0.18,-0.8,0.17,305824,9572,T
241,-0.01,0.09,0,85.56,-78.25,13.44,-8.73,0.59,4.47,0.54,0.18,-0.8,0.17,305865,9613,T
242,-0.01,0.09,0,85.56,-78.25,13.44,-9.12,0.66,4.01,0.54,0.18,-0.8,0.17,305906,9654,T
243,-0.01,0.09,0,85.56,-78.25,13.44,-8.7,0.63,4.51,0.54,0.18,-0.8,0.17,305947,9695,T
244,-0.01,0.09,0,85.56,-78.25,13.44,-8.77,0.47,4.36,0.54,0.18,-0.8,0.17,305985,9733,T
245,0.02,-0.08,0.01,85.56,-78.25,13.44,-8.77,0.47,4.36,0.54,0.18,-0.8,0.17,306026,9774,T
246,0.02,-0.08,0.01,85.56,-78.25,13.44,-8.77,0.55,4.47,0.54,0.18,-0.8,0.17,306066,9814,T
247,0.02,-0.08,0.01,85.56,-78.25,13.44,-8.77,0.51,4.43,0.54,0.18,-0.8,0.17,306108,9856,T
248,0.02,-0.08,0.01,85.56,-78.25,13.44,-8.66,0.66,4.63,0.54,0.18,-0.8,0.17,306147,9895,T
249,0.02,-0.08,0.01,85.56,-78.25,13.44,-8.7,0.63,4.51,0.54,0.18,-0.8,0.17,306186,9934,T
250,0,-0.1,0.06,85.56,-78.25,13.44,-8.7,0.63,4.51,0.54,0.18,-0.8,0.17,306227,9975,T
251,-0.03,0.02,0.04,85.56,-78.25,13.44,-8.7,0.63,4.51,0.54,0.18,-0.8,0.17,306267,10015,T
252,-0.03,0.02,0.04,85.56,-78.25,13.44,-8.66,0.7,4.59,0.54,0.18,-0.8,0.17,306307,10055,T
253,-0.03,0.02,0.04,85.56,-78.25,13.44,-8.66,0.66,4.63,0.54,0.18,-0.8,0.17,306347,10095,T
254,-0.03,0.02,0.04,85.56,-78.25,13.44,-8.73,0.59,4.51,0.54,0.18,-0.8,0.17,306385,10133,T
255,-0.02,-0.02,0,85.56,-78.25,13.44,-8.73,0.59,4.51,0.54,0.18,-0.8,0.17,306426,10174,W
256,-0.02,0.04,0.02,85.56,-78.25,13.44,-8.73,0.59,4.51,0.54,0.18,-0.8,0.17,306467,10215,W
257,-0.02,0.04,0.02,85.56,-78.25,13.44,-8.62,0.63,4.59,0.54,0.18,-0.8,0.17,306507,10255,W
258,-0.02,0.04,0.02,85.56,-78.25,13.44,-8.7,0.7,4.51,0.54,0.18,-0.8,0.17,306547,10295,W
259,-0.02,0.04,0.02,85.56,-78.25,13.44,-8.7,0.7,4.55,0.54,0.18,-0.8,0.17,306586,10334,W
260,-0.01,0.03,0.03,85.56,-78.25,13.44,-8.7,0.7,4.55,0.54,0.18,-0.8,0.17,306626,10374,W
261,-0.01,0.03,0.03,85.56,-78.25,13.44,-8.73,0.7,4.47,0.54,0.18,-0.8,0.17,306667,10415,W
262,0,-0.03,0.06,85.56,-78.25,13.44,-8.73,0.7,4.47,0.54,0.18,-0.8,0.17,306707,10455,W
263,0,-0.03,0.06,85.56,-78.25,13.44,-8.62,0.78,4.63,0.54,0.18,-0.8,0.17,306748,10496,W
264,0,-0.03,0.06,85.56,-78.25,13.44,-8.66,0.78,4.55,0.54,0.18,-0.8,0.17,306787,10535,W
265,-0.01,0.02,0.02,85.56,-78.25,13.44,-8.66,0.78,4.55,0.54,0.18,-0.8,0.17,306828,10576,W
266,0.01,0,0.01,85.56,-78.25,13.44,-8.66,0.78,4.55,0.54,0.18,-0.8,0.17,306868,10616,W
267,0.01,0,0.01,85.56,-78.25,13.44,-8.7,0.82,4.55,0.54,0.18,-0.8,0.17,306907,10655,W
268,0.01,0,0.01,85.56,-78.25,13.44,-8.7,0.89,4.47,0.54,0.18,-0.8,0.17,306948,10696,W
269,0.01,0,0.01,85.56,-78.25,13.44,-8.58,0.78,4.66,0.54,0.18,-0.8,0.17,306985,10733,W
270,-0.01,0.06,-0.11,85.56,-78.25,13.44,-8.58,0.78,4.66,0.54,0.18,-0.8,0.17,307025,10773,W
271,-0.03,0.14,-0.12,85.56,-78.25,13.44,-8.58,0.78,4.66,0.54,0.18,-0.8,0.17,307066,10814,W
272,-0.03,0.14,-0.12,85.56,-78.25,13.44,-8.7,0.63,4.51,0.54,0.18,-0.8,0.17,307107,10855,W
273,-0.03,0.14,-0.12,85.56,-78.25,13.44,-8.81,0.55,4.32,0.54,0.18,-0.8,0.17,307148,10896,W
274,-0.03,0.14,-0.12,85.56,-78.25,13.44,-8.85,0.59,4.28,0.54,0.18,-0.8,0.17,307187,10935,W
275,-0.01,0.11,-0.04,85.56,-78.25,13.44,-8.85,0.59,4.28,0.54,0.18,-0.8,0.17,307228,10976,W
276,0,0.02,-0.02,85.56,-78.25,13.44,-8.85,0.59,4.28,0.54,0.18,-0.8,0.17,307268,11016,W
277,0.01,-0.02,0.02,85.56,-78.25,13.44,-8.85,0.59,4.28,0.54,0.18,-0.8,0.17,307308,11056,W
278,0.01,-0.02,0.02,85.56,-78.25,13.44,-8.85,0.51,4.24,0.54,0.18,-0.8,0.17,307348,11096,W
279,0.01,-0.02,0.02,85.56,-78.25,13.44,-8.85,0.63,4.28,0.54,0.18,-0.8,0.17,307387,11135,W
280,0.01,0.02,0.04,85.56,-78.25,13.44,-8.85,0.63,4.28,0.54,0.18,-0.8,0.17,307427,11175,W
281,0,0.02,0.03,85.56,-78.25,13.44,-8.85,0.63,4.28,0.54,0.18,-0.8,0.17,307467,11215,W
282,0,0.02,0.03,85.56,-78.25,13.44,-8.81,0.63,4.28,0.54,0.18,-0.8,0.17,307507,11255,W
283,0,0.02,0.03,85.56,-78.25,13.44,-8.85,0.63,4.21,0.54,0.18,-0.8,0.17,307547,11295,W
284,0,0.02,0.03,85.56,-78.25,13.44,-8.93,0.63,4.17,0.54,0.18,-0.8,0.17,307586,11334,W
285,-0.01,-0.09,0.1,85.56,-78.25,13.44,-8.93,0.63,4.17,0.54,0.18,-0.8,0.17,307625,11373,W
286,-0.01,-0.09,0.1,85.56,-78.25,13.44,-8.77,0.93,4.59,0.54,0.18,-0.8,0.17,307666,11414,W
287,-1.56,-0.45,0.61,85.56,-78.25,13.44,-8.77,0.93,4.59,0.54,0.18,-0.8,0.17,307707,11455,W
288,-1.56,-0.45,0.61,85.56,-78.25,13.44,-8.05,-0.98,3.21,0.54,0.18,-0.8,0.17,307748,11496,W
289,-1.56,-0.45,0.61,85.56,-78.25,13.44,-8.47,-0.14,4.36,0.54,0.18,-0.8,0.17,307787,11535,W
290,0.53,0.09,-0.16,85.56,-78.25,13.44,-8.47,-0.14,4.36,0.54,0.18,-0.8,0.17,307828,11576,W
291,0.28,-0.11,-0.16,85.56,-78.25,13.44,-8.47,-0.14,4.36,0.54,0.18,-0.8,0.17,307868,11616,W
292,0.28,-0.11,-0.16,85.56,-78.25,13.44,-8.93,0.78,4.43,0.54,0.18,-0.8,0.17,307909,11657,W
293,0.28,-0.11,-0.16,85.56,-78.25,13.44,-9.04,0.82,4.21,0.54,0.18,-0.8,0.17,307949,11697,W
294,0.28,-0.11,-0.16,85.56,-78.25,13.44,-8.89,0.63,4.4,0.54,0.18,-0.8,0.17,307990,11738,W
295,0.28,-0.11,-0.16,85,-80.06,12.63,-8.89,0.63,4.4,0.54,0.18,-0.8,0.17,308029,11777,W
296,0.01,-0.05,0.07,85,-80.06,12.63,-8.89,0.63,4.4,0.54,0.18,-0.8,0.17,308069,11817,W
297,0.01,-0.05,0.07,85,-80.06,12.63,-8.73,0.66,4.51,0.54,0.18,-0.8,0.17,308110,11858,W
298,0.01,-0.05,0.07,85,-80.06,12.63,-8.85,0.82,4.36,0.54,0.18,-0.8,0.17,308149,11897,W
299,0.01,-0.05,0.07,85,-80.06,12.63,-8.7,0.78,4.55,0.54,0.18,-0.8,0.17,308189,11937,W
300,0.01,-0.05,0.07,84.63,-79.38,13.06,-8.7,0.78,4.55,0.54,0.18,-0.8,0.17,308228,11976,W
301,-0.21,-0.01,0.28,84.63,-79.38,13.06,-8.7,0.78,4.55,0.54,0.18,-0.8,0.17,308268,12016,W
302,-0.29,-0.2,0.35,84.63,-79.38,13.06,-8.7,0.78,4.55,0.54,0.18,-0.8,0.17,308307,12055,W
303,-0.29,-0.2,0.35,84.63,-79.38,13.06,-8.47,1.28,4.66,0.54,0.18,-0.8,0.17,308347,12095,W
304,-0.29,-0.2,0.35,84.63,-79.38,13.06,-8.54,1.39,4.59,0.54,0.18,-0.8,0.17,308386,12134,W
305,-0.57,0.11,0.3,84.63,-79.38,13.06,-8.54,1.39,4.59,0.54,0.18,-0.8,0.17,308427,12175,W
306,-2.04,0.55,1.18,84.63,-79.38,13.06,-8.54,1.39,4.59,0.54,0.18,-0.8,0.17,308467,12215,W
307,-2.04,0.55,1.18,84.63,-79.38,13.06,-9.35,1.85,3.4,0.54,0.18,-0.8,0.17,308507,12255,W
308,-2.04,0.55,1.18,84.63,-79.38,13.06,-9.08,1.93,3.75,0.54,0.18,-0.8,0.17,308548,12296,W
309,-2.04,0.55,1.18,84.63,-79.38,13.06,-8.66,1.89,3.32,0.54,0.18,-0.8,0.17,308587,12335,W
310,-2.04,0.55,1.18,79,-85.81,1.94,-8.66,1.89,3.32,0.54,0.18,-0.8,0.17,308626,12374,W
311,-2.04,0.55,1.18,79,-85.81,1.94,-8.54,-0.94,5.01,0.54,0.18,-0.8,0.17,308666,12414,W
312,-1.55,0.25,0.78,79,-85.81,1.94,-8.54,-0.94,5.01,0.54,0.18,-0.8,0.17,308706,12454,W
313,-1.55,0.25,0.78,79,-85.81,1.94,-8.58,-0.18,4.7,0.54,0.18,-0.8,0.17,308746,12494,W
314,-1.55,0.25,0.78,79,-85.81,1.94,-8.39,0.21,4.89,0.54,0.18,-0.8,0.17,308785,12533,W
315,0.01,0.13,0.14,79,-85.81,1.94,-8.39,0.21,4.89,0.54,0.18,-0.8,0.17,308826,12574,W
316,0.13,-0.09,0.41,79,-85.81,1.94,-8.39,0.21,4.89,0.54,0.18,-0.8,0.17,308865,12613,W
317,0.13,-0.09,0.41,79,-85.81,1.94,-8.96,1.85,4.4,0.54,0.18,-0.8,0.17,308904,12652,W
318,0.13,-0.09,0.41,79,-85.81,1.94,-9.54,1.59,4.13,0.54,0.18,-0.8,0.17,308944,12692,W
319,0.13,-0.09,0.41,79,-85.81,1.94,-9.39,1.66,4.17,0.54,0.18,-0.8,0.17,308982,12730,W
320,-0.76,-0.4,1.26,79,-85.81,1.94,-9.39,1.66,4.17,0.54,0.18,-0.8,0.17,309022,12770,W
321,-1.21,0.31,0,79,-85.81,1.94,-9.39,1.66,4.17,0.54,0.18,-0.8,0.17,309062,12810,W
322,-1.21,0.31,0,79,-85.81,1.94,-9.16,-4.31,4.05,0.54,0.18,-0.8,0.17,309103,12851,W
323,-1.21,0.31,0,79,-85.81,1.94,-8.47,-2.74,4.86,0.54,0.18,-0.8,0.17,309144,12892,W
324,-1.21,0.31,0,79,-85.81,1.94,-8.93,-3.16,5.24,0.54,0.18,-0.8,0.17,309182,12930,W
325,-1.77,1.1,-0.89,79,-85.81,1.94,-8.93,-3.16,5.24,0.54,0.18,-0.8,0.17,309223,12971,W
326,-1.77,1.1,-0.89,79,-85.81,1.94,-10.3,-4.93,5.51,0.54,0.18,-0.8,0.17,309265,13013,W
327,-0.29,0.71,-2.18,79,-85.81,1.94,-10.3,-4.93,5.51,0.54,0.18,-0.8,0.17,309306,13054,W
328,-0.29,0.71,-2.18,79,-85.81,1.94,-8.51,0.47,5.59,0.54,0.18,-0.8,0.17,309347,13095,W
329,-0.29,0.71,-2.18,79,-85.81,1.94,-8.24,2.2,6.23,0.54,0.18,-0.8,0.17,309386,13134,W
330,-0.96,0.12,-0.81,79,-85.81,1.94,-8.24,2.2,6.23,0.54,0.18,-0.8,0.17,309426,13174,W
331,-0.88,-0.07,-0.1,79,-85.81,1.94,-8.24,2.2,6.23,0.54,0.18,-0.8,0.17,309466,13214,W
332,-0.88,-0.07,-0.1,79,-85.81,1.94,-7.2,3.31,4.13,0.54,0.18,-0.8,0.17,309506,13254,W
333,-0.88,-0.07,-0.1,79,-85.81,1.94,-4.71,5.19,2.37,0.54,0.18,-0.8,0.17,309547,13295,W
334,-0.88,-0.07,-0.1,79,-85.81,1.94,-13.83,-2.86,-0.7,0.54,0.18,-0.8,0.17,309586,13334,W
335,-0.88,-0.07,-0.1,85.81,-68.63,-24.31,-13.83,-2.86,-0.7,0.54,0.18,-0.8,0.17,309627,13375,W
336,-0.88,-0.07,-0.1,85.81,-68.63,-24.31,-10.42,1.39,6.54,0.54,0.18,-0.8,0.17,309672,13420,W
337,0.61,-0.9,0.29,85.81,-68.63,-24.31,-10.42,1.39,6.54,0.54,0.18,-0.8,0.17,309714,13462,W
338,0.61,-0.9,0.29,85.81,-68.63,-24.31,-8.43,0.09,5.32,0.54,0.18,-0.8,0.17,309755,13503,W
339,0.61,-0.9,0.29,85.81,-68.63,-24.31,-8.58,0.32,5.2,0.54,0.18,-0.8,0.17,309797,13545,W
340,0.61,-0.9,0.29,85.81,-68.63,-24.31,-8.77,0.55,4.93,0.54,0.18,-0.8,0.17,309836,13584,W
341,0.61,-0.9,0.29,78.63,-78.44,-27.44,-8.77,0.55,4.93,0.54,0.18,-0.8,0.17,309875,13623,W
342,0.61,-0.9,0.29,78.63,-78.44,-27.44,-8.85,0.59,4.51,0.54,0.18,-0.8,0.17,309916,13664,W
343,0.61,-0.9,0.29,78.63,-78.44,-27.44,-8.62,0.63,4.74,0.54,0.18,-0.8,0.17,309957,13705,W
344,0.61,-0.9,0.29,78.63,-78.44,-27.44,-8.77,0.78,4.51,0.54,0.18,-0.8,0.17,309998,13746,W
345,0.61,-0.9,0.29,78.63,-78.44,-27.44,-8.7,0.82,4.63,0.54,0.18,-0.8,0.17,310037,13785,W
346,0.61,-0.9,0.29,77.75,-81.06,-27.81,-8.7,0.82,4.63,0.54,0.18,-0.8,0.17,310077,13825,W
347,-0.05,-0.06,0.27,77.75,-81.06,-27.81,-8.7,0.82,4.63,0.54,0.18,-0.8,0.17,310118,13866,W
348,-0.05,-0.06,0.27,77.75,-81.06,-27.81,-8.62,1.05,4.66,0.54,0.18,-0.8,0.17,310158,13906,W
349,-0.05,-0.06,0.27,77.75,-81.06,-27.81,-8.58,1.05,4.66,0.54,0.18,-0.8,0.17,310199,13947,W
350,-0.05,-0.06,0.27,77.75,-81.06,-27.81,-8.62,1.05,4.66,0.54,0.18,-0.8,0.17,310240,13988,W
351,-0.05,-0.06,0.27,76.81,-84,-26.25,-8.62,1.05,4.66,0.54,0.18,-0.8,0.17,310280,14028,W
352,0.3,0.15,0.88,76.81,-84,-26.25,-8.62,1.05,4.66,0.54,0.18,-0.8,0.17,310321,14069,W
353,0.3,0.15,0.88,76.81,-84,-26.25,-8.89,1.63,4.63,0.54,0.18,-0.8,0.17,310363,14111,W
354,0.3,0.15,0.88,76.81,-84,-26.25,-10.19,1.97,4.74,0.54,0.18,-0.8,0.17,310402,14150,W
355,0.3,0.15,0.88,76.81,-84,-26.25,-12.22,0.93,5.16,0.54,0.18,-0.8,0.17,310443,14191,W
356,0.3,0.15,0.88,76.81,-84,-26.25,-13.29,2.81,6.31,0.54,0.18,-0.8,0.17,310482,14230,W
357,1.85,-0.95,5.1,76.81,-84,-26.25,-13.29,2.81,6.31,0.54,0.18,-0.8,0.17,310523,14271,W
358,-1.47,-0.93,-0.19,76.81,-84,-26.25,-13.29,2.81,6.31,0.54,0.18,-0.8,0.17,310564,14312,W
359,-1.47,-0.93,-0.19,76.81,-84,-26.25,-7.97,-3.05,1.22,0.54,0.18,-0.8,0.17,310606,14354,W
360,-0.24,0.81,-3.29,76.81,-84,-26.25,-7.97,-3.05,1.22,0.54,0.18,-0.8,0.17,310647,14395,W
361,-0.24,0.81,-3.29,76.81,-84,-26.25,-8.85,-1.21,0.64,0.54,0.18,-0.8,0.17,310689,14437,W
362,-0.24,0.81,-3.29,78.06,-93.88,-43.19,-8.85,-1.21,0.64,0.54,0.18,-0.8,0.17,310731,14479,W
363,-1.72,1.09,-3.33,78.06,-93.88,-43.19,-8.85,-1.21,0.64,0.54,0.18,-0.8,0.17,310773,14521,W
364,-1.18,1.43,-3.01,78.06,-93.88,-43.19,-8.85,-1.21,0.64,0.54,0.18,-0.8,0.17,310814,14562,W
365,-1.18,1.43,-3.01,78.06,-93.88,-43.19,-10.69,5.45,6.58,0.54,0.18,-0.8,0.17,310856,14604,W
366,-1.08,0.57,-2.32,78.06,-93.88,-43.19,-10.69,5.45,6.58,0.54,0.18,-0.8,0.17,310897,14645,W
367,-1.08,0.57,-2.32,78.06,-93.88,-43.19,-8.24,6.64,4.89,0.54,0.18,-0.8,0.17,310939,14687,W
368,-1.08,0.57,-2.32,88.5,-5.63,-30.5,-8.24,6.64,4.89,0.54,0.18,-0.8,0.17,310979,14727,W
369,-1.08,0.57,-2.32,88.5,-5.63,-30.5,-7.47,7.6,4.97,0.54,0.18,-0.8,0.17,311021,14769,W
370,1.79,-0.57,1.69,88.5,-5.63,-30.5,-7.47,7.6,4.97,0.54,0.18,-0.8,0.17,311062,14810,W
371,1.79,-0.57,1.69,88.5,-5.63,-30.5,-10.42,-2.09,4.43,0.54,0.18,-0.8,0.17,311102,14850,W
372,1.79,-0.57,1.69,88.5,-5.63,-30.5,-9.92,0.4,7.31,0.54,0.18,-0.8,0.17,311145,14893,W
373,1.79,-0.57,1.69,88.5,-5.63,-30.5,-11.23,1.2,3.59,0.54,0.18,-0.8,0.17,311184,14932,W
374,0.53,-1.08,0.23,88.5,-5.63,-30.5,-11.23,1.2,3.59,0.54,0.18,-0.8,0.17,311225,14973,W
375,0.53,-1.08,0.23,88.5,-5.63,-30.5,-8.7,0.25,5.36,0.54,0.18,-0.8,0.17,311266,15014,W
376,0.17,0.05,0.22,88.5,-5.63,-30.5,-8.7,0.25,5.36,0.54,0.18,-0.8,0.17,311306,15054,W
377,0.17,0.05,0.22,88.5,-5.63,-30.5,-8.77,0.36,4.55,0.54,0.18,-0.8,0.17,311345,15093,W
378,0.17,0.05,0.22,88.5,-5.63,-30.5,-8.12,0.25,5.43,0.54,0.18,-0.8,0.17,311383,15131,W
379,0.08,0.22,0.34,88.5,-5.63,-30.5,-8.12,0.25,5.43,0.54,0.18,-0.8,0.17,311424,15172,W
380,-0.01,0.11,0.37,88.5,-5.63,-30.5,-8.12,0.25,5.43,0.54,0.18,-0.8,0.17,311463,15211,W
381,-0.01,0.11,0.37,88.5,-5.63,-30.5,-9,0.82,4.17,0.54,0.18,-0.8,0.17,311504,15252,W
382,-0.01,0.11,0.37,88.5,-5.63,-30.5,-8.77,0.89,4.51,0.54,0.18,-0.8,0.17,311545,15293,W
383,-0.01,0.11,0.37,88.5,-5.63,-30.5,-8.62,1.13,4.66,0.54,0.18,-0.8,0.17,311584,15332,W
384,0.03,0.11,0.24,88.5,-5.63,-30.5,-8.62,1.13,4.66,0.54,0.18,-0.8,0.17,311624,15372,W
385,0,0.09,0.36,88.5,-5.63,-30.5,-8.62,1.13,4.66,0.54,0.18,-0.8,0.17,311664,15412,W
386,0,0.09,0.36,88.5,-5.63,-30.5,-8.85,1.2,4.36,0.54,0.18,-0.8,0.17,311705,15453,W
387,0,0.09,0.36,88.5,-5.63,-30.5,-8.93,1.28,4.36,0.54,0.18,-0.8,0.17,311744,15492,W
388,0,0.09,0.36,88.5,-5.63,-30.5,-9.08,1.47,4.32,0.54,0.18,-0.8,0.17,311783,15531,W
389,0.42,-0.05,1.32,88.5,-5.63,-30.5,-9.08,1.47,4.32,0.54,0.18,-0.8,0.17,311823,15571,W
390,0.42,-0.05,1.32,88.5,-5.63,-30.5,-10.42,1.93,4.24,0.54,0.18,-0.8,0.17,311865,15613,W
391,1.06,-0.53,4.49,88.5,-5.63,-30.5,-10.42,1.93,4.24,0.54,0.18,-0.8,0.17,311905,15653,W
392,1.06,-0.53,4.49,88.5,-5.63,-30.5,-17.01,4.38,5.28,0.54,0.18,-0.8,0.17,311946,15694,W
393,1.06,-0.53,4.49,88.5,-5.63,-30.5,-15.79,-5.73,3.25,0.54,0.18,-0.8,0.17,311985,15733,W
394,0.13,-0.19,-0.45,88.5,-5.63,-30.5,-15.79,-5.73,3.25,0.54,0.18,-0.8,0.17,312026,15774,W
395,0.29,0.19,-2.03,88.5,-5.63,-30.5,-15.79,-5.73,3.25,0.54,0.18,-0.8,0.17,312067,15815,W
396,0.29,0.19,-2.03,88.5,-5.63,-30.5,-7.24,1.85,4.24,0.54,0.18,-0.8,0.17,312108,15856,W
397,0.29,0.19,-2.03,88.5,-5.63,-30.5,-7.32,3.54,4.43,0.54,0.18,-0.8,0.17,312147,15895,W
398,0.29,0.19,-2.03,88.5,-5.63,-30.5,-8.58,4.54,2.63,0.54,0.18,-0.8,0.17,312186,15934,W
399,0.29,0.19,-2.03,81.31,-15.38,-23.31,-8.58,4.54,2.63,0.54,0.18,-0.8,0.17,312224,15972,W
400,0.29,0.19,-2.03,81.31,-15.38,-23.31,-9.92,6.8,4.59,0.54,0.18,-0.8,0.17,312266,16014,W
401,-1.28,0.98,-2.18,81.31,-15.38,-23.31,-9.92,6.8,4.59,0.54,0.18,-0.8,0.17,312306,16054,W
402,-1.28,0.98,-2.18,81.31,-15.38,-23.31,-10.08,5.03,4.89,0.54,0.18,-0.8,0.17,312346,16094,W
403,-1.28,0.98,-2.18,81.31,-15.38,-23.31,-9.35,5.19,5.81,0.54,0.18,-0.8,0.17,312388,16136,W
404,-1.28,0.98,-2.18,57.31,-4.31,-2.75,-9.35,5.19,5.81,0.54,0.18,-0.8,0.17,312429,16177,W
405,-0.88,0.13,-0.98,57.31,-4.31,-2.75,-9.35,5.19,5.81,0.54,0.18,-0.8,0.17,312469,16217,W
406,-0.88,0.13,-0.98,57.31,-4.31,-2.75,-6.86,8.82,6.2,0.54,0.18,-0.8,0.17,312509,16257,W
407,-0.88,0.13,-0.98,57.31,-4.31,-2.75,-4.52,1.32,7.8,0.54,0.18,-0.8,0.17,312549,16297,W
408,-0.88,0.13,-0.98,57.31,-4.31,-2.75,-11.84,4.07,9.84,0.54,0.18,-0.8,0.17,312590,16338,W
409,-0.88,0.13,-0.98,57.31,-4.31,-2.75,-12.41,1.85,2.9,0.54,0.18,-0.8,0.17,312629,16377,W
410,0.52,-0.99,0.16,57.31,-4.31,-2.75,-12.41,1.85,2.9,0.54,0.18,-0.8,0.17,312671,16419,W
411,0.3,-0.32,0.09,57.31,-4.31,-2.75,-12.41,1.85,2.9,0.54,0.18,-0.8,0.17,312711,16459,W
412,0.3,-0.32,0.09,57.31,-4.31,-2.75,-8.96,0.36,4.51,0.54,0.18,-0.8,0.17,312752,16500,W
413,0.3,-0.32,0.09,57.31,-4.31,-2.75,-8.73,0.44,4.55,0.54,0.18,-0.8,0.17,312792,16540,W
414,0.3,-0.32,0.09,57.31,-4.31,-2.75,-8.7,0.44,4.63,0.54,0.18,-0.8,0.17,312829,16577,W
415,0.03,0.05,0.17,57.31,-4.31,-2.75,-8.7,0.44,4.63,0.54,0.18,-0.8,0.17,312869,16617,W
416,0.04,0.04,0.18,57.31,-4.31,-2.75,-8.7,0.44,4.63,0.54,0.18,-0.8,0.17,312907,16655,W
417,0.04,0.04,0.18,57.31,-4.31,-2.75,-8.85,0.59,4.36,0.54,0.18,-0.8,0.17,312946,16694,W
418,0.04,0.04,0.18,57.31,-4.31,-2.75,-8.81,0.63,4.32,0.54,0.18,-0.8,0.17,312985,16733,W
419,0.04,0.04,0.18,58.94,-7.88,7.94,-8.81,0.63,4.32,0.54,0.18,-0.8,0.17,313023,16771,W
420,0.01,0.11,0.38,58.94,-7.88,7.94,-8.81,0.63,4.32,0.54,0.18,-0.8,0.17,313062,16810,W
421,0.01,0.11,0.38,58.94,-7.88,7.94,-8.89,1.09,4.21,0.54,0.18,-0.8,0.17,313101,16849,W
422,0.01,0.11,0.38,58.94,-7.88,7.94,-9.08,1.28,4.01,0.54,0.18,-0.8,0.17,313141,16889,W
423,0.01,0.11,0.38,58.94,-7.88,7.94,-8.77,1.28,4.43,0.54,0.18,-0.8,0.17,313178,16926,W
424,0.26,0.06,0.89,58.94,-7.88,7.94,-8.77,1.28,4.43,0.54,0.18,-0.8,0.17,313216,16964,W
425,0.26,0.06,0.89,58.94,-7.88,7.94,-8.85,1.89,4.24,0.54,0.18,-0.8,0.17,313254,17002,W
426,0.26,0.06,0.89,58.94,-7.88,7.94,-9.43,1.93,4.01,0.54,0.18,-0.8,0.17,313293,17041,W
427,0.26,0.06,0.89,58.94,-7.88,7.94,-10.69,2.24,4.43,0.54,0.18,-0.8,0.17,313330,17078,W
428,1.98,-0.38,4.48,58.94,-7.88,7.94,-10.69,2.24,4.43,0.54,0.18,-0.8,0.17,313370,17118,W
429,1.8,-0.24,5.09,58.94,-7.88,7.94,-10.69,2.24,4.43,0.54,0.18,-0.8,0.17,313410,17158,W
430,1.8,-0.24,5.09,58.94,-7.88,7.94,-13.37,-4.54,2.14,0.54,0.18,-0.8,0.17,313450,17198,W
431,1.8,-0.24,5.09,58.94,-7.88,7.94,-15.25,-1.82,1.18,0.54,0.18,-0.8,0.17,313492,17240,W
432,1.8,-0.24,5.09,58.94,-7.88,7.94,-5.71,-1.52,-0.32,0.54,0.18,-0.8,0.17,313530,17278,W
433,-0.79,0.24,-2.75,58.94,-7.88,7.94,-5.71,-1.52,-0.32,0.54,0.18,-0.8,0.17,313570,17318,W
434,-0.79,0.24,-2.75,58.94,-7.88,7.94,-7.59,1.66,2.94,0.54,0.18,-0.8,0.17,313612,17360,W
435,-0.97,0.98,-3.58,58.94,-7.88,7.94,-7.59,1.66,2.94,0.54,0.18,-0.8,0.17,313652,17400,W
436,-0.97,0.98,-3.58,58.94,-7.88,7.94,-10.34,5.34,4.51,0.54,0.18,-0.8,0.17,313692,17440,W
437,-0.97,0.98,-3.58,58.94,-7.88,7.94,-10.42,6.18,5.47,0.54,0.18,-0.8,0.17,313731,17479,W
438,-0.97,0.98,-3.58,58.94,-7.88,7.94,-11.27,6.64,6.23,0.54,0.18,-0.8,0.17,313772,17520,W
439,-0.73,0.71,-2.64,58.94,-7.88,7.94,-11.27,6.64,6.23,0.54,0.18,-0.8,0.17,313812,17560,W
440,-0.73,0.71,-2.64,58.94,-7.88,7.94,-8.89,8.02,4.93,0.54,0.18,-0.8,0.17,313852,17600,W
441,-0.73,0.71,-2.64,58.94,-7.88,7.94,-7.39,9.48,5.01,0.54,0.18,-0.8,0.17,313892,17640,W
442,-0.73,0.71,-2.64,58.94,-7.88,7.94,-3.26,9.67,6.35,0.54,0.18,-0.8,0.17,313931,17679,W
443,0.41,-0.07,2.04,58.94,-7.88,7.94,-3.26,9.67,6.35,0.54,0.18,-0.8,0.17,313970,17718,W
444,0.41,-0.07,2.04,58.94,-7.88,7.94,-11.95,2.08,5.24,0.54,0.18,-0.8,0.17,314010,17758,W
445,0.72,-1.13,0.3,58.94,-7.88,7.94,-11.95,2.08,5.24,0.54,0.18,-0.8,0.17,314049,17797,W
446,0.72,-1.13,0.3,58.94,-7.88,7.94,-8.66,0.32,5.36,0.54,0.18,-0.8,0.17,314089,17837,W
447,0.72,-1.13,0.3,58.94,-7.88,7.94,-8.81,0.51,5.32,0.54,0.18,-0.8,0.17,314126,17874,W
448,0.06,-0.01,0.13,58.94,-7.88,7.94,-8.81,0.51,5.32,0.54,0.18,-0.8,0.17,314164,17912,W
449,0.06,-0.01,0.13,58.94,-7.88,7.94,-9,0.28,4.36,0.54,0.18,-0.8,0.17,314204,17952,W
450,0.05,0.08,0.21,58.94,-7.88,7.94,-9,0.28,4.36,0.54,0.18,-0.8,0.17,314243,17991,W
451,0.05,0.08,0.21,58.94,-7.88,7.94,-8.93,0.51,4.32,0.54,0.18,-0.8,0.17,314279,18027,W
452,0.04,-0.01,0.21,58.94,-7.88,7.94,-8.93,0.51,4.32,0.54,0.18,-0.8,0.17,314318,18066,T
453,0.04,-0.01,0.21,58.94,-7.88,7.94,-8.81,0.66,4.47,0.54,0.18,-0.8,0.17,314358,18106,T
454,-0.01,0.01,0.22,58.94,-7.88,7.94,-8.81,0.66,4.47,0.54,0.18,-0.8,0.17,314396,18144,T
455,-0.01,0.01,0.22,58.94,-7.88,7.94,-8.73,0.78,4.51,0.54,0.18,-0.8,0.17,314435,18183,T
456,-0.01,0.01,0.22,58.94,-7.88,7.94,-8.73,0.86,4.51,0.54,0.18,-0.8,0.17,314473,18221,T
457,-0.07,-0.02,0.21,58.94,-7.88,7.94,-8.73,0.86,4.51,0.54,0.18,-0.8,0.17,314512,18260,T
458,-0.07,-0.02,0.21,58.94,-7.88,7.94,-8.77,0.89,4.43,0.54,0.18,-0.8,0.17,314553,18301,T
459,-0.07,-0.02,0.21,58.94,-7.88,7.94,-8.73,0.93,4.59,0.54,0.18,-0.8,0.17,314593,18341,T
460,-0.07,-0.02,0.21,58.94,-7.88,7.94,-8.89,0.89,4.43,0.54,0.18,-0.8,0.17,314631,18379,T
461,0.12,-0.01,0.64,58.94,-7.88,7.94,-8.89,0.89,4.43,0.54,0.18,-0.8,0.17,314670,18418,T
462,0.12,-0.01,0.64,58.94,-7.88,7.94,-8.73,1.13,4.78,0.54,0.18,-0.8,0.17,314711,18459,T
463,0.73,-0.26,2.22,58.94,-7.88,7.94,-8.73,1.13,4.78,0.54,0.18,-0.8,0.17,314749,18497,T
464,0.73,-0.26,2.22,58.94,-7.88,7.94,-12.07,0.86,4.63,0.54,0.18,-0.8,0.17,314789,18537,T
465,0.73,-0.26,2.22,58.94,-7.88,7.94,-12.49,1.36,7.5,0.54,0.18,-0.8,0.17,314827,18575,T
466,1.8,-1.53,4.02,58.94,-7.88,7.94,-12.49,1.36,7.5,0.54,0.18,-0.8,0.17,314867,18615,T
467,-0.39,-2.24,-0.67,58.94,-7.88,7.94,-12.49,1.36,7.5,0.54,0.18,-0.8,0.17,314906,18654,T
468,-0.39,-2.24,-0.67,58.94,-7.88,7.94,-5.79,-2.86,0.91,0.54,0.18,-0.8,0.17,314946,18694,T
469,-0.39,-2.24,-0.67,58.94,-7.88,7.94,-6.86,-2.63,-0.32,0.54,0.18,-0.8,0.17,314985,18733,T
470,-0.39,-2.24,-0.67,60.63,-40.94,31.94,-6.86,-2.63,-0.32,0.54,0.18,-0.8,0.17,315025,18773,T
471,1.08,0.05,-4.14,60.63,-40.94,31.94,-6.86,-2.63,-0.32,0.54,0.18,-0.8,0.17,315068,18816,T
472,1.08,0.05,-4.14,60.63,-40.94,31.94,-12.26,5.3,1.95,0.54,0.18,-0.8,0.17,315110,18858,T
473,1.08,0.05,-4.14,60.63,-40.94,31.94,-12.03,7.06,0.57,0.54,0.18,-0.8,0.17,315152,18900,T
474,1.08,0.05,-4.14,60.63,-40.94,31.94,-13.07,10.2,0.07,0.54,0.18,-0.8,0.17,315193,18941,T
475,1.08,0.05,-4.14,60.63,-40.94,31.94,-11.07,10.17,-0.77,0.54,0.18,-0.8,0.17,315233,18981,T
476,2.66,0.18,-2.6,60.63,-40.94,31.94,-11.07,10.17,-0.77,0.54,0.18,-0.8,0.17,315275,19023,T
477,1.44,0.69,-1.81,60.63,-40.94,31.94,-11.07,10.17,-0.77,0.54,0.18,-0.8,0.17,315316,19064,T
478,1.44,0.69,-1.81,60.63,-40.94,31.94,-9.96,17.18,8.11,0.54,0.18,-0.8,0.17,315357,19105,T
479,1.44,0.69,-1.81,60.63,-40.94,31.94,-8.66,1.24,11.83,0.54,0.18,-0.8,0.17,315400,19148,T
480,1.44,0.69,-1.81,60.63,-40.94,31.94,-9.7,0.25,3.09,0.54,0.18,-0.8,0.17,315441,19189,T
481,1.44,0.69,-1.81,60.63,-40.94,31.94,-8.96,0.21,4.55,0.54,0.18,-0.8,0.17,315479,19227,T
482,0.03,0,0.13,60.63,-40.94,31.94,-8.96,0.21,4.55,0.54,0.18,-0.8,0.17,315521,19269,T
483,-0.02,-0.11,0.18,60.63,-40.94,31.94,-8.96,0.21,4.55,0.54,0.18,-0.8,0.17,315560,19308,T
484,-0.02,-0.11,0.18,60.63,-40.94,31.94,-8.89,0.55,4.32,0.54,0.18,-0.8,0.17,315601,19349,T
485,-0.02,-0.11,0.18,60.63,-40.94,31.94,-8.62,0.51,4.7,0.54,0.18,-0.8,0.17,315642,19390,T
486,-0.02,-0.11,0.18,60.63,-40.94,31.94,-8.96,0.47,4.28,0.54,0.18,-0.8,0.17,315681,19429,T
487,0.03,-0.1,0,60.63,-40.94,31.94,-8.96,0.47,4.28,0.54,0.18,-0.8,0.17,315722,19470,T
488,0.02,0.01,-0.02,60.63,-40.94,31.94,-8.96,0.47,4.28,0.54,0.18,-0.8,0.17,315762,19510,T
489,0.02,0.01,-0.02,60.63,-40.94,31.94,-8.77,0.4,4.47,0.54,0.18,-0.8,0.17,315803,19551,T
490,0.02,0.01,-0.02,60.63,-40.94,31.94,-8.81,0.47,4.32,0.54,0.18,-0.8,0.17,315842,19590,T
491,0.02,0.01,-0.02,60.63,-40.94,31.94,-8.77,0.44,4.36,0.54,0.18,-0.8,0.17,315881,19629,T
492,-0.01,-0.02,0.01,60.63,-40.94,31.94,-8.77,0.44,4.36,0.54,0.18,-0.8,0.17,315922,19670,T
493,-0.01,-0.02,0.01,60.63,-40.94,31.94,-8.66,0.51,4.59,0.54,0.18,-0.8,0.17,315963,19711,T
494,0.01,-0.01,0.03,60.63,-40.94,31.94,-8.66,0.51,4.59,0.54,0.18,-0.8,0.17,316003,19751,T
495,0.01,-0.01,0.03,60.63,-40.94,31.94,-8.66,0.51,4.51,0.54,0.18,-0.8,0.17,316044,19792,T
496,0.01,-0.01,0.03,60.63,-40.94,31.94,-8.85,0.47,4.28,0.54,0.18,-0.8,0.17,316083,19831,T
497,-0.01,-0.02,0.04,60.63,-40.94,31.94,-8.85,0.47,4.28,0.54,0.18,-0.8,0.17,316122,19870,T
498,-0.04,-0.01,0.1,60.63,-40.94,31.94,-8.85,0.47,4.28,0.54,0.18,-0.8,0.17,316163,19911,T
499,-0.04,-0.01,0.1,60.63,-40.94,31.94,-8.7,0.63,4.43,0.54,0.18,-0.8,0.17,316204,19952,T
500,-0.04,-0.01,0.1,60.63,-40.94,31.94,-8.81,0.66,4.32,0.54,0.18,-0.8,0.17,316244,19992,T
501,-0.04,-0.01,0.1,60.63,-40.94,31.94,-8.7,0.63,4.47,0.54,0.18,-0.8,0.17,316284,20032,T
502,-0.04,-0.01,0.1,8.38,-48.31,52.25,-8.7,0.63,4.47,0.54,0.18,-0.8,0.17,316323,20071,T
503,-0.04,-0.01,0.1,8.38,-48.31,52.25,-8.73,0.63,4.43,0.54,0.18,-0.8,0.17,316363,20111,T
504,0,-0.04,0.02,8.38,-48.31,52.25,-8.73,0.63,4.43,0.54,0.18,-0.8,0.17,316403,20151,T
505,0,-0.04,0.02,8.38,-48.31,52.25,-8.66,0.74,4.55,0.54,0.18,-0.8,0.17,316443,20191,T
506,0,-0.04,0.02,8.38,-48.31,52.25,-8.73,0.74,4.4,0.54,0.18,-0.8,0.17,316482,20230,T
507,0,0.01,-0.04,8.38,-48.31,52.25,-8.73,0.74,4.4,0.54,0.18,-0.8,0.17,316522,20270,T
508,0.02,0.05,-0.07,8.38,-48.31,52.25,-8.73,0.74,4.4,0.54,0.18,-0.8,0.17,316562,20310,T
509,0.02,0.05,-0.07,8.38,-48.31,52.25,-8.62,0.63,4.55,0.54,0.18,-0.8,0.17,316602,20350,T
510,0.02,0.05,-0.07,8.38,-48.31,52.25,-8.66,0.63,4.47,0.54,0.18,-0.8,0.17,316642,20390,T
511,0.02,0.05,-0.07,8.38,-48.31,52.25,-8.81,0.51,4.21,0.54,0.18,-0.8,0.17,316680,20428,T
512,0.03,-0.12,-0.02,8.38,-48.31,52.25,-8.81,0.51,4.21,0.54,0.18,-0.8,0.17,316720,20468,T
513,0.03,-0.1,0.04,8.38,-48.31,52.25,-8.81,0.51,4.21,0.54,0.18,-0.8,0.17,316761,20509,T
514,0.03,-0.1,0.04,8.38,-48.31,52.25,-8.58,0.66,4.63,0.54,0.18,-0.8,0.17,316802,20550,T
515,0.03,-0.1,0.04,8.38,-48.31,52.25,-8.66,0.78,4.51,0.54,0.18,-0.8,0.17,316841,20589,T
516,0.03,-0.1,0.04,8.38,-48.31,52.25,-8.62,0.7,4.63,0.54,0.18,-0.8,0.17,316879,20627,T
517,-0.01,0.03,0.09,8.38,-48.31,52.25,-8.62,0.7,4.63,0.54,0.18,-0.8,0.17,316919,20667,T
518,-0.01,0.03,0.09,8.38,-48.31,52.25,-8.81,0.82,4.4,0.54,0.18,-0.8,0.17,316960,20708,T
519,-0.02,0.04,0.07,8.38,-48.31,52.25,-8.81,0.82,4.4,0.54,0.18,-0.8,0.17,316999,20747,T
520,-0.02,0.04,0.07,8.38,-48.31,52.25,-8.81,0.74,4.36,0.54,0.18,-0.8,0.17,317039,20787,T
521,-0.02,0.04,0.07,8.38,-48.31,52.25,-8.7,0.86,4.51,0.54,0.18,-0.8,0.17,317077,20825,T
522,-0.02,0.04,0.07,8.38,-48.31,52.25,-8.7,0.97,4.55,0.54,0.18,-0.8,0.17,317118,20866,T
523,0.03,-0.03,0.08,8.38,-48.31,52.25,-8.7,0.97,4.55,0.54,0.18,-0.8,0.17,317158,20906,T
524,0.03,-0.03,0.08,8.38,-48.31,52.25,-8.51,1.24,4.63,0.54,0.18,-0.8,0.17,317198,20946,T
525,0.03,-0.03,0.08,8.38,-48.31,52.25,-8.73,1.09,4.36,0.54,0.18,-0.8,0.17,317239,20987,T
526,0.03,-0.03,0.08,8.38,-48.31,52.25,-8.54,1.05,4.63,0.54,0.18,-0.8,0.17,317277,21025,T
527,-0.02,0.01,-0.07,8.38,-48.31,52.25,-8.54,1.05,4.63,0.54,0.18,-0.8,0.17,317317,21065,T
528,-0.02,0.01,-0.07,8.38,-48.31,52.25,-8.58,0.89,4.59,0.54,0.18,-0.8,0.17,317399,21147,T
529,-0.02,0.01,-0.07,8.38,-48.31,52.25,-8.73,0.86,4.47,0.54,0.18,-0.8,0.17,317440,21188,T
530,-0.02,0.01,-0.07,8.38,-48.31,52.25,-8.54,0.89,4.63,0.54,0.18,-0.8,0.17,317477,21225,T
531,-0.01,0,-0.01,8.38,-48.31,52.25,-8.54,0.89,4.63,0.54,0.18,-0.8,0.17,317518,21266,T
532,-0.01,0,-0.01,8.38,-48.31,52.25,-8.66,0.93,4.47,0.54,0.18,-0.8,0.17,317559,21307,T
533,-0.01,0,-0.01,8.38,-48.31,52.25,-8.66,0.86,4.55,0.54,0.18,-0.8,0.17,317600,21348,T
534,-0.01,0,-0.01,8.38,-48.31,52.25,-8.66,0.86,4.55,0.54,0.18,-0.8,0.17,317640,21388,T
535,-0.01,0,-0.01,8.38,-48.31,52.25,-8.7,0.86,4.51,0.54,0.18,-0.8,0.17,317679,21427,T
536,0.01,0,-0.04,8.38,-48.31,52.25,-8.7,0.86,4.51,0.54,0.18,-0.8,0.17,317719,21467,T
537,0.02,-0.02,-0.04,8.38,-48.31,52.25,-8.7,0.86,4.51,0.54,0.18,-0.8,0.17,317759,21507,T
538,0.02,-0.02,-0.04,8.38,-48.31,52.25,-8.7,0.82,4.55,0.54,0.18,-0.8,0.17,317800,21548,T
539,0.02,-0.02,-0.04,8.38,-48.31,52.25,-8.66,0.82,4.55,0.54,0.18,-0.8,0.17,317841,21589,T
540,0.02,-0.02,-0.04,8.38,-48.31,52.25,-8.7,0.86,4.55,0.54,0.18,-0.8,0.17,317879,21627,T
541,0.01,0,-0.04,8.38,-48.31,52.25,-8.7,0.86,4.55,0.54,0.18,-0.8,0.17,317919,21667,T
542,0.01,0,-0.04,8.38,-48.31,52.25,-8.66,0.82,4.63,0.54,0.18,-0.8,0.17,317961,21709,T
543,0,-0.01,0,8.38,-48.31,52.25,-8.66,0.82,4.63,0.54,0.18,-0.8,0.17,318001,21749,T
544,0,-0.01,0,8.38,-48.31,52.25,-8.66,0.78,4.55,0.54,0.18,-0.8,0.17,318041,21789,T
545,0,-0.01,0,8.38,-48.31,52.25,-8.66,0.82,4.55,0.54,0.18,-0.8,0.17,318080,21828,T
546,-0.01,-0.01,0.01,8.38,-48.31,52.25,-8.66,0.82,4.55,0.54,0.18,-0.8,0.17,318120,21868,T
547,-0.01,-0.01,0.03,8.38,-48.31,52.25,-8.66,0.82,4.55,0.54,0.18,-0.8,0.17,318160,21908,T
548,-0.01,-0.01,0.03,8.38,-48.31,52.25,-8.7,0.82,4.51,0.54,0.18,-0.8,0.17,318200,21948,T
549,-0.01,-0.01,0.03,8.38,-48.31,52.25,-8.66,0.86,4.55,0.54,0.18,-0.8,0.17,318242,21990,T
550,-0.01,-0.01,0.03,8.38,-48.31,52.25,-8.66,0.93,4.59,0.54,0.18,-0.8,0.17,318280,22028,T
551,-0.01,-0.01,0.05,8.38,-48.31,52.25,-8.66,0.93,4.59,0.54,0.18,-0.8,0.17,318321,22069,T
552,-0.01,0,0.02,8.38,-48.31,52.25,-8.66,0.93,4.59,0.54,0.18,-0.8,0.17,318360,22108,T
553,-0.01,0,0.02,8.38,-48.31,52.25,-8.58,0.97,4.63,0.54,0.18,-0.8,0.17,318401,22149,T
554,-0.01,0,0.02,8.38,-48.31,52.25,-8.66,0.93,4.55,0.54,0.18,-0.8,0.17,318440,22188,T
555,-0.01,0,0.02,8.38,-48.31,52.25,-8.58,0.97,4.59,0.54,0.18,-0.8,0.17,318479,22227,T
556,-0.01,-0.01,0,8.38,-48.31,52.25,-8.58,0.97,4.59,0.54,0.18,-0.8,0.17,318518,22266,T
557,-0.01,-0.01,0,8.38,-48.31,52.25,-8.58,0.97,4.59,0.54,0.18,-0.8,0.17,318561,22309,T
558,-0.01,-0.04,0.01,8.38,-48.31,52.25,-8.58,0.97,4.59,0.54,0.18,-0.8,0.17,318601,22349,T
559,-0.01,-0.04,0.01,8.38,-48.31,52.25,-8.58,1.01,4.59,0.54,0.18,-0.8,0.17,318641,22389,T
560,-0.01,-0.04,0.01,8.38,-48.31,52.25,-8.58,0.97,4.63,0.54,0.18,-0.8,0.17,318680,22428,W
561,-0.02,0.01,-0.03,8.38,-48.31,52.25,-8.58,0.97,4.63,0.54,0.18,-0.8,0.17,318721,22469,W
562,-0.02,0.06,-0.04,8.38,-48.31,52.25,-8.58,0.97,4.63,0.54,0.18,-0.8,0.17,318760,22508,W
563,-0.02,0.06,-0.04,8.38,-48.31,52.25,-8.54,0.97,4.7,0.54,0.18,-0.8,0.17,318800,22548,W
564,-0.02,0.06,-0.04,8.38,-48.31,52.25,-8.7,0.86,4.47,0.54,0.18,-0.8,0.17,318841,22589,W
565,-0.02,0.06,-0.04,8.38,-48.31,52.25,-8.66,0.86,4.51,0.54,0.18,-0.8,0.17,318879,22627,W
566,-0.05,0.07,0.02,8.38,-48.31,52.25,-8.66,0.86,4.51,0.54,0.18,-0.8,0.17,318920,22668,W
567,-0.05,0.07,0.02,8.38,-48.31,52.25,-8.73,0.82,4.4,0.54,0.18,-0.8,0.17,318961,22709,W
568,-0.02,0,0.01,8.38,-48.31,52.25,-8.73,0.82,4.4,0.54,0.18,-0.8,0.17,319001,22749,W
569,-0.02,0,0.01,8.38,-48.31,52.25,-8.7,0.86,4.47,0.54,0.18,-0.8,0.17,319040,22788,W
570,-0.02,0,0.01,8.38,-48.31,52.25,-8.7,0.93,4.43,0.54,0.18,-0.8,0.17,319079,22827,W
571,0,0.02,-0.01,8.38,-48.31,52.25,-8.7,0.93,4.43,0.54,0.18,-0.8,0.17,319120,22868,W
572,0.01,0.03,-0.01,8.38,-48.31,52.25,-8.7,0.93,4.43,0.54,0.18,-0.8,0.17,319160,22908,W
573,0.01,0.03,-0.01,8.38,-48.31,52.25,-8.7,0.97,4.43,0.54,0.18,-0.8,0.17,319200,22948,W
574,0.01,0.03,-0.01,8.38,-48.31,52.25,-8.77,0.89,4.28,0.54,0.18,-0.8,0.17,319240,22988,W
575,0.01,0.03,-0.01,8.38,-48.31,52.25,-8.81,0.78,4.32,0.54,0.18,-0.8,0.17,319278,23026,W
576,0.04,0.05,-0.12,8.38,-48.31,52.25,-8.81,0.78,4.32,0.54,0.18,-0.8,0.17,319318,23066,W
577,0.02,0.04,-0.11,8.38,-48.31,52.25,-8.81,0.78,4.32,0.54,0.18,-0.8,0.17,319357,23105,W
578,0.02,0.04,-0.11,8.38,-48.31,52.25,-8.73,0.7,4.43,0.54,0.18,-0.8,0.17,319398,23146,W
579,0.02,0.04,-0.11,8.38,-48.31,52.25,-8.93,0.63,4.17,0.54,0.18,-0.8,0.17,319438,23186,W
580,0.02,0.04,-0.11,8.38,-48.31,52.25,-8.93,0.74,4.21,0.54,0.18,-0.8,0.17,319476,23224,W
581,-0.01,-0.03,0.03,8.38,-48.31,52.25,-8.93,0.74,4.21,0.54,0.18,-0.8,0.17,319516,23264,W
582,-0.01,-0.03,0.03,8.38,-48.31,52.25,-8.81,0.66,4.13,0.54,0.18,-0.8,0.17,319558,23306,W
583,0.9,-0.33,-0.21,8.38,-48.31,52.25,-8.81,0.66,4.13,0.54,0.18,-0.8,0.17,319598,23346,W
584,0.9,-0.33,-0.21,8.38,-48.31,52.25,-8.93,-0.48,5.05,0.54,0.18,-0.8,0.17,319638,23386,W
585,0.9,-0.33,-0.21,8.38,-48.31,52.25,-9.7,-0.71,4.59,0.54,0.18,-0.8,0.17,319677,23425,W
586,2.66,-0.7,-1.17,8.38,-48.31,52.25,-9.7,-0.71,4.59,0.54,0.18,-0.8,0.17,319718,23466,W
587,3.28,-0.07,-1.88,8.38,-48.31,52.25,-9.7,-0.71,4.59,0.54,0.18,-0.8,0.17,319759,23507,W
588,3.28,-0.07,-1.88,8.38,-48.31,52.25,-9.35,-0.33,1.98,0.54,0.18,-0.8,0.17,319800,23548,W
589,3.28,-0.07,-1.88,8.38,-48.31,52.25,-9.85,1.2,2.63,0.54,0.18,-0.8,0.17,319841,23589,W
590,3.28,-0.07,-1.88,8.38,-48.31,52.25,-7.74,4.77,4.43,0.54,0.18,-0.8,0.17,319880,23628,W
591,1.54,-0.16,-1.13,8.38,-48.31,52.25,-7.74,4.77,4.43,0.54,0.18,-0.8,0.17,319920,23668,W
592,1.54,-0.16,-1.13,8.38,-48.31,52.25,-10.42,4.96,5.39,0.54,0.18,-0.8,0.17,319960,23708,W
593,1.54,-0.16,-1.13,8.38,-48.31,52.25,-10.3,0.44,4.28,0.54,0.18,-0.8,0.17,320001,23749,W
594,1.54,-0.16,-1.13,8.38,-48.31,52.25,-9.7,0.59,3.52,0.54,0.18,-0.8,0.17,320041,23789,W
595,1.54,-0.16,-1.13,8.38,-48.31,52.25,-9.2,1.16,4.01,0.54,0.18,-0.8,0.17,320080,23828,W
596,0.02,-0.03,-0.01,8.38,-48.31,52.25,-9.2,1.16,4.01,0.54,0.18,-0.8,0.17,320120,23868,W
597,0.1,0.01,-0.07,8.38,-48.31,52.25,-9.2,1.16,4.01,0.54,0.18,-0.8,0.17,320160,23908,W
598,0.1,0.01,-0.07,8.38,-48.31,52.25,-8.73,0.82,4.51,0.54,0.18,-0.8,0.17,320200,23948,W
599,0.1,0.01,-0.07,8.38,-48.31,52.25,-8.93,0.78,4.24,0.54,0.18,-0.8,0.17,320240,23988,W
600,0.1,0.01,-0.07,8.38,-48.31,52.25,-8.96,0.7,4.32,0.54,0.18,-0.8,0.17,320278,24026,W
601,0.08,-0.01,-0.25,8.38,-48.31,52.25,-8.96,0.7,4.32,0.54,0.18,-0.8,0.17,320318,24066,W
602,0.05,-0.12,-0.1,8.38,-48.31,52.25,-8.96,0.7,4.32,0.54,0.18,-0.8,0.17,320358,24106,W
603,0.05,-0.12,-0.1,8.38,-48.31,52.25,-8.81,0.36,4.4,0.54,0.18,-0.8,0.17,320400,24148,W
604,0.05,-0.12,-0.1,8.38,-48.31,52.25,-8.81,0.4,4.43,0.54,0.18,-0.8,0.17,320440,24188,W
605,0.05,-0.12,-0.1,8.38,-48.31,52.25,-8.81,0.44,4.4,0.54,0.18,-0.8,0.17,320479,24227,W
606,0.02,-0.07,-0.02,8.38,-48.31,52.25,-8.81,0.44,4.4,0.54,0.18,-0.8,0.17,320519,24267,W
607,0.02,-0.07,-0.02,8.38,-48.31,52.25,-8.62,0.44,4.66,0.54,0.18,-0.8,0.17,320560,24308,W
608,-0.02,-0.02,0.05,8.38,-48.31,52.25,-8.62,0.44,4.66,0.54,0.18,-0.8,0.17,320600,24348,W
609,-0.02,-0.02,0.05,8.38,-48.31,52.25,-8.66,0.36,4.55,0.54,0.18,-0.8,0.17,320640,24388,W
610,-0.02,-0.02,0.05,8.38,-48.31,52.25,-8.77,0.44,4.47,0.54,0.18,-0.8,0.17,320678,24426,W
611,0,-0.06,0.03,8.38,-48.31,52.25,-8.77,0.44,4.47,0.54,0.18,-0.8,0.17,320719,24467,W
612,0,-0.02,0.01,8.38,-48.31,52.25,-8.77,0.44,4.47,0.54,0.18,-0.8,0.17,320758,24506,W
613,0,-0.02,0.01,8.38,-48.31,52.25,-8.62,0.47,4.66,0.54,0.18,-0.8,0.17,320799,24547,W
614,0,-0.02,0.01,8.38,-48.31,52.25,-8.58,0.47,4.74,0.54,0.18,-0.8,0.17,320840,24588,W
615,0,-0.02,0.01,8.38,-48.31,52.25,-8.62,0.47,4.7,0.54,0.18,-0.8,0.17,320879,24627,W
616,-0.04,0.09,0.02,8.38,-48.31,52.25,-8.62,0.47,4.7,0.54,0.18,-0.8,0.17,320919,24667,W
617,-0.04,0.09,0.02,8.38,-48.31,52.25,-8.81,0.47,4.36,0.54,0.18,-0.8,0.17,320959,24707,W
618,-0.04,0.09,0.02,8.38,-48.31,52.25,-8.62,0.47,4.59,0.54,0.18,-0.8,0.17,321000,24748,W
619,-0.04,0.09,0.02,8.38,-48.31,52.25,-8.7,0.4,4.47,0.54,0.18,-0.8,0.17,321039,24787,W
620,-0.04,0.09,0.02,8.38,-48.31,52.25,-8.73,0.4,4.47,0.54,0.18,-0.8,0.17,321077,24825,W
621,-0.01,0.07,0.1,8.38,-48.31,52.25,-8.73,0.4,4.47,0.54,0.18,-0.8,0.17,321118,24866,W
622,-0.09,-0.28,0.45,8.38,-48.31,52.25,-8.73,0.4,4.47,0.54,0.18,-0.8,0.17,321158,24906,W
623,-0.09,-0.28,0.45,8.38,-48.31,52.25,-17.93,-2.17,3.21,0.54,0.18,-0.8,0.17,321199,24947,W
624,-0.09,-0.28,0.45,8.38,-48.31,52.25,-8.7,-3.82,-1.77,0.54,0.18,-0.8,0.17,321240,24988,W
625,-0.09,-0.28,0.45,8.38,-48.31,52.25,-12.18,-4.28,-1,0.54,0.18,-0.8,0.17,321280,25028,W
626,1.86,0.36,-1.45,8.38,-48.31,52.25,-12.18,-4.28,-1,0.54,0.18,-0.8,0.17,321320,25068,W
627,1.06,0.3,-1.72,8.38,-48.31,52.25,-12.18,-4.28,-1,0.54,0.18,-0.8,0.17,321361,25109,W
628,1.06,0.3,-1.72,8.38,-48.31,52.25,-10.19,-1.55,1.52,0.54,0.18,-0.8,0.17,321403,25151,W
629,1.1,0.58,-1.5,8.38,-48.31,52.25,-10.19,-1.55,1.52,0.54,0.18,-0.8,0.17,321443,25191,W
630,1.1,0.58,-1.5,8.38,-48.31,52.25,-11,2.16,5.28,0.54,0.18,-0.8,0.17,321483,25231,W
631,1.1,0.58,-1.5,8.38,-48.31,52.25,-10.11,1.66,5.32,0.54,0.18,-0.8,0.17,321522,25270,W
632,-0.3,0.87,-1.18,8.38,-48.31,52.25,-10.11,1.66,5.32,0.54,0.18,-0.8,0.17,321562,25310,W
633,-0.51,1.02,-1.7,8.38,-48.31,52.25,-10.11,1.66,5.32,0.54,0.18,-0.8,0.17,321602,25350,W
634,-0.51,1.02,-1.7,8.38,-48.31,52.25,-7.74,1.2,3.94,0.54,0.18,-0.8,0.17,321642,25390,W
635,-0.51,1.02,-1.7,8.38,-48.31,52.25,-8.54,1.55,4.28,0.54,0.18,-0.8,0.17,321681,25429,W
636,-0.51,1.02,-1.7,23.69,-101.19,-1.5,-8.54,1.55,4.28,0.54,0.18,-0.8,0.17,321721,25469,W
637,-0.37,0.17,-0.36,23.69,-101.19,-1.5,-8.54,1.55,4.28,0.54,0.18,-0.8,0.17,321761,25509,W
638,-0.37,0.17,-0.36,23.69,-101.19,-1.5,-6.82,0.4,3.75,0.54,0.18,-0.8,0.17,321802,25550,W
639,-0.37,0.17,-0.36,23.69,-101.19,-1.5,-7.05,0.74,4.09,0.54,0.18,-0.8,0.17,321843,25591,W
640,-0.37,0.17,-0.36,23.69,-101.19,-1.5,-9.43,-4.43,-0.35,0.54,0.18,-0.8,0.17,321884,25632,W
641,-0.37,0.17,-0.36,23.69,-101.19,-1.5,-9.27,-1.86,2.79,0.54,0.18,-0.8,0.17,321925,25673,W
642,0.79,-0.81,1.96,23.69,-101.19,-1.5,-9.27,-1.86,2.79,0.54,0.18,-0.8,0.17,321968,25716,W
643,0.88,-1.12,0.78,23.69,-101.19,-1.5,-9.27,-1.86,2.79,0.54,0.18,-0.8,0.17,322009,25757,W
644,0.88,-1.12,0.78,23.69,-101.19,-1.5,-9.96,0.78,4.21,0.54,0.18,-0.8,0.17,322050,25798,W
645,0.88,-1.12,0.78,23.69,-101.19,-1.5,-7.66,0.25,6.62,0.54,0.18,-0.8,0.17,322091,25839,W
646,0.88,-1.12,0.78,23.69,-101.19,-1.5,-8.43,0.4,5.7,0.54,0.18,-0.8,0.17,322129,25877,W
647,0.13,0.08,0.2,23.69,-101.19,-1.5,-8.43,0.4,5.7,0.54,0.18,-0.8,0.17,322170,25918,W
648,0.04,0.27,0.23,23.69,-101.19,-1.5,-8.43,0.4,5.7,0.54,0.18,-0.8,0.17,322210,25958,W
649,0.04,0.27,0.23,23.69,-101.19,-1.5,-9,0.44,4.32,0.54,0.18,-0.8,0.17,322250,25998,W
650,0.04,0.27,0.23,23.69,-101.19,-1.5,-8.93,0.63,4.36,0.54,0.18,-0.8,0.17,322290,26038,W
651,0.04,0.27,0.23,23.69,-101.19,-1.5,-8.81,0.74,4.4,0.54,0.18,-0.8,0.17,322329,26077,W
652,-0.05,-0.08,0.28,23.69,-101.19,-1.5,-8.81,0.74,4.4,0.54,0.18,-0.8,0.17,322369,26117,W
653,-0.05,-0.08,0.28,23.69,-101.19,-1.5,-8.66,0.97,4.66,0.54,0.18,-0.8,0.17,322410,26158,W
654,-0.07,-0.08,0.23,23.69,-101.19,-1.5,-8.66,0.97,4.66,0.54,0.18,-0.8,0.17,322451,26199,W
655,-0.07,-0.08,0.23,23.69,-101.19,-1.5,-8.7,1.09,4.47,0.54,0.18,-0.8,0.17,322492,26240,W
656,-0.07,-0.08,0.23,23.69,-101.19,-1.5,-8.54,1.13,4.7,0.54,0.18,-0.8,0.17,322533,26281,W
657,-0.07,-0.08,0.23,5.31,-90,14.31,-8.54,1.13,4.7,0.54,0.18,-0.8,0.17,322573,26321,W
658,0.11,-0.13,0.72,5.31,-90,14.31,-8.54,1.13,4.7,0.54,0.18,-0.8,0.17,322612,26360,W
659,0.11,-0.13,0.72,5.31,-90,14.31,-9.23,1.01,4.86,0.54,0.18,-0.8,0.17,322653,26401,W
660,0.89,-0.51,2.49,5.31,-90,14.31,-9.23,1.01,4.86,0.54,0.18,-0.8,0.17,322692,26440,W
661,0.89,-0.51,2.49,5.31,-90,14.31,-12.91,1.63,6.31,0.54,0.18,-0.8,0.17,322729,26477,W
662,0.89,-0.51,2.49,-1.06,-73.81,19.44,-12.91,1.63,6.31,0.54,0.18,-0.8,0.17,322768,26516,W
663,0.89,-0.51,2.49,-1.06,-73.81,19.44,-20.15,3.96,6.62,0.54,0.18,-0.8,0.17,322810,26558,W
664,-0.73,0.37,-1.05,-1.06,-73.81,19.44,-20.15,3.96,6.62,0.54,0.18,-0.8,0.17,322850,26598,W
665,-0.73,0.37,-1.05,-1.06,-73.81,19.44,-6.21,-2.29,2.02,0.54,0.18,-0.8,0.17,322891,26639,W
666,-0.73,0.37,-1.05,-1.06,-73.81,19.44,-6.4,-1.94,1.41,0.54,0.18,-0.8,0.17,322931,26679,W
667,-0.73,0.37,-1.05,1.56,-78.5,28.63,-6.4,-1.94,1.41,0.54,0.18,-0.8,0.17,322971,26719,W
668,-1.3,0.98,-2.71,1.56,-78.5,28.63,-6.4,-1.94,1.41,0.54,0.18,-0.8,0.17,323011,26759,W
669,-1.3,0.98,-2.71,1.56,-78.5,28.63,-8.7,3.62,5.2,0.54,0.18,-0.8,0.17,323051,26799,W
670,-1.3,0.98,-2.71,1.56,-78.5,28.63,-9.31,5.42,5.97,0.54,0.18,-0.8,0.17,323092,26840,W
671,-1.3,0.98,-2.71,1.56,-78.5,28.63,-10.92,6.72,8.04,0.54,0.18,-0.8,0.17,323131,26879,W
672,-1.3,0.98,-2.71,67.94,-122.38,24.31,-10.92,6.72,8.04,0.54,0.18,-0.8,0.17,323170,26918,W
673,-0.85,0.91,-2.04,67.94,-122.38,24.31,-10.92,6.72,8.04,0.54,0.18,-0.8,0.17,323211,26959,W
674,-0.85,0.91,-2.04,67.94,-122.38,24.31,-9.7,5.84,5.93,0.54,0.18,-0.8,0.17,323254,27002,W
675,-0.85,0.91,-2.04,67.94,-122.38,24.31,-6.25,6.72,4.93,0.54,0.18,-0.8,0.17,323296,27044,W
676,-0.85,0.91,-2.04,67.94,-122.38,24.31,-6.17,7.14,4.93,0.54,0.18,-0.8,0.17,323337,27085,W
677,-0.85,0.91,-2.04,67.94,-122.38,24.31,-7.28,7.02,4.36,0.54,0.18,-0.8,0.17,323377,27125,W
678,0.39,-1.61,2.03,67.94,-122.38,24.31,-7.28,7.02,4.36,0.54,0.18,-0.8,0.17,323419,27167,W
679,0.79,-1.33,1.05,67.94,-122.38,24.31,-7.28,7.02,4.36,0.54,0.18,-0.8,0.17,323460,27208,W
680,0.79,-1.33,1.05,67.94,-122.38,24.31,-11.04,1.78,4.82,0.54,0.18,-0.8,0.17,323501,27249,W
681,0.79,-1.33,1.05,67.94,-122.38,24.31,-8.2,0.44,6.12,0.54,0.18,-0.8,0.17,323540,27288,W
682,0.79,-1.33,1.05,67.94,-122.38,24.31,-8.39,0.28,5.09,0.54,0.18,-0.8,0.17,323580,27328,W
683,0.79,-1.33,1.05,75.69,-123.56,25.06,-8.39,0.28,5.09,0.54,0.18,-0.8,0.17,323619,27367,W
684,0.79,-1.33,1.05,75.69,-123.56,25.06,-8.7,0.51,4.74,0.54,0.18,-0.8,0.17,323660,27408,W
685,0.03,0.03,0.3,75.69,-123.56,25.06,-8.7,0.51,4.74,0.54,0.18,-0.8,0.17,323700,27448,W
686,0.03,0.03,0.3,75.69,-123.56,25.06,-8.81,0.7,4.47,0.54,0.18,-0.8,0.17,323740,27488,W
687,0.03,0.03,0.3,75.69,-123.56,25.06,-8.62,0.74,4.78,0.54,0.18,-0.8,0.17,323780,27528,W
688,0.03,0.03,0.3,72.56,-123.81,26.69,-8.62,0.74,4.78,0.54,0.18,-0.8,0.17,323820,27568,W
689,0.08,0.05,0.3,72.56,-123.81,26.69,-8.62,0.74,4.78,0.54,0.18,-0.8,0.17,323860,27608,W
690,0.08,0.05,0.3,72.56,-123.81,26.69,-8.62,1.16,4.7,0.54,0.18,-0.8,0.17,323900,27648,W
691,0.08,0.05,0.3,72.56,-123.81,26.69,-8.89,1.24,4.32,0.54,0.18,-0.8,0.17,323940,27688,W
692,0.08,0.05,0.3,72.56,-123.81,26.69,-9.04,1.24,4.47,0.54,0.18,-0.8,0.17,323979,27727,W
693,0.08,0.05,0.3,68.25,-128.06,27.56,-9.04,1.24,4.47,0.54,0.18,-0.8,0.17,324019,27767,W
694,0.08,0.05,0.3,68.25,-128.06,27.56,-8.89,2.05,4.82,0.54,0.18,-0.8,0.17,324058,27806,W
695,0.08,0.05,0.3,68.25,-128.06,27.56,-9.2,2.27,4.51,0.54,0.18,-0.8,0.17,324099,27847,W
696,0.08,0.05,0.3,68.25,-128.06,27.56,-11.8,1.82,6.04,0.54,0.18,-0.8,0.17,324139,27887,W
697,0.08,0.05,0.3,68.25,-128.06,27.56,-16.74,2.43,7.42,0.54,0.18,-0.8,0.17,324177,27925,W
698,1.75,-1.04,5.68,68.25,-128.06,27.56,-16.74,2.43,7.42,0.54,0.18,-0.8,0.17,324218,27966,W
699,-0.68,-0.51,-0.77,68.25,-128.06,27.56,-16.74,2.43,7.42,0.54,0.18,-0.8,0.17,324259,28007,W
700,-0.68,-0.51,-0.77,68.25,-128.06,27.56,-5.29,-2.9,0.95,0.54,0.18,-0.8,0.17,324301,28049,W
701,-0.68,-0.51,-0.77,68.25,-128.06,27.56,-7.59,-1.9,0.53,0.54,0.18,-0.8,0.17,324343,28091,W
702,-0.68,-0.51,-0.77,68.25,-128.06,27.56,-5.79,4.23,4.51,0.54,0.18,-0.8,0.17,324385,28133,W
703,-0.68,-0.51,-0.77,68.25,-128.06,27.56,-8.89,5.26,5.93,0.54,0.18,-0.8,0.17,324425,28173,W
704,-1.37,0.74,-3.65,68.25,-128.06,27.56,-8.89,5.26,5.93,0.54,0.18,-0.8,0.17,324468,28216,W
705,-0.77,1.09,-3.26,68.25,-128.06,27.56,-8.89,5.26,5.93,0.54,0.18,-0.8,0.17,324509,28257,W
706,-0.77,1.09,-3.26,68.25,-128.06,27.56,-10.65,7.21,6.58,0.54,0.18,-0.8,0.17,324550,28298,W
707,-0.77,1.09,-3.26,68.25,-128.06,27.56,-10.38,8.4,7.19,0.54,0.18,-0.8,0.17,324591,28339,W
708,-0.77,1.09,-3.26,68.25,-128.06,27.56,-9.62,8.37,6.81,0.54,0.18,-0.8,0.17,324633,28381,W
709,-0.77,1.09,-3.26,144.44,-77.06,15.31,-9.62,8.37,6.81,0.54,0.18,-0.8,0.17,324673,28421,W
710,-0.79,0.35,-0.66,144.44,-77.06,15.31,-9.62,8.37,6.81,0.54,0.18,-0.8,0.17,324715,28463,W
711,-0.79,0.35,-0.66,144.44,-77.06,15.31,-6.71,7.25,5.97,0.54,0.18,-0.8,0.17,324757,28505,W
712,-0.79,0.35,-0.66,144.44,-77.06,15.31,-13.45,-3.66,-1.66,0.54,0.18,-0.8,0.17,324797,28545,W
713,-0.79,0.35,-0.66,144.44,-77.06,15.31,-13.56,4.19,7.73,0.54,0.18,-0.8,0.17,324840,28588,W
714,-0.79,0.35,-0.66,144.44,-77.06,15.31,-9.73,0.28,4.21,0.54,0.18,-0.8,0.17,324882,28630,W
715,-0.79,0.35,-0.66,148.06,-85.88,7,-9.73,0.28,4.21,0.54,0.18,-0.8,0.17,324922,28670,W
716,0.3,-0.54,0.23,148.06,-85.88,7,-9.73,0.28,4.21,0.54,0.18,-0.8,0.17,324963,28711,W
717,0.3,-0.54,0.23,148.06,-85.88,7,-8.89,0.32,4.63,0.54,0.18,-0.8,0.17,325005,28753,W
718,0.11,-0.07,0.21,148.06,-85.88,7,-8.89,0.32,4.63,0.54,0.18,-0.8,0.17,325045,28793,W
719,0.11,-0.07,0.21,148.06,-85.88,7,-8.77,0.51,4.59,0.54,0.18,-0.8,0.17,325086,28834,W
720,0.11,-0.07,0.21,148.06,-85.88,7,-8.85,0.55,4.47,0.54,0.18,-0.8,0.17,325124,28872,W
721,0.08,0.02,0.19,148.06,-85.88,7,-8.85,0.55,4.47,0.54,0.18,-0.8,0.17,325165,28913,W
722,0.02,0.02,0.25,148.06,-85.88,7,-8.85,0.55,4.47,0.54,0.18,-0.8,0.17,325204,28952,W
723,0.02,0.02,0.25,148.06,-85.88,7,-8.7,0.74,4.63,0.54,0.18,-0.8,0.17,325243,28991,W
724,0.02,0.02,0.25,148.06,-85.88,7,-8.77,0.82,4.55,0.54,0.18,-0.8,0.17,325283,29031,W
725,0.02,0.02,0.25,148.06,-85.88,7,-8.89,1.13,4.32,0.54,0.18,-0.8,0.17,325321,29069,W
726,-0.04,-0.15,0.64,148.06,-85.88,7,-8.89,1.13,4.32,0.54,0.18,-0.8,0.17,325360,29108,W
727,-0.04,-0.15,0.64,148.06,-85.88,7,-8.77,0.97,4.7,0.54,0.18,-0.8,0.17,325400,29148,W
728,-0.04,-0.15,0.64,148.06,-85.88,7,-9,1.43,4.7,0.54,0.18,-0.8,0.17,325441,29189,W
729,-0.04,-0.15,0.64,148.06,-85.88,7,-11.69,1.47,4.78,0.54,0.18,-0.8,0.17,325480,29228,W
730,-0.04,-0.15,0.64,134.56,-121.06,2.75,-11.69,1.47,4.78,0.54,0.18,-0.8,0.17,325520,29268,W
731,1.2,0.01,5.02,134.56,-121.06,2.75,-11.69,1.47,4.78,0.54,0.18,-0.8,0.17,325562,29310,W
732,1.2,0.01,5.02,134.56,-121.06,2.75,-16.44,-1.36,3.98,0.54,0.18,-0.8,0.17,325604,29352,W
733,1.2,0.01,5.02,134.56,-121.06,2.75,-7.16,-1.32,3.05,0.54,0.18,-0.8,0.17,325645,29393,W
734,1.2,0.01,5.02,134.56,-121.06,2.75,-6.29,-4.28,-1,0.54,0.18,-0.8,0.17,325686,29434,W
735,1.2,0.01,5.02,134.56,-121.06,2.75,-5.94,-1.79,0.38,0.54,0.18,-0.8,0.17,325726,29474,W
736,-0.2,0.75,-2.86,134.56,-121.06,2.75,-5.94,-1.79,0.38,0.54,0.18,-0.8,0.17,325767,29515,W
737,-1.17,0.47,-3.13,134.56,-121.06,2.75,-5.94,-1.79,0.38,0.54,0.18,-0.8,0.17,325808,29556,W
738,-1.17,0.47,-3.13,134.56,-121.06,2.75,-8.96,4.15,3.52,0.54,0.18,-0.8,0.17,325850,29598,W
739,-1.17,0.47,-3.13,134.56,-121.06,2.75,-9.81,4.92,5.32,0.54,0.18,-0.8,0.17,325891,29639,W
740,-1.17,0.47,-3.13,134.56,-121.06,2.75,-11.19,5.3,6.31,0.54,0.18,-0.8,0.17,325931,29679,W
741,-1.17,0.47,-3.13,103.38,-38.75,16.38,-11.19,5.3,6.31,0.54,0.18,-0.8,0.17,325972,29720,W
742,-1.51,0.98,-1.62,103.38,-38.75,16.38,-11.19,5.3,6.31,0.54,0.18,-0.8,0.17,326014,29762,W
743,-1.3,0.63,-1.34,103.38,-38.75,16.38,-11.19,5.3,6.31,0.54,0.18,-0.8,0.17,326056,29804,W
744,-1.3,0.63,-1.34,103.38,-38.75,16.38,-5.79,8.06,6.16,0.54,0.18,-0.8,0.17,326098,29846,W
745,-1.3,0.63,-1.34,103.38,-38.75,16.38,-4.79,2.5,5.74,0.54,0.18,-0.8,0.17,326139,29887,W
746,-1.3,0.63,-1.34,103.38,-38.75,16.38,-15.9,-0.94,-0.58,0.54,0.18,-0.8,0.17,326179,29927,W
747,-1.3,0.63,-1.34,94.94,-37.5,19.13,-15.9,-0.94,-0.58,0.54,0.18,-0.8,0.17,326222,29970,W
748,0.47,-0.95,0.56,94.94,-37.5,19.13,-15.9,-0.94,-0.58,0.54,0.18,-0.8,0.17,326265,30013,W
749,0.2,-0.49,0.35,94.94,-37.5,19.13,-15.9,-0.94,-0.58,0.54,0.18,-0.8,0.17,326306,30054,W
750,0.2,-0.49,0.35,94.94,-37.5,19.13,-8.7,0.36,5.01,0.54,0.18,-0.8,0.17,326348,30096,W
751,0.2,-0.49,0.35,94.94,-37.5,19.13,-8.62,0.36,4.78,0.54,0.18,-0.8,0.17,326388,30136,T
752,0.2,-0.49,0.35,94.94,-37.5,19.13,-8.7,0.59,4.7,0.54,0.18,-0.8,0.17,326427,30175,T
753,0.08,-0.02,0.17,94.94,-37.5,19.13,-8.7,0.59,4.7,0.54,0.18,-0.8,0.17,326467,30215,T
754,0.08,-0.02,0.17,94.94,-37.5,19.13,-8.77,0.47,4.55,0.54,0.18,-0.8,0.17,326507,30255,T
755,0.06,0.07,0.24,94.94,-37.5,19.13,-8.77,0.47,4.55,0.54,0.18,-0.8,0.17,326547,30295,T
756,0.06,0.07,0.24,94.94,-37.5,19.13,-8.7,0.63,4.55,0.54,0.18,-0.8,0.17,326587,30335,T
757,0.06,0.07,0.24,94.94,-37.5,19.13,-8.54,1.28,4.74,0.54,0.18,-0.8,0.17,326625,30373,T
758,0.02,-0.01,0.26,94.94,-37.5,19.13,-8.54,1.28,4.74,0.54,0.18,-0.8,0.17,326665,30413,T
759,-0.03,-0.02,0.31,94.94,-37.5,19.13,-8.54,1.28,4.74,0.54,0.18,-0.8,0.17,326705,30453,T
760,-0.03,-0.02,0.31,94.94,-37.5,19.13,-8.93,1.2,4.32,0.54,0.18,-0.8,0.17,326746,30494,T
761,-0.03,-0.02,0.31,94.94,-37.5,19.13,-8.89,1.24,4.28,0.54,0.18,-0.8,0.17,326788,30536,T
762,-0.03,-0.02,0.31,94.94,-37.5,19.13,-10.08,1.39,4.4,0.54,0.18,-0.8,0.17,326827,30575,T
763,0.23,-1.12,1.38,94.94,-37.5,19.13,-10.08,1.39,4.4,0.54,0.18,-0.8,0.17,326866,30614,T
764,0.23,-1.12,1.38,94.94,-37.5,19.13,-11.8,5.49,4.17,0.54,0.18,-0.8,0.17,326908,30656,T
765,-3.13,-1.4,3.05,94.94,-37.5,19.13,-11.8,5.49,4.17,0.54,0.18,-0.8,0.17,326948,30696,T
766,-3.13,-1.4,3.05,94.94,-37.5,19.13,-7.43,-5.08,-1.93,0.54,0.18,-0.8,0.17,326989,30737,T
767,-3.13,-1.4,3.05,94.94,-37.5,19.13,-5.79,-2.51,3.59,0.54,0.18,-0.8,0.17,327030,30778,T
768,-3.13,-1.4,3.05,93.81,-69.63,7.38,-5.79,-2.51,3.59,0.54,0.18,-0.8,0.17,327071,30819,T
769,-2.76,1.97,0.25,93.81,-69.63,7.38,-5.79,-2.51,3.59,0.54,0.18,-0.8,0.17,327112,30860,T
770,-2.76,1.97,0.25,93.81,-69.63,7.38,-6.63,2.43,10.18,0.54,0.18,-0.8,0.17,327153,30901,T
771,-2.76,1.97,0.25,93.81,-69.63,7.38,-7.2,2.62,9.26,0.54,0.18,-0.8,0.17,327194,30942,T
772,-2.76,1.97,0.25,93.81,-69.63,7.38,-7.28,0.78,7.12,0.54,0.18,-0.8,0.17,327234,30982,T
773,-2.76,1.97,0.25,93.81,-69.63,7.38,-7.36,0.36,7.69,0.54,0.18,-0.8,0.17,327272,31020,T
774,-2.06,0.43,0.54,93.81,-69.63,7.38,-7.36,0.36,7.69,0.54,0.18,-0.8,0.17,327313,31061,T
775,0.43,-1.58,0.27,93.81,-69.63,7.38,-7.36,0.36,7.69,0.54,0.18,-0.8,0.17,327353,31101,T
776,0.43,-1.58,0.27,93.81,-69.63,7.38,-6.97,1.59,6.89,0.54,0.18,-0.8,0.17,327393,31141,T
777,0.43,-1.58,0.27,93.81,-69.63,7.38,-9.12,0.17,3.59,0.54,0.18,-0.8,0.17,327433,31181,T
778,0.43,-1.58,0.27,93.81,-69.63,7.38,-10.11,-0.06,2.25,0.54,0.18,-0.8,0.17,327471,31219,T
779,0.1,-0.11,-0.1,93.81,-69.63,7.38,-10.11,-0.06,2.25,0.54,0.18,-0.8,0.17,327512,31260,T
780,0.28,-0.26,0,93.81,-69.63,7.38,-10.11,-0.06,2.25,0.54,0.18,-0.8,0.17,327554,31302,T
781,0.28,-0.26,0,93.81,-69.63,7.38,-8.47,0.74,5.2,0.54,0.18,-0.8,0.17,327596,31344,T
782,0.28,-0.26,0,93.81,-69.63,7.38,-9.58,0.59,3.4,0.54,0.18,-0.8,0.17,327635,31383,T
783,0.28,-0.26,0,93.81,-69.63,7.38,-8.85,0.17,4.28,0.54,0.18,-0.8,0.17,327673,31421,T
784,0.13,-0.12,-0.01,93.81,-69.63,7.38,-8.85,0.17,4.28,0.54,0.18,-0.8,0.17,327713,31461,T
785,0.13,-0.12,-0.01,93.81,-69.63,7.38,-8.93,0.47,4.47,0.54,0.18,-0.8,0.17,327755,31503,T
786,-0.04,0.08,0.11,93.81,-69.63,7.38,-8.93,0.47,4.47,0.54,0.18,-0.8,0.17,327795,31543,T
787,-0.04,0.08,0.11,93.81,-69.63,7.38,-8.93,0.55,4.21,0.54,0.18,-0.8,0.17,327835,31583,T
788,-0.04,0.08,0.11,93.81,-69.63,7.38,-8.81,0.55,4.36,0.54,0.18,-0.8,0.17,327873,31621,T
789,-0.04,0.08,0.11,93.81,-69.63,7.38,-9.23,0.55,3.86,0.54,0.18,-0.8,0.17,327914,31662,T
790,0.04,0.12,0.04,93.81,-69.63,7.38,-9.23,0.55,3.86,0.54,0.18,-0.8,0.17,327954,31702,T
791,0.04,0.12,0.04,93.81,-69.63,7.38,-8.89,0.66,4.09,0.54,0.18,-0.8,0.17,327993,31741,T
792,0.04,0.12,0.04,93.81,-69.63,7.38,-8.85,0.47,4.05,0.54,0.18,-0.8,0.17,328034,31782,T
793,0.04,0.12,0.04,93.81,-69.63,7.38,-8.85,0.55,4.13,0.54,0.18,-0.8,0.17,328072,31820,T
794,-0.02,0.02,0.03,93.81,-69.63,7.38,-8.85,0.55,4.13,0.54,0.18,-0.8,0.17,328111,31859,T
795,-0.02,0.02,0.03,93.81,-69.63,7.38,-8.96,0.59,4.01,0.54,0.18,-0.8,0.17,328150,31898,T
796,-0.02,0.02,0.03,93.81,-69.63,7.38,-8.93,0.59,4.09,0.54,0.18,-0.8,0.17,328189,31937,T
797,-0.02,0.02,0.03,93.81,-69.63,7.38,-8.93,0.63,4.09,0.54,0.18,-0.8,0.17,328228,31976,T
798,-0.02,0.02,0.03,88.56,-75.38,19.38,-8.93,0.63,4.09,0.54,0.18,-0.8,0.17,328266,32014,T
799,-0.01,-0.03,0.02,88.56,-75.38,19.38,-8.93,0.63,4.09,0.54,0.18,-0.8,0.17,328306,32054,T
800,-0.01,-0.03,0.02,88.56,-75.38,19.38,-8.89,0.59,4.17,0.54,0.18,-0.8,0.17,328347,32095,T
801,-0.01,-0.03,0.02,88.56,-75.38,19.38,-8.89,0.63,4.17,0.54,0.18,-0.8,0.17,328387,32135,T
802,-0.01,-0.03,0.02,88.56,-75.38,19.38,-8.89,0.63,4.17,0.54,0.18,-0.8,0.17,328426,32174,T
803,-0.01,0.03,-0.02,88.56,-75.38,19.38,-8.89,0.63,4.17,0.54,0.18,-0.8,0.17,328467,32215,T
804,-0.01,0.03,-0.02,88.56,-75.38,19.38,-8.93,0.59,4.13,0.54,0.18,-0.8,0.17,328508,32256,T
805,-0.01,0.02,0,88.56,-75.38,19.38,-8.93,0.59,4.13,0.54,0.18,-0.8,0.17,328548,32296,T
806,-0.01,0.02,0,88.56,-75.38,19.38,-8.89,0.59,4.13,0.54,0.18,-0.8,0.17,328588,32336,T
807,-0.01,0.02,0,88.56,-75.38,19.38,-8.77,0.63,4.24,0.54,0.18,-0.8,0.17,328626,32374,T
808,0.01,-0.04,0.03,88.56,-75.38,19.38,-8.77,0.63,4.24,0.54,0.18,-0.8,0.17,328667,32415,T
809,0,-0.07,0.05,88.56,-75.38,19.38,-8.77,0.63,4.24,0.54,0.18,-0.8,0.17,328706,32454,T
810,0,-0.07,0.05,88.56,-75.38,19.38,-8.73,0.66,4.28,0.54,0.18,-0.8,0.17,328745,32493,T
811,0,-0.07,0.05,88.56,-75.38,19.38,-8.93,0.7,4.05,0.54,0.18,-0.8,0.17,328786,32534,T
812,0,-0.07,0.05,88.56,-75.38,19.38,-8.66,0.66,4.43,0.54,0.18,-0.8,0.17,328824,32572,T
813,0,-0.01,0.04,88.56,-75.38,19.38,-8.66,0.66,4.43,0.54,0.18,-0.8,0.17,328865,32613,T
814,0.01,-0.1,0.06,88.56,-75.38,19.38,-8.66,0.66,4.43,0.54,0.18,-0.8,0.17,328905,32653,T
815,0.01,-0.1,0.06,88.56,-75.38,19.38,-8.77,0.78,4.28,0.54,0.18,-0.8,0.17,328946,32694,T
816,0.01,-0.1,0.06,88.56,-75.38,19.38,-8.81,0.74,4.28,0.54,0.18,-0.8,0.17,328986,32734,T
817,0.01,-0.1,0.06,88.56,-75.38,19.38,-8.62,0.86,4.51,0.54,0.18,-0.8,0.17,329024,32772,T
818,-0.02,-0.01,0.05,88.56,-75.38,19.38,-8.62,0.86,4.51,0.54,0.18,-0.8,0.17,329065,32813,T
819,-0.01,-0.02,0.03,88.56,-75.38,19.38,-8.62,0.86,4.51,0.54,0.18,-0.8,0.17,329106,32854,T
820,-0.01,-0.02,0.05,88.56,-75.38,19.38,-8.62,0.86,4.51,0.54,0.18,-0.8,0.17,329146,32894,T
821,-0.01,-0.02,0.05,88.56,-75.38,19.38,-8.81,0.89,4.28,0.54,0.18,-0.8,0.17,329187,32935,T
822,-0.01,-0.02,0.05,88.56,-75.38,19.38,-8.7,1.05,4.43,0.54,0.18,-0.8,0.17,329226,32974,T
823,0.01,0.02,-0.06,88.56,-75.38,19.38,-8.7,1.05,4.43,0.54,0.18,-0.8,0.17,329267,33015,T
824,0.01,0.01,-0.06,88.56,-75.38,19.38,-8.7,1.05,4.43,0.54,0.18,-0.8,0.17,329307,33055,T
825,0.01,0.01,-0.06,88.56,-75.38,19.38,-8.77,0.82,4.36,0.54,0.18,-0.8,0.17,329347,33095,T
826,0.01,0.01,-0.06,88.56,-75.38,19.38,-8.81,0.78,4.28,0.54,0.18,-0.8,0.17,329388,33136,T
827,0.01,0.01,-0.06,88.56,-75.38,19.38,-8.77,0.74,4.36,0.54,0.18,-0.8,0.17,329425,33173,T
828,0.01,0.01,-0.06,88.56,-75.38,19.38,-8.77,0.74,4.36,0.4,0.34,-0.61,0.6,329465,33213,T
829,0.01,0.01,-0.06,88.56,-75.38,19.38,-8.66,0.74,4.47,0.4,0.34,-0.61,0.6,329505,33253,T
830,0,0.01,-0.02,88.56,-75.38,19.38,-8.66,0.74,4.47,0.4,0.34,-0.61,0.6,329545,33293,T
831,0,0.01,-0.02,88.56,-75.38,19.38,-8.73,0.74,4.4,0.4,0.34,-0.61,0.6,329585,33333,T
832,0,0.01,-0.02,88.56,-75.38,19.38,-8.77,0.7,4.32,0.4,0.34,-0.61,0.6,329624,33372,T
833,0.01,-0.01,0,88.56,-75.38,19.38,-8.77,0.7,4.32,0.4,0.34,-0.61,0.6,329665,33413,T
834,0.02,-0.04,-0.01,88.56,-75.38,19.38,-8.77,0.7,4.32,0.4,0.34,-0.61,0.6,329705,33453,T
835,0.02,-0.04,-0.01,88.56,-75.38,19.38,-8.66,0.74,4.47,0.4,0.34,-0.61,0.6,329745,33493,T
836,0.02,-0.04,-0.01,88.56,-75.38,19.38,-8.73,0.74,4.4,0.4,0.34,-0.61,0.6,329786,33534,T
837,0.02,-0.04,-0.01,88.56,-75.38,19.38,-8.7,0.7,4.43,0.4,0.34,-0.61,0.6,329825,33573,T
838,0,0.02,-0.01,88.56,-75.38,19.38,-8.7,0.7,4.43,0.4,0.34,-0.61,0.6,329866,33614,T
839,0.01,0.01,-0.01,88.56,-75.38,19.38,-8.7,0.7,4.43,0.4,0.34,-0.61,0.6,329906,33654,T
840,0.01,0.01,-0.01,88.56,-75.38,19.38,-8.73,0.7,4.4,0.4,0.34,-0.61,0.6,329947,33695,T
841,0.01,0.01,-0.01,88.56,-75.38,19.38,-8.7,0.74,4.43,0.4,0.34,-0.61,0.6,329987,33735,T
842,0.01,0.01,-0.01,88.56,-75.38,19.38,-8.73,0.7,4.4,0.4,0.34,-0.61,0.6,330024,33772,T
843,0,0.01,0.03,88.56,-75.38,19.38,-8.73,0.7,4.4,0.4,0.34,-0.61,0.6,330064,33812,T
844,0,0.01,0.03,88.56,-75.38,19.38,-8.73,0.74,4.4,0.4,0.34,-0.61,0.6,330105,33853,T
845,0.01,-0.01,0.04,88.56,-75.38,19.38,-8.73,0.74,4.4,0.4,0.34,-0.61,0.6,330144,33892,T
846,0.01,-0.01,0.04,88.56,-75.38,19.38,-8.7,0.86,4.43,0.4,0.34,-0.61,0.6,330185,33933,W
847,0.01,-0.01,0.04,88.56,-75.38,19.38,-8.73,0.82,4.4,0.4,0.34,-0.61,0.6,330224,33972,W
848,0,0,0.01,88.56,-75.38,19.38,-8.73,0.82,4.4,0.4,0.34,-0.61,0.6,330264,34012,W
849,0.01,0.01,0,88.56,-75.38,19.38,-8.73,0.82,4.4,0.4,0.34,-0.61,0.6,330304,34052,W
850,0.01,0.01,0,88.56,-75.38,19.38,-8.73,0.78,4.4,0.4,0.34,-0.61,0.6,330344,34092,W
851,0.01,0.01,0,88.56,-75.38,19.38,-8.81,0.78,4.32,0.4,0.34,-0.61,0.6,330384,34132,W
852,0.01,0.01,0,88.56,-75.38,19.38,-8.81,0.93,4.36,0.4,0.34,-0.61,0.6,330422,34170,W
853,0.01,0.01,0.01,88.56,-75.38,19.38,-8.81,0.93,4.36,0.4,0.34,-0.61,0.6,330462,34210,W
854,0.01,0.01,0.01,88.56,-75.38,19.38,-8.66,0.93,4.51,0.4,0.34,-0.61,0.6,330502,34250,W
855,0.01,0.01,0.01,88.56,-75.38,19.38,-8.89,0.86,4.24,0.4,0.34,-0.61,0.6,330543,34291,W
856,0.01,0.01,0.01,88.56,-75.38,19.38,-8.7,0.82,4.51,0.4,0.34,-0.61,0.6,330583,34331,W
857,0.01,0.01,0.01,88.56,-75.38,19.38,-8.89,0.82,4.24,0.4,0.34,-0.61,0.6,330620,34368,W
858,0.01,0,-0.01,88.56,-75.38,19.38,-8.89,0.82,4.24,0.4,0.34,-0.61,0.6,330661,34409,W
859,0.01,0.03,-0.04,88.56,-75.38,19.38,-8.89,0.82,4.24,0.4,0.34,-0.61,0.6,330702,34450,W
860,0.01,0.03,-0.04,88.56,-75.38,19.38,-8.77,0.89,4.43,0.4,0.34,-0.61,0.6,330742,34490,W
861,0.01,0.03,-0.04,88.56,-75.38,19.38,-8.89,0.86,4.28,0.4,0.34,-0.61,0.6,330782,34530,W
862,0.01,0.03,-0.04,88.56,-75.38,19.38,-8.93,0.66,4.28,0.4,0.34,-0.61,0.6,330821,34569,W
863,0.03,0.04,-0.16,88.56,-75.38,19.38,-8.93,0.66,4.28,0.4,0.34,-0.61,0.6,330862,34610,W
864,0,0.05,0.01,88.56,-75.38,19.38,-8.93,0.66,4.28,0.4,0.34,-0.61,0.6,330902,34650,W
865,0,0.05,0.01,88.56,-75.38,19.38,-8.96,0.7,4.21,0.4,0.34,-0.61,0.6,330943,34691,W
866,0,0.05,0.01,88.56,-75.38,19.38,-8.89,0.7,4.28,0.4,0.34,-0.61,0.6,330984,34732,W
867,0,0.05,0.01,88.56,-75.38,19.38,-8.89,0.74,4.28,0.4,0.34,-0.61,0.6,331022,34770,W
868,0,0.02,0.04,88.56,-75.38,19.38,-8.89,0.74,4.28,0.4,0.34,-0.61,0.6,331063,34811,W
869,0,0.02,0.04,88.56,-75.38,19.38,-9,0.7,4.09,0.4,0.34,-0.61,0.6,331104,34852,W
870,0.01,0,0,88.56,-75.38,19.38,-9,0.7,4.09,0.4,0.34,-0.61,0.6,331144,34892,W
871,0.01,0,0,88.56,-75.38,19.38,-9.08,0.78,4.13,0.4,0.34,-0.61,0.6,331184,34932,W
872,0.01,0,0,88.56,-75.38,19.38,-8.73,0.82,4.55,0.4,0.34,-0.61,0.6,331222,34970,W
873,-0.04,0.06,0.02,88.56,-75.38,19.38,-8.73,0.82,4.55,0.4,0.34,-0.61,0.6,331261,35009,W
874,-0.06,0.08,0.02,88.56,-75.38,19.38,-8.73,0.82,4.55,0.4,0.34,-0.61,0.6,331302,35050,W
875,-0.06,0.08,0.02,88.56,-75.38,19.38,-8.77,0.97,4.43,0.4,0.34,-0.61,0.6,331342,35090,W
876,-0.06,0.08,0.02,88.56,-75.38,19.38,-8.96,0.86,4.17,0.4,0.34,-0.61,0.6,331383,35131,W
877,-0.06,0.08,0.02,88.56,-75.38,19.38,-9.12,0.74,3.94,0.4,0.34,-0.61,0.6,331422,35170,W
878,-0.23,0.15,0.17,88.56,-75.38,19.38,-9.12,0.74,3.94,0.4,0.34,-0.61,0.6,331462,35210,W
879,-0.23,0.15,0.17,88.56,-75.38,19.38,-7.89,4.54,5.36,0.4,0.34,-0.61,0.6,331503,35251,W
880,-0.23,0.15,0.17,88.56,-75.38,19.38,-8.81,5,4.74,0.4,0.34,-0.61,0.6,331543,35291,W
881,-0.23,0.15,0.17,88.56,-75.38,19.38,-8.09,1.89,2.79,0.4,0.34,-0.61,0.6,331583,35331,W
882,-0.23,0.15,0.17,88.56,-75.38,19.38,-7.66,2.46,4.43,0.4,0.34,-0.61,0.6,331621,35369,W
883,-3.32,0.17,1.78,88.56,-75.38,19.38,-7.66,2.46,4.43,0.4,0.34,-0.61,0.6,331663,35411,W
884,-4.02,0.21,2.11,88.56,-75.38,19.38,-7.66,2.46,4.43,0.4,0.34,-0.61,0.6,331704,35452,W
885,-4.02,0.21,2.11,88.56,-75.38,19.38,-8.7,0.36,2.94,0.4,0.34,-0.61,0.6,331743,35491,W
886,-4.02,0.21,2.11,88.56,-75.38,19.38,-10.19,0.63,4.17,0.4,0.34,-0.61,0.6,331784,35532,W
887,-4.02,0.21,2.11,88.56,-75.38,19.38,-8.51,-0.02,2.02,0.4,0.34,-0.61,0.6,331823,35571,W
888,-2.91,0.36,1.11,88.56,-75.38,19.38,-8.51,-0.02,2.02,0.4,0.34,-0.61,0.6,331864,35612,W
889,-2.58,0.22,0.63,88.56,-75.38,19.38,-8.51,-0.02,2.02,0.4,0.34,-0.61,0.6,331904,35652,W
890,-2.58,0.22,0.63,88.56,-75.38,19.38,-8.43,-1.1,1.83,0.4,0.34,-0.61,0.6,331944,35692,W
891,-2.58,0.22,0.63,88.56,-75.38,19.38,-6.9,0.86,6.62,0.4,0.34,-0.61,0.6,331985,35733,W
892,-2.58,0.22,0.63,88.56,-75.38,19.38,-10.42,0.78,2.94,0.4,0.34,-0.61,0.6,332024,35772,W
893,0.13,0.06,-0.17,88.56,-75.38,19.38,-10.42,0.78,2.94,0.4,0.34,-0.61,0.6,332064,35812,W
894,0.13,0.06,-0.17,88.56,-75.38,19.38,-9.12,0.32,3.86,0.4,0.34,-0.61,0.6,332105,35853,W
895,0.03,0.09,-0.07,88.56,-75.38,19.38,-9.12,0.32,3.86,0.4,0.34,-0.61,0.6,332145,35893,W
896,0.03,0.09,-0.07,88.56,-75.38,19.38,-9.16,0.21,3.86,0.4,0.34,-0.61,0.6,332185,35933,W
897,0.03,0.09,-0.07,88.56,-75.38,19.38,-9.04,0.32,4.01,0.4,0.34,-0.61,0.6,332224,35972,W
898,-0.03,0.04,0.02,88.56,-75.38,19.38,-9.04,0.32,4.01,0.4,0.34,-0.61,0.6,332264,36012,W
899,-0.02,-0.03,-0.01,88.56,-75.38,19.38,-9.04,0.32,4.01,0.4,0.34,-0.61,0.6,332304,36052,W
900,-0.02,-0.03,-0.01,88.56,-75.38,19.38,-9.08,0.28,3.94,0.4,0.34,-0.61,0.6,332345,36093,W
901,-0.02,-0.03,-0.01,88.56,-75.38,19.38,-9,0.32,3.98,0.4,0.34,-0.61,0.6,332387,36135,W
902,-0.02,-0.03,-0.01,88.56,-75.38,19.38,-8.96,0.32,4.21,0.4,0.34,-0.61,0.6,332428,36176,W
903,-0.02,-0.03,-0.01,76.5,-78.06,-6.88,-8.96,0.32,4.21,0.4,0.34,-0.61,0.6,332467,36215,W
904,-0.05,0.2,-0.03,76.5,-78.06,-6.88,-8.96,0.32,4.21,0.4,0.34,-0.61,0.6,332510,36258,W
905,0.01,-0.18,0.44,76.5,-78.06,-6.88,-8.96,0.32,4.21,0.4,0.34,-0.61,0.6,332550,36298,W
906,0.01,-0.18,0.44,76.5,-78.06,-6.88,-9.73,-0.71,2.9,0.4,0.34,-0.61,0.6,332591,36339,W
907,0.01,-0.18,0.44,76.5,-78.06,-6.88,-10.84,-3.36,4.55,0.4,0.34,-0.61,0.6,332632,36380,W
908,0.01,-0.18,0.44,76.5,-78.06,-6.88,-11.65,-3.82,2.67,0.4,0.34,-0.61,0.6,332672,36420,W
909,0.2,0.28,0.06,76.5,-78.06,-6.88,-11.65,-3.82,2.67,0.4,0.34,-0.61,0.6,332712,36460,W
910,-0.39,0.31,-0.76,76.5,-78.06,-6.88,-11.65,-3.82,2.67,0.4,0.34,-0.61,0.6,332753,36501,W
911,-0.39,0.31,-0.76,76.5,-78.06,-6.88,-8.81,-1.59,3.67,0.4,0.34,-0.61,0.6,332795,36543,W
912,-0.39,0.31,-0.76,76.5,-78.06,-6.88,-9.96,0.05,4.59,0.4,0.34,-0.61,0.6,332836,36584,W
913,-0.39,0.31,-0.76,76.5,-78.06,-6.88,-9.2,0.51,5.13,0.4,0.34,-0.61,0.6,332875,36623,W
914,-0.39,0.31,-0.76,78.94,-77.75,-11.94,-9.2,0.51,5.13,0.4,0.34,-0.61,0.6,332915,36663,W
915,-0.86,0.33,-0.58,78.94,-77.75,-11.94,-9.2,0.51,5.13,0.4,0.34,-0.61,0.6,332956,36704,W
916,-0.66,0.28,-0.79,78.94,-77.75,-11.94,-9.2,0.51,5.13,0.4,0.34,-0.61,0.6,332996,36744,W
917,-0.66,0.28,-0.79,78.94,-77.75,-11.94,-8.47,0.09,3.98,0.4,0.34,-0.61,0.6,333037,36785,W
918,-0.66,0.28,-0.79,78.94,-77.75,-11.94,-8.47,0.63,3.9,0.4,0.34,-0.61,0.6,333079,36827,W
919,-0.66,0.28,-0.79,78.94,-77.75,-11.94,-8.35,1.13,2.82,0.4,0.34,-0.61,0.6,333119,36867,W
920,-0.66,0.08,0.17,78.94,-77.75,-11.94,-8.35,1.13,2.82,0.4,0.34,-0.61,0.6,333160,36908,W
921,-0.66,0.08,0.17,78.94,-77.75,-11.94,-8.85,0.82,2.6,0.4,0.34,-0.61,0.6,333202,36950,W
922,1.23,-0.65,0.87,78.94,-77.75,-11.94,-8.85,0.82,2.6,0.4,0.34,-0.61,0.6,333243,36991,W
923,1.23,-0.65,0.87,78.94,-77.75,-11.94,-7.16,0.4,3.67,0.4,0.34,-0.61,0.6,333284,37032,W
924,1.23,-0.65,0.87,78.94,-77.75,-11.94,-10.61,-1.21,3.63,0.4,0.34,-0.61,0.6,333323,37071,W
925,0.91,-0.87,0.97,78.94,-77.75,-11.94,-10.61,-1.21,3.63,0.4,0.34,-0.61,0.6,333365,37113,W
926,0.5,-0.54,0.6,78.94,-77.75,-11.94,-10.61,-1.21,3.63,0.4,0.34,-0.61,0.6,333406,37154,W
927,0.5,-0.54,0.6,78.94,-77.75,-11.94,-9.7,0.59,4.17,0.4,0.34,-0.61,0.6,333448,37196,W
928,0.5,-0.54,0.6,78.94,-77.75,-11.94,-8.89,0.74,5.55,0.4,0.34,-0.61,0.6,333490,37238,W
929,0.5,-0.54,0.6,78.94,-77.75,-11.94,-9.27,0.4,3.94,0.4,0.34,-0.61,0.6,333531,37279,W
930,0.5,-0.54,0.6,78.94,-77.75,-11.94,-8.77,0.4,4.59,0.4,0.34,-0.61,0.6,333570,37318,W
931,0.02,0.14,0.27,78.94,-77.75,-11.94,-8.77,0.4,4.59,0.4,0.34,-0.61,0.6,333611,37359,W
932,-0.06,0.06,0.38,78.94,-77.75,-11.94,-8.77,0.4,4.59,0.4,0.34,-0.61,0.6,333651,37399,W
933,-0.06,0.06,0.38,78.94,-77.75,-11.94,-8.89,0.82,4.28,0.4,0.34,-0.61,0.6,333691,37439,W
934,-0.06,0.06,0.38,78.94,-77.75,-11.94,-8.93,0.93,4.24,0.4,0.34,-0.61,0.6,333733,37481,W
935,-0.06,0.06,0.38,78.94,-77.75,-11.94,-8.7,1.09,4.51,0.4,0.34,-0.61,0.6,333773,37521,W
936,-0.01,-0.07,0.29,78.94,-77.75,-11.94,-8.7,1.09,4.51,0.4,0.34,-0.61,0.6,333813,37561,W
937,-0.01,-0.07,0.29,78.94,-77.75,-11.94,-8.85,1.13,4.36,0.4,0.34,-0.61,0.6,333854,37602,W
938,0.12,0,0.48,78.94,-77.75,-11.94,-8.85,1.13,4.36,0.4,0.34,-0.61,0.6,333895,37643,W
939,0.12,0,0.48,78.94,-77.75,-11.94,-8.81,1.51,4.4,0.4,0.34,-0.61,0.6,333935,37683,W
940,0.12,0,0.48,78.94,-77.75,-11.94,-8.66,1.63,4.55,0.4,0.34,-0.61,0.6,333975,37723,W
941,0.12,0,0.48,75.06,-83.19,-23.44,-8.66,1.63,4.55,0.4,0.34,-0.61,0.6,334015,37763,W
942,0.37,-0.2,1,75.06,-83.19,-23.44,-8.66,1.63,4.55,0.4,0.34,-0.61,0.6,334055,37803,W
943,0.37,-0.2,1,75.06,-83.19,-23.44,-8.89,2.2,4.93,0.4,0.34,-0.61,0.6,334095,37843,W
944,0.37,-0.2,1,75.06,-83.19,-23.44,-10.5,1.85,5.16,0.4,0.34,-0.61,0.6,334136,37884,W
945,0.37,-0.2,1,75.06,-83.19,-23.44,-11.61,2.81,6.35,0.4,0.34,-0.61,0.6,334176,37924,W
946,0.37,-0.2,1,62.31,-100.25,-20.94,-11.61,2.81,6.35,0.4,0.34,-0.61,0.6,334216,37964,W
947,1.94,0.68,2.59,62.31,-100.25,-20.94,-11.61,2.81,6.35,0.4,0.34,-0.61,0.6,334258,38006,W
948,1.94,0.68,2.59,62.31,-100.25,-20.94,-12.11,-0.14,3.52,0.4,0.34,-0.61,0.6,334300,38048,W
949,1.94,0.68,2.59,62.31,-100.25,-20.94,-5.4,-0.75,1.75,0.4,0.34,-0.61,0.6,334341,38089,W
950,1.94,0.68,2.59,62.31,-100.25,-20.94,-5.9,1.13,1.64,0.4,0.34,-0.61,0.6,334383,38131,W
951,1.94,0.68,2.59,62.31,-100.25,-20.94,-5.06,4.15,3.36,0.4,0.34,-0.61,0.6,334423,38171,W
952,-0.6,0.21,-2.52,62.31,-100.25,-20.94,-5.06,4.15,3.36,0.4,0.34,-0.61,0.6,334462,38210,W
953,-1.18,0.48,-2.79,62.31,-100.25,-20.94,-5.06,4.15,3.36,0.4,0.34,-0.61,0.6,334504,38252,W
954,-1.18,0.48,-2.79,62.31,-100.25,-20.94,-9.2,6.22,3.36,0.4,0.34,-0.61,0.6,334545,38293,W
955,-1.18,0.48,-2.79,62.31,-100.25,-20.94,-9.81,6.03,4.24,0.4,0.34,-0.61,0.6,334586,38334,W
956,-1.18,0.48,-2.79,62.31,-100.25,-20.94,-9.77,5.64,4.86,0.4,0.34,-0.61,0.6,334628,38376,W
957,-1.18,0.48,-2.79,62.31,-100.25,-20.94,-9.7,5,4.93,0.4,0.34,-0.61,0.6,334669,38417,W
958,-1.72,1.25,-1.54,62.31,-100.25,-20.94,-9.7,5,4.93,0.4,0.34,-0.61,0.6,334711,38459,W
959,-1.51,0.83,-1.21,62.31,-100.25,-20.94,-9.7,5,4.93,0.4,0.34,-0.61,0.6,334753,38501,W
960,-1.51,0.83,-1.21,62.31,-100.25,-20.94,-7.93,4.11,4.82,0.4,0.34,-0.61,0.6,334794,38542,W
961,-1.51,0.83,-1.21,62.31,-100.25,-20.94,-7.28,6.34,5.39,0.4,0.34,-0.61,0.6,334836,38584,W
962,-1.51,0.83,-1.21,62.31,-100.25,-20.94,-7.51,0.44,3.82,0.4,0.34,-0.61,0.6,334877,38625,W
963,-1.51,0.83,-1.21,94.5,-7.81,-35.25,-7.51,0.44,3.82,0.4,0.34,-0.61,0.6,334919,38667,W
964,0.64,-1.09,0.72,94.5,-7.81,-35.25,-7.51,0.44,3.82,0.4,0.34,-0.61,0.6,334960,38708,W
965,0.38,-0.62,0.31,94.5,-7.81,-35.25,-7.51,0.44,3.82,0.4,0.34,-0.61,0.6,335000,38748,W
966,0.38,-0.62,0.31,94.5,-7.81,-35.25,-9.39,0.78,4.7,0.4,0.34,-0.61,0.6,335040,38788,W
967,0.38,-0.62,0.31,94.5,-7.81,-35.25,-8.77,0.44,4.82,0.4,0.34,-0.61,0.6,335081,38829,W
968,0.38,-0.62,0.31,94.5,-7.81,-35.25,-9.12,0.55,4.05,0.4,0.34,-0.61,0.6,335120,38868,W
969,-0.02,0.08,0.17,94.5,-7.81,-35.25,-9.12,0.55,4.05,0.4,0.34,-0.61,0.6,335161,38909,W
970,-0.02,0.08,0.17,94.5,-7.81,-35.25,-9,0.55,4.13,0.4,0.34,-0.61,0.6,335202,38950,W
971,-0.08,-0.04,0.22,94.5,-7.81,-35.25,-9,0.55,4.13,0.4,0.34,-0.61,0.6,335242,38990,W
972,-0.08,-0.04,0.22,94.5,-7.81,-35.25,-8.89,0.78,4.32,0.4,0.34,-0.61,0.6,335282,39030,W
973,-0.08,-0.04,0.22,94.5,-7.81,-35.25,-8.81,0.78,4.36,0.4,0.34,-0.61,0.6,335321,39069,W
974,-0.05,-0.08,0.16,94.5,-7.81,-35.25,-8.81,0.78,4.36,0.4,0.34,-0.61,0.6,335363,39111,W
975,0,-0.13,0.15,94.5,-7.81,-35.25,-8.81,0.78,4.36,0.4,0.34,-0.61,0.6,335404,39152,W
976,0,-0.13,0.15,94.5,-7.81,-35.25,-8.62,0.93,4.63,0.4,0.34,-0.61,0.6,335443,39191,W
977,0,-0.13,0.15,94.5,-7.81,-35.25,-8.81,0.89,4.28,0.4,0.34,-0.61,0.6,335484,39232,W
978,0,-0.13,0.15,94.5,-7.81,-35.25,-8.77,0.82,4.51,0.4,0.34,-0.61,0.6,335524,39272,W
979,0,-0.13,0.15,93.13,-21.25,-48.31,-8.77,0.82,4.51,0.4,0.34,-0.61,0.6,335563,39311,W
980,0.38,-0.1,1.1,93.13,-21.25,-48.31,-8.77,0.82,4.51,0.4,0.34,-0.61,0.6,335604,39352,W
981,0.38,-0.1,1.1,93.13,-21.25,-48.31,-9.62,1.24,4.78,0.4,0.34,-0.61,0.6,335645,39393,W
982,0.38,-0.1,1.1,93.13,-21.25,-48.31,-11.65,1.39,5.59,0.4,0.34,-0.61,0.6,335685,39433,W
983,0.38,-0.1,1.1,93.13,-21.25,-48.31,-14.29,1.93,6.2,0.4,0.34,-0.61,0.6,335726,39474,W
984,0.38,-0.1,1.1,98.13,-63.5,-49.69,-14.29,1.93,6.2,0.4,0.34,-0.61,0.6,335767,39515,T
985,1.59,-0.21,1.31,98.13,-63.5,-49.69,-14.29,1.93,6.2,0.4,0.34,-0.61,0.6,335809,39557,T