,Xg,Yg,Zg,Xgd,Ygd,Zgd,Xa,Ya,Za,Xad,Yad,Zad,Direction,Sensortime,Time,Label
0,-0.01,-0.02,0.01,0,0,0,-7.97,5.31,2.03,0,0,0,0.42,4561945,0,T
1,-0.01,-0.02,0.01,-0.01,0.01,0,-7.97,5.31,2.03,0,0,0,0.42,4561983,38,T
2,0,-0.03,0.01,0,0,0,-7.97,5.31,2.03,-0.04,0,-0.04,0.42,4562022,77,T
3,0,-0.03,0.01,0,0,0,-7.93,5.31,2.07,0.04,0,0.04,0.42,4562061,116,T
4,0,-0.03,0.01,0,0,0,-7.97,5.31,2.03,0,0,0,0.42,4562101,156,T
5,0,-0.03,0.01,0,-0.02,0.01,-7.97,5.31,2.03,0,0,0,0.42,4562139,194,T
6,0,-0.01,0,0,0,0,-7.97,5.31,2.03,0,-0.04,0,0.42,4562179,234,T
7,0,-0.01,0,0,-0.01,-0.01,-7.97,5.35,2.03,0,0,0,0.42,4562219,274,T
8,0,0,0.01,0,0,0,-7.97,5.35,2.03,-0.04,0.04,-0.04,0.42,4562257,312,T
9,0,0,0.01,0,0,0,-7.93,5.31,2.07,0.04,0,0.04,0.42,4562297,352,T
10,0,0,0.01,-0.01,0,0,-7.97,5.31,2.03,0,0,0,0.42,4562335,390,T
11,0.01,0,0.01,0,-0.01,0,-7.97,5.31,2.03,0,0,0,0.42,4562376,431,T
12,0.01,0.01,0.01,0,0,0,-7.97,5.31,2.03,0,-0.04,0,0.42,4562415,470,T
13,0.01,0.01,0.01,0,0,0,-7.97,5.35,2.03,-0.04,0,-0.04,0.42,4562454,509,W
14,0.01,0.01,0.01,0,0,0,-7.93,5.35,2.07,0,0,0.04,0.42,4562492,547,W
15,0.01,0.01,0.01,0,-0.02,0,-7.93,5.35,2.03,0,0,0,0.42,4562529,584,W
16,0.01,0.03,0.01,-0.01,-0.01,0,-7.93,5.35,2.03,0,0,0,0.42,4562569,624,W
17,0.02,0.04,0.01,0,0,0,-7.93,5.35,2.03,0,-0.04,0.04,0.42,4562608,663,W
18,0.02,0.04,0.01,0,0,0,-7.93,5.39,1.99,0,0,0,0.42,4562646,701,W
19,0.02,0.04,0.01,-0.03,-0.02,-0.02,-7.93,5.39,1.99,0,0,0,0.42,4562683,738,W
20,0.05,0.06,0.03,0.14,0.04,0.01,-7.93,5.39,1.99,0,0,0,0.42,4562721,776,W
21,-0.09,0.02,0.02,0,0,0,-7.93,5.39,1.99,-0.08,-0.04,0.11,0.42,4562760,815,W
22,-0.09,0.02,0.02,0,0,0,-7.85,5.43,1.88,0.04,-0.07,0.2,0.42,4562799,854,W
23,-0.09,0.02,0.02,-0.22,-0.39,-0.04,-7.89,5.5,1.68,0,0,0,0.42,4562836,891,W
24,0.13,0.41,0.06,-0.08,0.13,0.08,-7.89,5.5,1.68,0,0,0,0.42,4562877,932,W
25,0.21,0.28,-0.02,0,0,0,-7.89,5.5,1.68,0.08,-0.08,0.34,0.42,4562916,971,W
26,0.21,0.28,-0.02,0,0,0,-7.97,5.58,1.34,-0.04,0.04,-0.07,0.42,4562955,1010,W
27,0.21,0.28,-0.02,0,0,0,-7.93,5.54,1.41,0.15,0.04,0.3,0.42,4562995,1050,W
28,0.21,0.28,-0.02,0.17,0.22,-0.07,-8.08,5.5,1.11,0,0,0,0.42,4563033,1088,W
29,0.04,0.06,0.05,0.04,0.07,-0.06,-8.08,5.5,1.11,0,0,0,0.42,4563072,1127,W
30,0,-0.01,0.11,0,0,0,-8.08,5.5,1.11,-0.11,-0.12,-0.07,0.42,4563109,1164,W
31,0,-0.01,0.11,0,0,0,-7.97,5.62,1.18,-0.04,-0.08,-0.04,0.42,4563149,1204,W
32,0,-0.01,0.11,0.09,0.15,-0.08,-7.93,5.7,1.22,0,0,0,0.42,4563187,1242,W
33,-0.09,-0.16,0.19,-0.07,0.05,-0.09,-7.93,5.7,1.22,0,0,0,0.42,4563227,1282,W
34,-0.02,-0.21,0.28,0,0,0,-7.93,5.7,1.22,-0.11,-0.22,-0.12,0.42,4563267,1322,W
35,-0.02,-0.21,0.28,0,0,0,-7.82,5.92,1.34,-0.12,0,-0.15,0.42,4563307,1362,W
36,-0.02,-0.21,0.28,0,0,0,-7.7,5.92,1.49,0.54,-0.5,0.96,0.42,4563348,1403,W
37,-0.02,-0.21,0.28,0.96,1.86,-0.62,-8.24,6.42,0.53,0,0,0,0.42,4563386,1441,W
38,-0.98,-2.07,0.9,0,0,0,-8.24,6.42,0.53,3.52,-1.19,-3.83,0.42,4563426,1481,W
39,-0.98,-2.07,0.9,0,0,0,-11.76,7.61,4.36,3.14,-2.41,-1.65,0.42,4563466,1521,W
40,-0.98,-2.07,0.9,0,0,0,-14.9,10.02,6.01,-5.55,6.01,4.83,0.42,4563506,1561,W
41,-0.98,-2.07,0.9,0,0,0,-9.35,4.01,1.18,0.19,-1.95,-0.58,0.42,4563547,1602,W
42,-0.98,-2.07,0.9,-1.73,0.6,0.6,-9.54,5.96,1.76,0,0,0,0.42,4563585,1640,W
43,0.75,-2.67,0.3,-0.13,-1.69,0.68,-9.54,5.96,1.76,0,0,0,0.42,4563625,1680,W
44,0.88,-0.98,-0.38,0,0,0,-9.54,5.96,1.76,-4.6,2.37,1.07,0.42,4563664,1719,W
45,0.88,-0.98,-0.38,0,0,0,-4.94,3.59,0.69,-0.3,-0.57,-0.69,0.42,4563703,1758,W
46,0.88,-0.98,-0.38,0,0,0,-4.64,4.16,1.38,-0.66,-0.19,-0.15,0.42,4563742,1797,W
47,0.88,-0.98,-0.38,1.16,-1.67,1.99,-3.98,4.35,1.53,0,0,0,0.42,4563780,1835,W
48,-0.28,0.69,-2.37,0.1,-0.42,0.15,-3.98,4.35,1.53,0,0,0,0.42,4563820,1875,W
49,-0.38,1.11,-2.52,0,0,0,-3.98,4.35,1.53,1.46,-3.26,-1.57,0.42,4563858,1913,W
50,-0.38,1.11,-2.52,0,0,0,-5.44,7.61,3.1,-0.38,-2.41,-1.34,0.42,4563898,1953,W
51,-0.38,1.11,-2.52,-0.32,0.86,0.08,-5.06,10.02,4.44,0,0,0,0.42,4563936,1991,W
52,-0.06,0.25,-2.6,0.25,-0.59,-0.71,-5.06,10.02,4.44,0,0,0,0.42,4563977,2032,W
53,-0.31,0.84,-1.89,0,0,0,-5.06,10.02,4.44,4.75,-2.87,2.18,0.42,4564017,2072,W
54,-0.31,0.84,-1.89,0,0,0,-9.81,12.89,2.26,1.34,4.17,-1.8,0.42,4564058,2113,W
55,-0.31,0.84,-1.89,0,0,0,-11.15,8.72,4.06,-1.38,3.68,4.52,0.42,4564099,2154,W
56,-0.31,0.84,-1.89,0.2,0.76,-2.1,-9.77,5.04,-0.46,0,0,0,0.42,4564136,2191,W
57,-0.51,0.08,0.21,0,0,0,-9.77,5.04,-0.46,-1.04,0.31,-1.41,0.42,4564177,2232,W
58,-0.51,0.08,0.21,-0.28,-0.3,-0.39,-8.73,4.73,0.95,0,0,0,0.42,4564217,2272,W
59,-0.23,0.38,0.6,0,0,0,-8.73,4.73,0.95,-0.11,-0.16,0.57,0.42,4564257,2312,W
60,-0.23,0.38,0.6,0,0,0,-8.62,4.89,0.38,-0.16,0.04,-0.34,0.42,4564296,2351,W
61,-0.23,0.38,0.6,0.01,0.4,0.09,-8.46,4.85,0.72,0,0,0,0.42,4564334,2389,W
62,-0.24,-0.02,0.51,-0.01,0.25,0.1,-8.46,4.85,0.72,0,0,0,0.42,4564374,2429,W
63,-0.23,-0.27,0.41,0,0,0,-8.46,4.85,0.72,-0.42,-0.42,-0.46,0.42,4564414,2469,W
64,-0.23,-0.27,0.41,0,0,0,-8.04,5.27,1.18,0.12,-0.12,0.19,0.42,4564453,2508,W
65,-0.23,-0.27,0.41,0,0,0,-8.16,5.39,0.99,0,-0.04,0.27,0.42,4564492,2547,W
66,-0.23,-0.27,0.41,-0.09,0.09,0.03,-8.16,5.43,0.72,0,0,0,0.42,4564530,2585,W
67,-0.14,-0.36,0.38,0.12,0.19,-0.22,-8.16,5.43,0.72,0,0,0,0.42,4564570,2625,W
68,-0.26,-0.55,0.6,0,0,0,-8.16,5.43,0.72,-2.57,0.54,-1.77,0.42,4564609,2664,W
69,-0.26,-0.55,0.6,0,0,0,-5.59,4.89,2.49,-4.71,-1.65,1.57,0.42,4564648,2703,W
70,-0.26,-0.55,0.6,-1.32,1.29,-1.86,-0.88,6.54,0.92,0,0,0,0.42,4564686,2741,W
71,1.06,-1.84,2.46,1.95,0.91,-2.19,-0.88,6.54,0.92,0,0,0,0.42,4564726,2781,W
72,-0.89,-2.75,4.65,0,0,0,-0.88,6.54,0.92,18.24,-0.5,1.23,0.42,4564765,2820,W
73,-0.89,-2.75,4.65,0,0,0,-19.12,7.04,-0.31,-12.19,3.72,2.76,0.42,4564804,2859,W
74,-0.89,-2.75,4.65,0,0,0,-6.93,3.32,-3.07,-1.3,-7.89,-4.95,0.42,4564845,2900,W
75,-0.89,-2.75,4.65,0.57,-2.04,3.98,-5.63,11.21,1.88,0,0,0,0.42,4564884,2939,W
76,-1.46,-0.71,0.67,0,0,0,-5.63,11.21,1.88,-4.63,10.46,3.34,0.42,4564925,2980,W
77,-1.46,-0.71,0.67,0,0,0,-1,0.75,-1.46,-0.12,2.41,-1.53,0.42,4564965,3020,W
78,-1.46,-0.71,0.67,0,0,0,-0.88,-1.66,0.07,3.68,-1.38,-1.23,0.42,4565007,3062,W
79,-1.46,-0.71,0.67,0,0,0,-4.56,-0.28,1.3,1.42,-2.8,-0.42,0.42,4565047,3102,W
80,-1.46,-0.71,0.67,-1.01,-0.55,4.88,-5.98,2.52,1.72,0,0,0,0.42,4565085,3140,W
81,-0.45,-0.16,-4.21,-0.25,-0.28,0.46,-5.98,2.52,1.72,0,0,0,0.42,4565126,3181,W
82,-0.2,0.12,-4.67,0,0,0,-5.98,2.52,1.72,4.44,-13.52,1.92,0.42,4565167,3222,W
83,-0.2,0.12,-4.67,0,0,0,-10.42,16.04,-0.2,-1.76,-7.69,0.38,0.42,4565206,3261,W
84,-0.2,0.12,-4.67,0,0,0,-8.66,23.73,-0.58,-7.16,-1.27,0.69,0.42,4565248,3303,W
85,-0.2,0.12,-4.67,-0.6,0.02,-3.59,-1.5,25,-1.27,0,0,0,0.42,4565286,3341,W
86,0.4,0.1,-1.08,1.75,0.59,-1.7,-1.5,25,-1.27,0,0,0,0.42,4565327,3382,W
87,-1.35,-0.49,0.62,0,0,0,-1.5,25,-1.27,5.43,21.37,-1.69,0.42,4565368,3423,W
88,-1.35,-0.49,0.62,0,0,0,-6.93,3.63,0.42,1.77,-0.76,-1.53,0.42,4565409,3464,W
89,-1.35,-0.49,0.62,0,0,0,-8.7,4.39,1.95,0.03,0.27,1.26,0.42,4565449,3504,W
90,-1.35,-0.49,0.62,-1.42,-0.93,-0.08,-8.73,4.12,0.69,0,0,0,0.42,4565487,3542,W
91,0.07,0.44,0.7,0,0,0,-8.73,4.12,0.69,-0.38,-1,0.16,0.42,4565527,3582,W
92,0.07,0.44,0.7,0.11,0.34,0.24,-8.35,5.12,0.53,0,0,0,0.42,4565567,3622,W
93,-0.04,0.1,0.46,0,0,0,-8.35,5.12,0.53,0.11,0.12,0.03,0.42,4565606,3661,W
94,-0.04,0.1,0.46,0,0,0,-8.46,5,0.5,-0.19,-0.2,0.23,0.42,4565646,3701,W
95,-0.04,0.1,0.46,0,0,0,-8.27,5.2,0.27,0.04,-0.07,-0.07,0.42,4565683,3738,W
96,-0.04,0.1,0.46,0.07,0.21,-0.07,-8.31,5.27,0.34,0,0,0,0.42,4565723,3778,W
97,-0.11,-0.11,0.53,0,0,0,-8.31,5.27,0.34,-0.11,-0.46,0.15,0.42,4565762,3817,W
98,-0.11,-0.11,0.53,0,0,0,-8.2,5.73,0.19,0.07,-0.12,-0.38,0.42,4565800,3855,W
99,-0.11,-0.11,0.53,0,0,0,-8.27,5.85,0.57,0,0,0,0.42,4565839,3894,W
100,-0.11,-0.11,0.53,1.43,1.61,-2.72,-8.27,5.85,0.57,0,0,0,0.42,4565878,3933,W
101,-1.54,-1.72,3.25,-3.9,-0.9,0.81,-8.27,5.85,0.57,0,0,0,0.42,4565918,3973,W
102,2.36,-0.82,2.44,0,0,0,-8.27,5.85,0.57,8.51,-4.86,-6.55,0.42,4565958,4013,W
103,2.36,-0.82,2.44,0,0,0,-16.78,10.71,7.12,6.24,-0.69,3.94,0.42,4565998,4053,W
104,2.36,-0.82,2.44,1.88,2.21,1.05,-23.02,11.4,3.18,0,0,0,0.42,4566037,4092,W
105,0.48,-3.03,1.39,-2.15,-0.18,0.49,-23.02,11.4,3.18,0,0,0,0.42,4566078,4133,W
106,2.63,-2.85,0.9,0,0,0,-23.02,11.4,3.18,-18.73,9.46,-0.11,0.42,4566118,4173,W
107,2.63,-2.85,0.9,5,-2.72,2.54,-4.29,1.94,3.29,0,0,0,0.42,4566159,4214,W
108,-2.37,-0.13,-1.64,-3.79,0.39,1.43,-4.29,1.94,3.29,-1.84,1.84,7.74,0.42,4566199,4254,W
109,1.42,-0.52,-3.07,0,0,0,-2.45,0.1,-4.45,-1.45,-2.22,-3.26,0.42,4566279,4334,W
110,1.42,-0.52,-3.07,2.21,-1.13,1.14,-1,2.32,-1.19,0,0,0,0.42,4566320,4375,W
111,-0.79,0.61,-4.21,0,0,0,-1,2.32,-1.19,4.9,-8.73,0.65,0.42,4566360,4415,W
112,-0.79,0.61,-4.21,0,0,0,-5.9,11.05,-1.84,1.99,-0.16,0.23,0.42,4566401,4456,W
113,-0.79,0.61,-4.21,0,0,0,-7.89,11.21,-2.07,0,0,0,0.42,4566440,4495,W
114,-0.79,0.61,-4.21,0.17,-0.89,-1.87,-7.89,11.21,-2.07,0,0,0,0.42,4566481,4536,W
115,-0.96,1.5,-2.34,0,0,0,-7.89,11.21,-2.07,-0.3,-8.43,-4.63,0.42,4566523,4578,W
116,-0.96,1.5,-2.34,0,0,0,-7.59,19.64,2.56,-0.35,17.01,-3.68,0.42,4566565,4620,W
117,-0.96,1.5,-2.34,0,0,0,-7.24,2.63,6.24,2.99,-3.1,3.6,0.42,4566607,4662,W
118,-0.96,1.5,-2.34,0,0,0,-10.23,5.73,2.64,-0.04,0.96,1.03,0.42,4566648,4703,W
119,-0.96,1.5,-2.34,-0.76,1.4,-2.63,-10.19,4.77,1.61,0,0,0,0.42,4566687,4742,W
120,-0.2,0.1,0.29,0.13,0.35,-0.39,-10.19,4.77,1.61,0,0,0,0.42,4566729,4784,W
121,-0.33,-0.25,0.68,0,0,0,-10.19,4.77,1.61,-0.92,0,0,0.42,4566769,4824,W
122,-0.33,-0.25,0.68,0,0,0,-9.27,4.77,1.61,-0.73,0.53,0.31,0.42,4566810,4865,W
123,-0.33,-0.25,0.68,0,0,0,-8.54,4.24,1.3,0.04,-0.34,0.19,0.42,4566851,4906,W
124,-0.33,-0.25,0.68,0,0,0,-8.58,4.58,1.11,0,0,0,0.42,4566890,4945,W
125,-0.33,-0.25,0.68,-0.31,-0.1,0.32,-8.58,4.58,1.11,0,0,0,0.42,4566929,4984,W
126,-0.02,-0.15,0.36,0,0,0,-8.58,4.58,1.11,-0.27,-0.19,-0.38,0.42,4566969,5024,W
127,-0.02,-0.15,0.36,0,0,0,-8.31,4.77,1.49,-0.11,-0.23,0.11,0.42,4567010,5065,W
128,-0.02,-0.15,0.36,0,0,0,-8.2,5,1.38,0,0,-0.15,0.42,4567050,5105,W
129,-0.02,-0.15,0.36,0,0,0,-8.2,5,1.53,0,0,0,0.42,4567090,5145,W
130,-0.02,-0.15,0.36,0,0,0,-8.2,5,1.53,-0.04,-0.16,-0.08,0.42,4567129,5184,W
131,-0.02,-0.15,0.36,0.51,1.72,-1.93,-8.16,5.16,1.61,0,0,0,0.42,4567170,5225,W
132,-0.53,-1.87,2.29,0,0,0,-8.16,5.16,1.61,5.9,-1.99,-0.99,0.42,4567209,5264,W
133,-0.53,-1.87,2.29,0,0,0,-14.06,7.15,2.6,-4.71,0.27,-0.54,0.42,4567250,5305,W
134,-0.53,-1.87,2.29,0,0,0,-9.35,6.88,3.14,0,0,0,0.42,4567290,5345,W
135,-0.53,-1.87,2.29,-0.34,-2.58,0.06,-9.35,6.88,3.14,0,0,0,0.42,4567329,5384,W
136,-0.19,0.71,2.23,0,0,0,-9.35,6.88,3.14,-3.99,0.5,3.49,0.42,4567370,5425,W
137,-0.19,0.71,2.23,0,0,0,-5.36,6.38,-0.35,-1.8,-0.96,-1.96,0.42,4567410,5465,W
138,-0.19,0.71,2.23,0,0,0,-3.56,7.34,1.61,0.77,6.05,0.43,0.42,4567451,5506,W
139,-0.19,0.71,2.23,0,0,0,-4.33,1.29,1.18,-2.03,-1.42,-0.81,0.42,4567492,5547,W
140,-0.19,0.71,2.23,0,0,0,-2.3,2.71,1.99,0.84,-2.37,-0.23,0.42,4567531,5586,W
141,-0.19,0.71,2.23,-0.74,-0.17,4.05,-3.14,5.08,2.22,0,0,0,0.42,4567573,5628,W
142,0.55,0.88,-1.82,0,0,0,-3.14,5.08,2.22,1.53,-5.1,-0.84,0.42,4567614,5669,W
143,0.55,0.88,-1.82,0,0,0,-4.67,10.18,3.06,0.46,-0.68,-2.07,0.42,4567655,5710,W
144,0.55,0.88,-1.82,0,0,0,-5.13,10.86,5.13,-4.44,3.52,-0.04,0.42,4567697,5752,W
145,0.55,0.88,-1.82,1.39,-0.21,-1.54,-0.69,7.34,5.17,0,0,0,0.42,4567737,5792,W
146,-0.84,1.09,-0.28,0,0,0,-0.69,7.34,5.17,8.31,0.65,5.17,0.42,4567778,5833,W
147,-0.84,1.09,-0.28,-0.95,1.26,0.08,-9,6.69,0,0,0,0,0.42,4567819,5874,W
148,0.11,-0.17,-0.36,0,0,0,-9,6.69,0,-1.37,0.99,-2.22,0.42,4567860,5915,W
149,0.11,-0.17,-0.36,0,0,0,-7.63,5.7,2.22,0.11,0.27,-0.08,0.42,4567901,5956,W
150,0.11,-0.17,-0.36,0,0,0,-7.74,5.43,2.3,0.08,-0.03,0.31,0.42,4567943,5998,W
151,0.11,-0.17,-0.36,0.13,-0.36,-0.21,-7.82,5.46,1.99,0,0,0,0.42,4567983,6038,W
152,-0.02,0.19,-0.15,0,0,0,-7.82,5.46,1.99,-0.77,0.38,0,0.42,4568025,6080,W
153,-0.02,0.19,-0.15,0,0,0,-7.05,5.08,1.99,1.07,-0.31,0.19,0.42,4568066,6121,W
154,-0.02,0.19,-0.15,0,0,0,-8.12,5.39,1.8,-0.23,0.12,-0.15,0.42,4568109,6164,T
155,-0.02,0.19,-0.15,0,0,0,-7.89,5.27,1.95,0.08,0,0.07,0.42,4568148,6203,T
156,-0.02,0.19,-0.15,-0.03,0.15,-0.17,-7.97,5.27,1.88,0,0,0,0.42,4568188,6243,T
157,0.01,0.04,0.02,0.02,0.04,0.01,-7.97,5.27,1.88,0,0,0,0.42,4568229,6284,T
158,-0.01,0,0.01,0,0,0,-7.97,5.27,1.88,-0.04,-0.04,-0.07,0.42,4568269,6324,T
159,-0.01,0,0.01,0,0,0,-7.93,5.31,1.95,0.04,-0.04,0,0.42,4568309,6364,T
160,-0.01,0,0.01,0,0,0,-7.97,5.35,1.95,0.04,0.04,0.07,0.42,4568349,6404,T
161,-0.01,0,0.01,-0.01,-0.01,-0.01,-8.01,5.31,1.88,0,0,0,0.42,4568388,6443,T
162,0,0.01,0.02,0,-0.01,0.01,-8.01,5.31,1.88,0,0,0,0.42,4568429,6484,T
163,0,0.02,0.01,0,0,0,-8.01,5.31,1.88,-0.04,-0.04,-0.03,0.42,4568469,6524,T
164,0,0.02,0.01,0,0,0,-7.97,5.35,1.91,0,0,0,0.42,4568509,6564,T
165,0,0.02,0.01,0,0,0,-7.97,5.35,1.91,-0.04,0.04,0,0.42,4568550,6605,T
166,0,0.02,0.01,0,0,0,-7.93,5.31,1.91,0,0,0,0.42,4568590,6645,T
167,0,0.02,0.01,0,0,0,-7.93,5.31,1.91,0.04,0,0.03,0.42,4568629,6684,T
168,0,0.02,0.01,-0.03,-0.08,0.02,-7.97,5.31,1.88,0,0,0,0.42,4568669,6724,T
169,0.03,0.1,-0.01,0,0,0,-7.97,5.31,1.88,-0.04,0.04,0.08,0.42,4568709,6764,T
170,0.03,0.1,-0.01,0,0,0,-7.93,5.27,1.8,-0.04,0,-0.11,0.42,4568749,6804,T
171,0.03,0.1,-0.01,-0.03,-0.09,-0.02,-7.89,5.27,1.91,0,0,0,0.42,4568787,6842,T
172,0.06,0.19,0.01,0,-0.03,0.05,-7.89,5.27,1.91,0,0,0,0.42,4568827,6882,T
173,0.06,0.22,-0.04,0,0,0,-7.89,5.27,1.91,0.12,-0.12,0.38,0.42,4568866,6921,T
174,0.06,0.22,-0.04,0,0,0,-8.01,5.39,1.53,-0.04,0.08,0,0.42,4568907,6962,T
175,0.06,0.22,-0.04,0,0,0,-7.97,5.31,1.53,0.65,-0.54,-0.54,0.42,4568947,7002,T
176,0.06,0.22,-0.04,0.24,0.14,0.11,-8.62,5.85,2.07,0,0,0,0.42,4568986,7041,T
177,-0.18,0.08,-0.15,0,0,0,-8.62,5.85,2.07,-0.35,0.73,0.31,0.42,4569026,7081,T
178,-0.18,0.08,-0.15,0,0,0,-8.27,5.12,1.76,-0.03,-0.04,0.27,0.42,4569067,7122,T
179,-0.18,0.08,-0.15,0,0,0,-8.24,5.16,1.49,0.11,0,-0.31,0.42,4569108,7163,T
180,-0.18,0.08,-0.15,0,0,0,-8.35,5.16,1.8,-0.19,-0.07,-0.23,0.42,4569148,7203,T
181,-0.18,0.08,-0.15,-0.06,0.64,-0.15,-8.16,5.23,2.03,0,0,0,0.42,4569187,7242,T
182,-0.12,-0.56,0,-0.09,-0.05,-0.02,-8.16,5.23,2.03,0,0,0,0.42,4569228,7283,T
183,-0.03,-0.51,0.02,0,0,0,-8.16,5.23,2.03,-0.08,0.15,-0.65,0.42,4569269,7324,T
184,-0.03,-0.51,0.02,0,0,0,-8.08,5.08,2.68,-0.3,0,-0.34,0.42,4569309,7364,T
185,-0.03,-0.51,0.02,0,0,0,-7.78,5.08,3.02,0.04,-0.19,0.42,0.42,4569349,7404,T
186,-0.03,-0.51,0.02,0.14,-0.64,0.16,-7.82,5.27,2.6,0,0,0,0.42,4569388,7443,T
187,-0.17,0.13,-0.14,0.04,0.28,-0.13,-7.82,5.27,2.6,0,0,0,0.42,4569428,7483,W
188,-0.21,-0.15,-0.01,0,0,0,-7.82,5.27,2.6,1.38,-1.15,0.38,0.42,4569468,7523,W
189,-0.21,-0.15,-0.01,0.03,-0.18,0.04,-9.2,6.42,2.22,0,0,0,0.42,4569509,7564,W
190,-0.24,0.03,-0.05,0,0,0,-9.2,6.42,2.22,-1.46,1.65,-0.34,0.42,4569549,7604,W
191,-0.24,0.03,-0.05,0,0,0,-7.74,4.77,2.56,0,0,0,0.42,4569589,7644,W
192,-0.24,0.03,-0.05,0,0,0,-7.74,4.77,2.56,0.11,-0.08,-0.12,0.42,4569628,7683,W
193,-0.24,0.03,-0.05,-0.13,0,0,-7.85,4.85,2.68,0,0,0,0.42,4569669,7724,W
194,-0.11,0.03,-0.05,0,0,0,-7.85,4.85,2.68,0,-0.08,-0.23,0.42,4569709,7764,W
195,-0.11,0.03,-0.05,0,0,0,-7.85,4.93,2.91,0,-0.38,0.2,0.42,4569749,7804,W
196,-0.11,0.03,-0.05,0,0,0,-7.85,5.31,2.71,0,0,0,0.42,4569789,7844,W
197,-0.11,0.03,-0.05,0.04,0.07,-0.03,-7.85,5.31,2.71,0,0,0,0.42,4569829,7884,W
198,-0.15,-0.04,-0.02,0,0,0,-7.85,5.31,2.71,0.12,0.46,0.03,0.42,4569869,7924,W
199,-0.15,-0.04,-0.02,0,0,0,-7.97,4.85,2.68,0.15,0.23,-0.15,0.42,4569910,7965,W
200,-0.15,-0.04,-0.02,0,0,0,-8.12,4.62,2.83,-0.08,-0.27,0.04,0.42,4569951,8006,W
201,-0.15,-0.04,-0.02,0,0,0,-8.04,4.89,2.79,0.04,-0.04,-0.04,0.42,4569993,8048,W
202,-0.15,-0.04,-0.02,-0.08,-0.13,0.11,-8.08,4.93,2.83,0,0,0,0.42,4570032,8087,W
203,-0.07,0.09,-0.13,-0.08,-0.03,0.1,-8.08,4.93,2.83,0,0,0,0.42,4570075,8130,W
204,0.01,0.12,-0.23,0,0,0,-8.08,4.93,2.83,-0.15,-0.11,0.19,0.42,4570116,8171,W
205,0.01,0.12,-0.23,0,0,0,-7.93,5.04,2.64,0.46,0.15,0.57,0.42,4570156,8211,W
206,0.01,0.12,-0.23,0,0,0,-8.39,4.89,2.07,-2.45,-2.95,-3.56,0.42,4570196,8251,W
207,0.01,0.12,-0.23,0,0,0,-5.94,7.84,5.63,0,0,0,0.42,4570235,8290,W
208,0.01,0.12,-0.23,2.38,-1.84,-0.82,-5.94,7.84,5.63,0,0,0,0.42,4570275,8330,W
209,-2.37,1.96,0.59,0,0,0,-5.94,7.84,5.63,0.23,0.57,1.95,0.42,4570316,8371,W
210,-2.37,1.96,0.59,0,0,0,-6.17,7.27,3.68,0.04,-0.38,0.43,0.42,4570357,8412,W
211,-2.37,1.96,0.59,0,0,0,-6.21,7.65,3.25,0.57,0.08,0.84,0.42,4570397,8452,W
212,-2.37,1.96,0.59,2.35,-0.32,-1.49,-6.78,7.57,2.41,0,0,0,0.42,4570436,8491,W
213,-4.72,2.28,2.08,0,0,0,-6.78,7.57,2.41,2.95,2.72,2.91,0.42,4570476,8531,W
214,-4.72,2.28,2.08,-1.79,0.54,1.29,-9.73,4.85,-0.5,0,0,0,0.42,4570517,8572,W
215,-2.93,1.74,0.79,0,0,0,-9.73,4.85,-0.5,-1.69,0.73,-0.23,0.42,4570558,8613,W
216,-2.93,1.74,0.79,0,0,0,-8.04,4.12,-0.27,0.16,-0.5,0.16,0.42,4570598,8653,W
217,-2.93,1.74,0.79,-0.12,-0.08,0.68,-8.2,4.62,-0.43,0,0,0,0.42,4570637,8692,W
218,-2.81,1.82,0.11,-0.78,0.19,0.23,-8.2,4.62,-0.43,0,0,0,0.42,4570678,8733,W
219,-2.03,1.63,-0.12,0,0,0,-8.2,4.62,-0.43,-2.53,-1.46,-0.23,0.42,4570718,8773,W
220,-2.03,1.63,-0.12,0,0,0,-5.67,6.08,-0.2,1.72,-1.15,0.34,0.42,4570759,8814,W
221,-2.03,1.63,-0.12,0,0,0,-7.39,7.23,-0.54,0.39,2.95,-2.26,0.42,4570800,8855,W
222,-2.03,1.63,-0.12,0,0,0,-7.78,4.28,1.72,0,0,0,0.42,4570841,8896,W
223,-2.03,1.63,-0.12,0,0,0,-7.78,4.28,1.72,-0.08,0.35,-0.08,0.42,4570880,8935,W
224,-2.03,1.63,-0.12,-1.83,1,0.1,-7.7,3.93,1.8,0,0,0,0.42,4570923,8978,W
225,-0.2,0.63,-0.22,0,0,0,-7.7,3.93,1.8,1.38,-2.68,-0.23,0.42,4570963,9018,W
226,-0.2,0.63,-0.22,0,0,0,-9.08,6.61,2.03,-1.26,1.8,-0.3,0.42,4571005,9060,W
227,-0.2,0.63,-0.22,0,0,0,-7.82,4.81,2.33,0.45,-0.31,1.22,0.42,4571047,9102,W
228,-0.2,0.63,-0.22,-0.18,0.34,-0.19,-8.27,5.12,1.11,0,0,0,0.42,4571087,9142,W
229,-0.02,0.29,-0.03,0,0,0,-8.27,5.12,1.11,0.04,0.04,0.16,0.42,4571127,9182,W
230,-0.02,0.29,-0.03,-0.03,0.14,-0.19,-8.31,5.08,0.95,0,0,0,0.42,4571170,9225,W
231,0.01,0.15,0.16,0,0,0,-8.31,5.08,0.95,0,-0.04,0.03,0.42,4571211,9266,W
232,0.01,0.15,0.16,0,0,0,-8.31,5.12,0.92,0,0.69,0.12,0.42,4571250,9305,W
233,0.01,0.15,0.16,0,0,0,-8.31,4.43,0.8,-0.3,-0.96,-0.19,0.42,4571292,9347,W
234,0.01,0.15,0.16,-0.04,0.03,-0.59,-8.01,5.39,0.99,0,0,0,0.42,4571330,9385,W
235,0.05,0.12,0.75,0,0,0,-8.01,5.39,0.99,-0.08,-0.27,0.3,0.42,4571370,9425,W
236,0.05,0.12,0.75,0,0,0,-7.93,5.66,0.69,0.61,-1.38,0.12,0.42,4571411,9466,W
237,0.05,0.12,0.75,0,0,0,-8.54,7.04,0.57,0.46,-0.19,-0.23,0.42,4571451,9506,W
238,0.05,0.12,0.75,0,0,0,-9,7.23,0.8,2.68,-3.44,-1.08,0.42,4571491,9546,W
239,0.05,0.12,0.75,-0.96,2.34,-4.45,-11.68,10.67,1.88,0,0,0,0.42,4571529,9584,W
240,1.01,-2.22,5.2,0,0,0,-11.68,10.67,1.88,8.43,-0.58,-4.21,0.42,4571570,9625,W
241,1.01,-2.22,5.2,0,0,0,-20.11,11.25,6.09,-16.78,8.51,7.36,0.42,4571613,9668,W
242,1.01,-2.22,5.2,0,0,0,-3.33,2.74,-1.27,1.31,-2.99,-1.34,0.42,4571655,9710,W
243,1.01,-2.22,5.2,0,0,0,-4.64,5.73,0.07,-2.73,6.89,-4.29,0.42,4571696,9751,W
244,1.01,-2.22,5.2,0.74,-3.44,7.05,-1.91,-1.16,4.36,0,0,0,0.42,4571736,9791,W
245,0.27,1.22,-1.85,2.29,-0.42,0.24,-1.91,-1.16,4.36,0,0,0,0.42,4571777,9832,W
246,-2.02,1.64,-2.09,0,0,0,-1.91,-1.16,4.36,4.72,-3.48,0,0.42,4571817,9872,W
247,-2.02,1.64,-2.09,0,0,0,-6.63,2.32,4.36,0.11,-2.64,-0.62,0.42,4571859,9914,W
248,-2.02,1.64,-2.09,0,0,0,-6.74,4.96,4.98,0.19,-2.84,0.19,0.42,4571899,9954,W
249,-2.02,1.64,-2.09,0,0,0,-6.93,7.8,4.79,2.15,-2.26,0.58,0.42,4571940,9995,W
250,-2.02,1.64,-2.09,-0.69,1.02,1.86,-9.08,10.06,4.21,0,0,0,0.42,4571980,10035,W
251,-1.33,0.62,-3.95,-1.27,-3.2,-1.87,-9.08,10.06,4.21,0,0,0,0.42,4572023,10078,W
252,-0.06,3.82,-2.08,0,0,0,-9.08,10.06,4.21,-10.31,-0.8,4.56,0.42,4572065,10120,W
253,-0.06,3.82,-2.08,0,0,0,1.23,10.86,-0.35,13.87,6.16,0.31,0.42,4572106,10161,W
254,-0.06,3.82,-2.08,0,0,0,-12.64,4.7,-0.66,-2.6,1.11,-2.15,0.42,4572148,10203,W
255,-0.06,3.82,-2.08,-0.51,3.29,-2.63,-10.04,3.59,1.49,0,0,0,0.42,4572188,10243,W
256,0.45,0.53,0.55,0,0,0,-10.04,3.59,1.49,-1.46,-0.46,0.19,0.42,4572230,10285,W
257,0.45,0.53,0.55,-0.05,1.06,0.16,-8.58,4.05,1.3,0,0,0,0.42,4572272,10327,W
258,0.5,-0.53,0.39,0,0,0,-8.58,4.05,1.3,0.04,-0.26,-0.11,0.42,4572312,10367,W
259,0.5,-0.53,0.39,0,0,0,-8.62,4.31,1.41,0.11,-0.04,1.07,0.42,4572353,10408,W
260,0.5,-0.53,0.39,0,0,0,-8.73,4.35,0.34,-0.07,-0.12,-0.04,0.42,4572395,10450,W
261,0.5,-0.53,0.39,0.63,-0.66,-0.15,-8.66,4.47,0.38,0,0,0,0.42,4572434,10489,W
262,-0.13,0.13,0.54,0,0,0,-8.66,4.47,0.38,-0.08,-0.26,0.08,0.42,4572476,10531,W
263,-0.13,0.13,0.54,0.44,-0.41,-0.42,-8.58,4.73,0.3,0,0,0,0.42,4572517,10572,W
264,-0.57,0.54,0.96,0,0,0,-8.58,4.73,0.3,-0.57,-0.85,0,0.42,4572557,10612,W
265,-0.57,0.54,0.96,0,0,0,-8.01,5.58,0.3,0.07,-0.04,0,0.42,4572598,10653,W
266,-0.57,0.54,0.96,-0.16,1.09,-0.2,-8.08,5.62,0.3,0,0,0,0.42,4572636,10691,W
267,-0.41,-0.55,1.16,-0.05,2.87,-1.12,-8.08,5.62,0.3,0,0,0,0.42,4572678,10733,W
268,-0.36,-3.42,2.28,0,0,0,-8.08,5.62,0.3,-0.38,-1.91,-2.3,0.42,4572719,10774,W
269,-0.36,-3.42,2.28,0,0,0,-7.7,7.53,2.6,2.34,-2.11,0.11,0.42,4572759,10814,W
270,-0.36,-3.42,2.28,0,0,0,-10.04,9.64,2.49,8.08,-5.09,-0.22,0.42,4572800,10855,W
271,-0.36,-3.42,2.28,0,0,0,-18.12,14.73,2.71,7.2,5.89,0.26,0.42,4572841,10896,W
272,-0.36,-3.42,2.28,0,0,0,-25.32,8.84,2.45,-14.67,9.73,2.11,0.42,4572882,10937,W
273,-0.36,-3.42,2.28,-1.87,-3.06,2.96,-10.65,-0.89,0.34,0,0,0,0.42,4572925,10980,W
274,1.51,-0.36,-0.68,0,0,0,-10.65,-0.89,0.34,-9.08,0.43,-3.91,0.42,4572967,11022,W
275,1.51,-0.36,-0.68,0,0,0,-1.57,-1.32,4.25,-0.11,-3.76,1.5,0.42,4573008,11063,W
276,1.51,-0.36,-0.68,0,0,0,-1.46,2.44,2.75,3.41,-1.76,-0.96,0.42,4573050,11105,W
277,1.51,-0.36,-0.68,0,0,0,-4.87,4.2,3.71,-0.42,-0.23,1.26,0.42,4573092,11147,W
278,1.51,-0.36,-0.68,2.58,-1.25,3.81,-4.45,4.43,2.45,0,0,0,0.42,4573131,11186,W
279,-1.07,0.89,-4.49,1.05,-1.96,-0.59,-4.45,4.43,2.45,0,0,0,0.42,4573174,11229,W
280,-2.12,2.85,-3.9,0,0,0,-4.45,4.43,2.45,6.47,-10.61,-1.68,0.42,4573216,11271,W
281,-2.12,2.85,-3.9,0,0,0,-10.92,15.04,4.13,-4.48,-5.86,-0.96,0.42,4573257,11312,W
282,-2.12,2.85,-3.9,0,0,0,-6.44,20.9,5.09,-4.98,-4.33,2.34,0.42,4573298,11353,W
283,-2.12,2.85,-3.9,0,0,0,-1.46,25.23,2.75,0,0,0,0.42,4573340,11395,W
284,-2.12,2.85,-3.9,-3.69,1.4,-5.4,-1.46,25.23,2.75,0,0,0,0.42,4573381,11436,W
285,1.57,1.45,1.5,1.26,1.26,0.8,-1.46,25.23,2.75,0,0,0,0.42,4573423,11478,W
286,0.31,0.19,0.7,0,0,0,-1.46,25.23,2.75,7.58,21.3,3.25,0.42,4573464,11519,W
287,0.31,0.19,0.7,0,0,0,-9.04,3.93,-0.5,-0.15,0.5,-2.49,0.42,4573504,11559,W
288,0.31,0.19,0.7,0,0,0,-8.89,3.43,1.99,0.07,-0.66,1.11,0.42,4573545,11600,W
289,0.31,0.19,0.7,0.17,-0.25,0.07,-8.96,4.09,0.88,0,0,0,0.42,4573584,11639,W
290,0.14,0.44,0.63,0.04,0.49,0.22,-8.96,4.09,0.88,0,0,0,0.42,4573624,11679,W
291,0.1,-0.05,0.41,0,0,0,-8.96,4.09,0.88,-0.34,-0.42,0.69,0.42,4573664,11719,W
292,0.1,-0.05,0.41,0,0,0,-8.62,4.51,0.19,-0.16,-0.3,-0.38,0.42,4573704,11759,W
293,0.1,-0.05,0.41,0,0,0,-8.46,4.81,0.57,0.04,-0.04,0.34,0.42,4573744,11799,W
294,0.1,-0.05,0.41,0.46,-0.29,-0.21,-8.5,4.85,0.23,0,0,0,0.42,4573783,11838,W
295,-0.36,0.24,0.62,0,0,0,-8.5,4.85,0.23,-0.26,-0.42,-0.42,0.42,4573822,11877,W
296,-0.36,0.24,0.62,-0.14,-0.01,-0.48,-8.24,5.27,0.65,0,0,0,0.42,4573864,11919,W
297,-0.22,0.25,1.1,0,0,0,-8.24,5.27,0.65,0.3,-0.54,1.19,0.42,4573904,11959,W
298,-0.22,0.25,1.1,0,0,0,-8.54,5.81,-0.54,2.15,0.42,-1.57,0.42,4573944,11999,W
299,-0.22,0.25,1.1,-0.77,2.1,-2.7,-10.69,5.39,1.03,0,0,0,0.42,4573984,12039,W
300,0.55,-1.85,3.8,0.03,0.14,-1.25,-10.69,5.39,1.03,0,0,0,0.42,4574025,12080,W
301,0.52,-1.99,5.05,0,0,0,-10.69,5.39,1.03,9.92,-1.34,-7.74,0.42,4574065,12120,W
302,0.52,-1.99,5.05,0,0,0,-20.61,6.73,8.77,-15.59,3.26,5.86,0.42,4574105,12160,W
303,0.52,-1.99,5.05,0.52,-0.75,6.3,-5.02,3.47,2.91,0,0,0,0.42,4574185,12240,W
304,0,-1.24,-1.25,0,0,0,-5.02,3.47,2.91,-1.34,-1.26,2.64,0.42,4574225,12280,W
305,0,-1.24,-1.25,0.73,-1.06,1.59,-3.68,4.73,0.27,0,0,0,0.42,4574266,12321,W
306,-0.73,-0.18,-2.84,0,0,0,-3.68,4.73,0.27,1.19,0.53,-0.72,0.42,4574307,12362,W
307,-0.73,-0.18,-2.84,0,0,0,-4.87,4.2,0.99,3.02,-3.71,0.65,0.42,4574348,12403,W
308,-0.73,-0.18,-2.84,0,0,0,-7.89,7.91,0.34,0,0,0,0.42,4574388,12443,W
309,-0.73,-0.18,-2.84,-2.22,0.56,0.24,-7.89,7.91,0.34,0,0,0,0.42,4574429,12484,W
310,1.49,-0.74,-3.08,0,0,0,-7.89,7.91,0.34,0.35,-11.5,4.29,0.42,4574469,12524,W
311,1.49,-0.74,-3.08,0,0,0,-8.24,19.41,-3.95,2.26,10.31,-14.4,0.42,4574508,12563,W
312,1.49,-0.74,-3.08,0,0,0,-10.5,9.1,10.45,0.84,3.37,8.77,0.42,4574548,12603,W
313,1.49,-0.74,-3.08,0,0,0,-11.34,5.73,1.68,0,0,0,0.42,4574588,12643,W
314,1.49,-0.74,-3.08,1.66,-1.22,-2.9,-11.34,5.73,1.68,0,0,0,0.42,4574627,12682,W
315,-0.17,0.48,-0.18,0,0,0,-11.34,5.73,1.68,-2.88,1.07,-0.27,0.42,4574667,12722,W
316,-0.17,0.48,-0.18,0,0,0,-8.46,4.66,1.95,0.12,0.08,0.27,0.42,4574709,12764,W
317,-0.17,0.48,-0.18,0,0,0,-8.58,4.58,1.68,0.12,0.07,0.46,0.42,4574749,12804,W
318,-0.17,0.48,-0.18,0,0,0,-8.7,4.51,1.22,0,0.04,0.23,0.42,4574790,12845,W
319,-0.17,0.48,-0.18,0,0.44,-0.29,-8.7,4.47,0.99,0,0,0,0.42,4574829,12884,W
320,-0.17,0.04,0.11,-0.15,0,0,-8.7,4.47,0.99,0,0,0,0.42,4574870,12925,W
321,-0.02,0.04,0.11,0,0,0,-8.7,4.47,0.99,-0.24,0.69,-0.19,0.42,4574910,12965,W
322,-0.02,0.04,0.11,0,0,0,-8.46,3.78,1.18,0,-1.49,-0.2,0.42,4574949,13004,W
323,-0.02,0.04,0.11,0,0,0,-8.46,5.27,1.38,1.16,-0.58,0.08,0.42,4574991,13046,T
324,-0.02,0.04,0.11,-0.36,0.49,-0.22,-9.62,5.85,1.3,0,0,0,0.42,4575029,13084,T
325,0.34,-0.45,0.33,0,0,0,-9.62,5.85,1.3,-1.77,1.04,-0.88,0.42,4575069,13124,T
326,0.34,-0.45,0.33,0.36,-0.37,0.27,-7.85,4.81,2.18,0,0,0,0.42,4575109,13164,T
327,-0.02,-0.08,0.06,0,0,0,-7.85,4.81,2.18,0.31,-0.23,0.15,0.42,4575148,13203,T
328,-0.02,-0.08,0.06,0,0,0,-8.16,5.04,2.03,0,0,0,0.42,4575187,13242,T
329,-0.02,-0.08,0.06,0,0,0,-8.16,5.04,2.03,-0.08,0,-0.15,0.42,4575226,13281,T
330,-0.02,-0.08,0.06,0,-0.07,-0.01,-8.08,5.04,2.18,0,0,0,0.42,4575267,13322,T
331,-0.02,-0.01,0.07,0,0,0,-8.08,5.04,2.18,-0.04,-0.12,0.04,0.42,4575307,13362,T
332,-0.02,-0.01,0.07,0,0,0,-8.04,5.16,2.14,0,0.04,-0.04,0.42,4575347,13402,T
333,-0.02,-0.01,0.07,0,0,0,-8.04,5.12,2.18,0,0,0,0.42,4575387,13442,T
334,-0.02,-0.01,0.07,-0.03,-0.01,0.06,-8.04,5.12,2.18,0,0,0,0.42,4575427,13482,T
335,0.01,0,0.01,0,0,0,-8.04,5.12,2.18,-0.07,-0.08,0.04,0.42,4575467,13522,T
336,0.01,0,0.01,0,0,0,-7.97,5.2,2.14,0.04,0.04,-0.04,0.42,4575546,13601,T
337,0.01,0,0.01,-0.01,-0.02,0.02,-8.01,5.16,2.18,0,0,0,0.42,4575585,13640,T
338,0.02,0.02,-0.01,0,-0.02,0,-8.01,5.16,2.18,0,0,0,0.42,4575625,13680,T
339,0.02,0.04,-0.01,0,0,0,-8.01,5.16,2.18,0,0,0.07,0.42,4575665,13720,T
340,0.02,0.04,-0.01,0,0,0,-8.01,5.16,2.11,0.03,0,0.04,0.42,4575706,13761,T
341,0.02,0.04,-0.01,0,0,0,-8.04,5.16,2.07,0,0.04,0,0.42,4575747,13802,T
342,0.02,0.04,-0.01,0.03,0.02,-0.01,-8.04,5.12,2.07,0,0,0,0.42,4575784,13839,T
343,-0.01,0.02,0,0,0,0,-8.04,5.12,2.07,-0.03,-0.04,0,0.42,4575824,13879,T
344,-0.01,0.02,0,-0.02,0.01,0.02,-8.01,5.16,2.07,0,0,0,0.42,4575866,13921,T
345,0.01,0.01,-0.02,0,0,0,-8.01,5.16,2.07,0,0,0,0.42,4575906,13961,T
346,0.01,0.01,-0.02,0,0,0,-8.01,5.16,2.07,0.07,0.04,0.12,0.42,4575946,14001,T
347,0.01,0.01,-0.02,0.01,-0.03,0,-8.08,5.12,1.95,0,0,0,0.42,4575985,14040,T
348,0,0.04,-0.02,-0.02,0.02,0.02,-8.08,5.12,1.95,0,0,0,0.42,4576025,14080,T
349,0.02,0.02,-0.04,0,0,0,-8.08,5.12,1.95,0,0,-0.04,0.42,4576065,14120,T
350,0.02,0.02,-0.04,0,0,0,-8.08,5.12,1.99,0,0,-0.04,0.42,4576105,14160,T
351,0.02,0.02,-0.04,0,0,0,-8.08,5.12,2.03,0,0.04,0.08,0.42,4576146,14201,T
352,0.02,0.02,-0.04,0,-0.02,0,-8.08,5.08,1.95,0,0,0,0.42,4576184,14239,T
353,0.02,0.04,-0.04,0,0,0,-8.08,5.08,1.95,0.04,0,0.04,0.42,4576225,14280,T
354,0.02,0.04,-0.04,0,0,0,-8.12,5.08,1.91,0,0,0.07,0.42,4576265,14320,T
355,0.02,0.04,-0.04,0,0,0,-8.12,5.08,1.84,0.08,0.04,0.08,0.42,4576306,14361,T
356,0.02,0.04,-0.04,0,0,0,-8.2,5.04,1.76,-0.04,0,-0.08,0.42,4576345,14400,T
357,0.02,0.04,-0.04,0.02,0.01,-0.02,-8.16,5.04,1.84,0,0,0,0.42,4576384,14439,T
358,0,0.03,-0.02,-0.01,0,-0.01,-8.16,5.04,1.84,0,0,0,0.42,4576424,14479,T
359,0.01,0.03,-0.01,0,0,0,-8.16,5.04,1.84,0,0,0.04,0.42,4576464,14519,T
360,0.01,0.03,-0.01,0,0,0,-8.16,5.04,1.8,0,0,-0.04,0.42,4576505,14560,T
361,0.01,0.03,-0.01,0,0,0,-8.16,5.04,1.84,0,0.04,0,0.42,4576544,14599,T
362,0.01,0.03,-0.01,0.02,0.05,-0.02,-8.16,5,1.84,0,0,0,0.42,4576583,14638,T
363,-0.01,-0.02,0.01,-0.02,-0.01,0,-8.16,5,1.84,0,0,0,0.42,4576624,14679,T
364,0.01,-0.01,0.01,0,0,0,-8.16,5,1.84,0,-0.08,0.04,0.42,4576664,14719,T
365,0.01,-0.01,0.01,0.01,0.06,-0.01,-8.16,5.08,1.8,0,0,0,0.42,4576706,14761,T
366,0,-0.07,0.02,0,0,0,-8.16,5.08,1.8,-0.04,0.04,-0.11,0.42,4576746,14801,W
367,0,-0.07,0.02,0.03,-0.06,0,-8.12,5.04,1.91,0,0,0,0.42,4576785,14840,W
368,-0.03,-0.01,0.02,0,0,0,-8.12,5.04,1.91,0,-0.04,0.03,0.42,4576824,14879,W
369,-0.03,-0.01,0.02,-0.02,0.03,0.01,-8.12,5.08,1.88,0,0,0,0.42,4576865,14920,W
370,-0.01,-0.04,0.01,0,0,0,-8.12,5.08,1.88,0.04,0,-0.03,0.42,4576906,14961,W
371,-0.01,-0.04,0.01,0,0,0,-8.16,5.08,1.91,-0.04,0,0,0.42,4576947,15002,W
372,-0.01,-0.04,0.01,0.04,0,-0.04,-8.12,5.08,1.91,0,0,0,0.42,4576985,15040,W
373,-0.05,-0.04,0.05,0.02,0.09,-0.04,-8.12,5.08,1.91,0,0,0,0.42,4577027,15082,W
374,-0.07,-0.13,0.09,0,0,0,-8.12,5.08,1.91,0,0,-0.16,0.42,4577067,15122,W
375,-0.07,-0.13,0.09,0,0,0,-8.12,5.08,2.07,0.04,-0.04,0.12,0.42,4577106,15161,W
376,-0.07,-0.13,0.09,0,0,0,-8.16,5.12,1.95,-0.27,-0.31,-0.23,0.42,4577146,15201,W
377,-0.07,-0.13,0.09,0,0,0,-7.89,5.43,2.18,0,0,0,0.42,4577186,15241,W
378,-0.07,-0.13,0.09,0.14,0.15,-0.77,-7.89,5.43,2.18,0,0,0,0.42,4577226,15281,W
379,-0.21,-0.28,0.86,0,0,0,-7.89,5.43,2.18,0.84,-0.23,0.23,0.42,4577266,15321,W
380,-0.21,-0.28,0.86,0,0,0,-8.73,5.66,1.95,0.27,-1.49,-2.99,0.42,4577307,15362,W
381,-0.21,-0.28,0.86,0,0,0,-9,7.15,4.94,0.88,1.3,0.31,0.42,4577347,15402,W
382,-0.21,-0.28,0.86,0,0,0,-9.88,5.85,4.63,0,0,0,0.42,4577387,15442,W
383,-0.21,-0.28,0.86,-4.45,2.75,1.79,-9.88,5.85,4.63,0,0,0,0.42,4577427,15482,W
384,4.24,-3.03,-0.93,0.97,1.05,0.19,-9.88,5.85,4.63,0,0,0,0.42,4577467,15522,W
385,3.27,-4.08,-1.12,0,0,0,-9.88,5.85,4.63,-4.79,0.12,5.32,0.42,4577507,15562,W
386,3.27,-4.08,-1.12,0,0,0,-5.09,5.73,-0.69,-0.68,-1.31,-1.95,0.42,4577547,15602,W
387,3.27,-4.08,-1.12,0,0,0,-4.41,7.04,1.26,0,0,0,0.42,4577588,15643,W
388,3.27,-4.08,-1.12,-0.4,-1.53,0.3,-4.41,7.04,1.26,0,0,0,0.42,4577627,15682,W
389,3.67,-2.55,-1.42,0,0,0,-4.41,7.04,1.26,0.65,-7,2.11,0.42,4577667,15722,W
390,3.67,-2.55,-1.42,0,0,0,-5.06,14.04,-0.85,0.03,6.47,0.19,0.42,4577707,15762,W
391,3.67,-2.55,-1.42,0,0,0,-5.09,7.57,-1.04,3.15,2.95,-6.82,0.42,4577748,15803,W
392,3.67,-2.55,-1.42,0,0,0,-8.24,4.62,5.78,1.11,-1.99,5.71,0.42,4577789,15844,W
393,3.67,-2.55,-1.42,3.43,-3.71,-1.26,-9.35,6.61,0.07,0,0,0,0.42,4577829,15884,W
394,0.24,1.16,-0.16,0.35,0.88,0.47,-9.35,6.61,0.07,0,0,0,0.42,4577870,15925,W
395,-0.11,0.28,-0.63,0,0,0,-9.35,6.61,0.07,-1.53,0.61,-1.34,0.42,4577910,15965,W
396,-0.11,0.28,-0.63,0,0,0,-7.82,6,1.41,-0.04,0.08,-0.2,0.42,4577951,16006,W
397,-0.11,0.28,-0.63,0,0,0,-7.78,5.92,1.61,-0.04,0,0.04,0.42,4577993,16048,W
398,-0.11,0.28,-0.63,-0.14,0.48,-0.55,-7.74,5.92,1.57,0,0,0,0.42,4578032,16087,W
399,0.03,-0.2,-0.08,0,0,0,-7.74,5.92,1.57,-0.08,0.15,-0.23,0.42,4578074,16129,W
400,0.03,-0.2,-0.08,-0.01,-0.04,-0.03,-7.66,5.77,1.8,0,0,0,0.42,4578115,16170,W
401,0.04,-0.16,-0.05,0,0,0,-7.66,5.77,1.8,-0.03,0,-0.27,0.42,4578155,16210,W
402,0.04,-0.16,-0.05,0,0,0,-7.63,5.77,2.07,0.15,-0.12,0.27,0.42,4578196,16251,W
403,0.04,-0.16,-0.05,0.01,0.35,-0.04,-7.78,5.89,1.8,0,0,0,0.42,4578235,16290,W
404,0.03,-0.51,-0.01,0.2,0.11,-0.27,-7.78,5.89,1.8,0,0,0,0.42,4578276,16331,W
405,-0.17,-0.62,0.26,0,0,0,-7.78,5.89,1.8,-0.5,0.08,-1.03,0.42,4578316,16371,W
406,-0.17,-0.62,0.26,0,0,0,-7.28,5.81,2.83,-0.08,-0.08,-0.08,0.42,4578356,16411,W
407,-0.17,-0.62,0.26,0,0,0,-7.2,5.89,2.91,0.23,-0.19,-0.61,0.42,4578397,16452,W
408,-0.17,-0.62,0.26,0,0,0,-7.43,6.08,3.52,0,0,0,0.42,4578437,16492,W
409,-0.17,-0.62,0.26,0.47,0.89,-1.37,-7.43,6.08,3.52,0,0,0,0.42,4578476,16531,W
410,-0.64,-1.51,1.63,0,0,0,-7.43,6.08,3.52,6.52,-3.02,-2.87,0.42,4578516,16571,W
411,-0.64,-1.51,1.63,0,0,0,-13.95,9.1,6.39,2.87,4.37,6.01,0.42,4578560,16615,W
412,-0.64,-1.51,1.63,0,0,0,-16.82,4.73,0.38,0.84,6.7,-3.64,0.42,4578601,16656,W
413,-0.64,-1.51,1.63,0,0,0,-17.66,-1.97,4.02,-3.48,1.3,14.71,0.42,4578643,16698,W
414,-0.64,-1.51,1.63,4.9,-1.83,4.76,-14.18,-3.27,-10.69,0,0,0,0.42,4578685,16740,W
415,-5.54,0.32,-3.13,-2.22,0.82,0.64,-14.18,-3.27,-10.69,0,0,0,0.42,4578728,16783,W
416,-3.32,-0.5,-3.77,-13.95,3.85,3.55,-14.18,-3.27,-10.69,0,0,0,0.42,4578774,16829,W
417,10.63,-4.35,-7.32,0,0,0,-14.18,-3.27,-10.69,-13.53,-44.28,-3.75,0.42,4578818,16873,W
418,10.63,-4.35,-7.32,0,0,0,-0.65,41.01,-6.94,-7.66,14.4,-1.61,0.42,4578863,16918,W
419,10.63,-4.35,-7.32,0,0,0,7.01,26.61,-5.33,12.14,21.53,-7.44,0.42,4578906,16961,W
420,10.63,-4.35,-7.32,0,0,0,-5.13,5.08,2.11,1.92,-3.72,-1.68,0.42,4578949,17004,W
421,10.63,-4.35,-7.32,0,0,0,-7.05,8.8,3.79,-0.84,3.14,-0.69,0.42,4578991,17046,W
422,10.63,-4.35,-7.32,10.9,-4.43,-7.37,-6.21,5.66,4.48,0,0,0,0.42,4579032,17087,W
423,-0.27,0.08,0.05,0,0,0,-6.21,5.66,4.48,1.18,-0.23,2.26,0.42,4579074,17129,W
424,-0.27,0.08,0.05,-0.34,0.04,0.1,-7.39,5.89,2.22,0,0,0,0.42,4579116,17171,W
425,0.07,0.04,-0.05,0,0,0,-7.39,5.89,2.22,0.08,-0.03,-0.19,0.42,4579156,17211,W
426,0.07,0.04,-0.05,0,0,0,-7.47,5.92,2.41,-0.04,0.07,-0.3,0.42,4579196,17251,W
427,0.07,0.04,-0.05,0,0,0,-7.43,5.85,2.71,0,0,0,0.42,4579237,17292,W
428,0.07,0.04,-0.05,0.03,-0.01,-0.07,-7.43,5.85,2.71,0,0,0,0.42,4579278,17333,W
429,0.04,0.05,0.02,0,0,0,-7.43,5.85,2.71,-0.23,0.27,-0.27,0.42,4579318,17373,W
430,0.04,0.05,0.02,0,0,0,-7.2,5.58,2.98,0.23,0.08,0.19,0.42,4579357,17412,W
431,0.04,0.05,0.02,0,0,0,-7.43,5.5,2.79,0.04,-0.31,0.19,0.42,4579397,17452,W
432,0.04,0.05,0.02,0,0,0,-7.47,5.81,2.6,0,0,0,0.42,4579436,17491,W
433,0.04,0.05,0.02,0.08,0,-0.15,-7.47,5.81,2.6,0,0,0,0.42,4579474,17529,W
434,-0.04,0.05,0.17,0,0,0,-7.47,5.81,2.6,-0.04,-0.11,0.15,0.42,4579514,17569,W
435,-0.04,0.05,0.17,0,0,0,-7.43,5.92,2.45,0.16,0.03,0.34,0.42,4579555,17610,W
436,-0.04,0.05,0.17,0,0,0,-7.59,5.89,2.11,-0.12,-0.22,-0.15,0.42,4579595,17650,W
437,-0.04,0.05,0.17,0.13,0.84,-0.46,-7.47,6.11,2.26,0,0,0,0.42,4579634,17689,W
438,-0.17,-0.79,0.63,0,0,0,-7.47,6.11,2.26,2.8,-1,-0.19,0.42,4579674,17729,W
439,-0.17,-0.79,0.63,-2.13,0.54,-4.02,-10.27,7.11,2.45,0,0,0,0.42,4579715,17770,W
440,1.96,-1.33,4.65,0,0,0,-10.27,7.11,2.45,9.38,-4.02,-3.75,0.42,4579756,17811,W
441,1.96,-1.33,4.65,0,0,0,-19.65,11.13,6.2,-3.52,5.24,7.62,0.42,4579795,17850,W
442,1.96,-1.33,4.65,0,0,0,-16.13,5.89,-1.42,0,0,0,0.42,4579835,17890,W
443,1.96,-1.33,4.65,1.57,-0.55,4.48,-16.13,5.89,-1.42,0,0,0,0.58,4579876,17931,W
444,0.39,-0.78,0.17,0,0,0,-16.13,5.89,-1.42,-17.32,5.83,-4.87,0.58,4579916,17971,W
445,0.39,-0.78,0.17,0,0,0,1.19,0.06,3.45,6.4,-1.84,3.53,0.58,4579956,18011,W
446,0.39,-0.78,0.17,0,0,0,-5.21,1.9,-0.08,-1.3,3.26,2.41,0.58,4579996,18051,W
447,0.39,-0.78,0.17,0,0,0,-3.91,-1.36,-2.49,0,0,0,0.58,4580035,18090,W
448,0.39,-0.78,0.17,0,0,0,-3.91,-1.36,-2.49,0.99,-7.36,-5.7,0.58,4580074,18129,W
449,0.39,-0.78,0.17,0,0,0,-4.9,6,3.21,3.18,-2.57,3.21,0.58,4580115,18170,W
450,0.39,-0.78,0.17,0,0,0,-8.08,8.57,0,0.42,-3.83,-0.53,0.58,4580156,18211,W
451,0.39,-0.78,0.17,0,0,0,-8.5,12.4,0.53,0.96,-1.68,-0.23,0.58,4580196,18251,W
452,0.39,-0.78,0.17,0,0,0,-9.46,14.08,0.76,0,0,0,0.58,4580236,18291,W
453,0.39,-0.78,0.17,1.08,-1.13,0.87,-9.46,14.08,0.76,0,0,0,0.58,4580276,18331,W
454,-0.69,0.35,-0.7,0,0,0,-9.46,14.08,0.76,-2.76,5.09,0.11,0.58,4580316,18371,W
455,-0.69,0.35,-0.7,0,0,0,-6.7,8.99,0.65,7.78,11,-5.09,0.58,4580357,18412,W
456,-0.69,0.35,-0.7,0,0,0,-14.48,-2.01,5.74,-6.05,-12.07,4.02,0.58,4580397,18452,W
457,-0.69,0.35,-0.7,0,0,0,-8.43,10.06,1.72,0,0,0,0.58,4580439,18494,W
458,-0.69,0.35,-0.7,-0.79,-0.3,-1.02,-8.43,10.06,1.72,0,0,0,0.58,4580478,18533,W
459,0.1,0.65,0.32,0,0,0,-8.43,10.06,1.72,0.38,6.28,0.88,0.58,4580519,18574,W
460,0.1,0.65,0.32,0,0,0,-8.81,3.78,0.84,0.12,-0.57,0.61,0.58,4580560,18615,W
461,0.1,0.65,0.32,0,0,0,-8.93,4.35,0.23,0,-0.19,0.35,0.58,4580600,18655,W
462,0.1,0.65,0.32,0,0,0,-8.93,4.54,-0.12,-0.39,-0.19,-0.65,0.58,4580639,18694,W
463,0.1,0.65,0.32,0.25,0.36,-0.14,-8.54,4.73,0.53,0,0,0,0.58,4580678,18733,W
464,-0.15,0.29,0.46,-0.65,0.04,-0.04,-8.54,4.73,0.53,0,0,0,0.58,4580716,18771,W
465,0.5,0.25,0.5,0,0,0,-8.54,4.73,0.53,-0.23,-0.5,0.53,0.58,4580755,18810,W
466,0.5,0.25,0.5,0,0,0,-8.31,5.23,0,-0.04,0.03,-0.15,0.58,4580795,18850,W
467,0.5,0.25,0.5,0.58,0.51,0.1,-8.27,5.2,0.15,0,0,0,0.58,4580833,18888,W
468,-0.08,-0.26,0.4,-0.06,0.02,-0.08,-8.27,5.2,0.15,0,0,0,0.58,4580873,18928,W
469,-0.02,-0.28,0.48,0,0,0,-8.27,5.2,0.15,0.19,-0.42,-0.04,0.58,4580914,18969,W
470,-0.02,-0.28,0.48,0,0,0,-8.46,5.62,0.19,1.08,-0.27,-0.27,0.58,4580954,19009,W
471,-0.02,-0.28,0.48,0,0,0,-9.54,5.89,0.46,-1.57,-3.48,0.89,0.58,4580995,19050,W
472,-0.02,-0.28,0.48,-1.13,5.4,-5.07,-7.97,9.37,-0.43,0,0,0,0.58,4581033,19088,W
473,1.11,-5.68,5.55,1.06,-4.94,1.03,-7.97,9.37,-0.43,0,0,0,0.58,4581073,19128,W
474,0.05,-0.74,4.52,0,0,0,-7.97,9.37,-0.43,7.43,5.63,-0.39,0.58,4581113,19168,W
475,0.05,-0.74,4.52,0,0,0,-15.4,3.74,-0.04,-8.7,-3.41,-0.73,0.58,4581154,19209,W
476,0.05,-0.74,4.52,0,0,0,-6.7,7.15,0.69,-1.61,5.71,-0.92,0.58,4581194,19249,W
477,0.05,-0.74,4.52,0.19,-0.61,5.69,-5.09,1.44,1.61,0,0,0,0.58,4581232,19287,W
478,-0.14,-0.13,-1.17,-0.53,0.23,1.03,-5.09,1.44,1.61,0,0,0,0.58,4581273,19328,W
479,0.39,-0.36,-2.2,-0.46,0.45,0.88,-5.09,1.44,1.61,0,0,0,0.58,4581313,19368,W
480,0.85,-0.81,-3.08,0,0,0,-5.09,1.44,1.61,0.89,-2.76,1.92,0.58,4581354,19409,W
481,0.85,-0.81,-3.08,0,0,0,-5.98,4.2,-0.31,0.19,-1.11,0.31,0.58,4581393,19448,W
482,0.85,-0.81,-3.08,1.59,-1.61,1.03,-6.17,5.31,-0.62,0,0,0,0.58,4581433,19488,W
483,-0.74,0.8,-4.11,-0.78,0.61,0.25,-6.17,5.31,-0.62,0,0,0,0.58,4581473,19528,W
484,0.04,0.19,-4.36,0,0,0,-6.17,5.31,-0.62,2.29,-14.17,-2.88,0.58,4581514,19569,W
485,0.04,0.19,-4.36,0,0,0,-8.46,19.48,2.26,-8.5,-4.33,0.23,0.58,4581554,19609,W
486,0.04,0.19,-4.36,0,0,0,0.04,23.81,2.03,8.28,13.17,2.26,0.58,4581594,19649,W
487,0.04,0.19,-4.36,-1.2,0.95,-6.88,-8.24,10.64,-0.23,0,0,0,0.58,4581632,19687,W
488,1.24,-0.76,2.52,0,0,0,-8.24,10.64,-0.23,12.29,-1.95,-3.14,0.58,4581672,19727,W
489,1.24,-0.76,2.52,0.92,-0.75,1.89,-20.53,12.59,2.91,0,0,0,0.58,4581713,19768,W
490,0.32,-0.01,0.63,0,0,0,-20.53,12.59,2.91,-11.53,8.35,1.42,0.58,4581754,19809,W
491,0.32,-0.01,0.63,0,0,0,-9,4.24,1.49,-0.15,0.58,-0.58,0.58,4581794,19849,W
492,0.32,-0.01,0.63,0.59,0.27,-0.03,-8.85,3.66,2.07,0,0,0,0.58,4581833,19888,W
493,-0.27,-0.28,0.66,-0.31,-0.82,0.26,-8.85,3.66,2.07,0,0,0,0.58,4581874,19929,W
494,0.04,0.54,0.4,0,0,0,-8.85,3.66,2.07,0.04,-0.65,2,0.58,4581913,19968,W
495,0.04,0.54,0.4,0,0,0,-8.89,4.31,0.07,-0.43,-0.5,-0.65,0.58,4581953,20008,W
496,0.04,0.54,0.4,0,0,0,-8.46,4.81,0.72,0.08,0.04,0.49,0.58,4581993,20048,W
497,0.04,0.54,0.4,0.03,0.58,-0.1,-8.54,4.77,0.23,0,0,0,0.58,4582031,20086,W
498,0.01,-0.04,0.5,0.13,-0.22,-0.07,-8.54,4.77,0.23,0,0,0,0.58,4582070,20125,W
499,-0.12,0.18,0.57,0,0,0,-8.54,4.77,0.23,-0.19,-0.43,-0.07,0.58,4582110,20165,W
500,-0.12,0.18,0.57,0,0,0,-8.35,5.2,0.3,-0.31,-0.5,-0.35,0.58,4582151,20206,W
501,-0.12,0.18,0.57,0,0,0,-8.04,5.7,0.65,0.04,-0.03,0.38,0.58,4582191,20246,W
502,-0.12,0.18,0.57,0.42,1.13,-0.15,-8.08,5.73,0.27,0,0,0,0.58,4582228,20283,W
503,-0.54,-0.95,0.72,0,0,0,-8.08,5.73,0.27,1.15,-0.27,-0.53,0.58,4582269,20324,W
504,-0.54,-0.95,0.72,1.05,1.57,-3.25,-9.23,6,0.8,0,0,0,0.58,4582310,20365,W
505,-1.59,-2.52,3.97,0,0,0,-9.23,6,0.8,6.74,-8.08,-0.77,0.58,4582351,20406,W
506,-1.59,-2.52,3.97,0,0,0,-15.97,14.08,1.57,-4.21,3.6,-1.72,0.58,4582391,20446,W
507,-1.59,-2.52,3.97,-1.47,-3.25,2.5,-11.76,10.48,3.29,0,0,0,0.58,4582431,20486,W
508,-0.12,0.73,1.47,1.07,-0.11,0.88,-11.76,10.48,3.29,0,0,0,0.58,4582473,20528,W
509,-1.19,0.84,0.59,0,0,0,-11.76,10.48,3.29,-5.32,11.22,2.37,0.58,4582514,20569,W
510,-1.19,0.84,0.59,0,0,0,-6.44,-0.74,0.92,-2.84,-2.22,2.19,0.58,4582554,20609,W
511,-1.19,0.84,0.59,0,0,0,-3.6,1.48,-1.27,0,-3.72,-5.98,0.58,4582594,20649,W
512,-1.19,0.84,0.59,-0.78,0.71,2.64,-3.6,5.2,4.71,0,0,0,0.58,4582633,20688,W
513,-0.41,0.13,-2.05,0,0,0,-3.6,5.2,4.71,-0.57,-5.01,1.73,0.58,4582673,20728,W
514,-0.41,0.13,-2.05,-1.53,0.31,-0.35,-3.03,10.21,2.98,0,0,0,0.58,4582714,20769,W
515,1.12,-0.18,-1.7,0,0,0,-3.03,10.21,2.98,1.15,-4.45,1.22,0.58,4582755,20810,W
516,1.12,-0.18,-1.7,0,0,0,-4.18,14.66,1.76,2.26,-1.8,-5.67,0.58,4582795,20850,W
517,1.12,-0.18,-1.7,2.47,-1.16,-3.34,-6.44,16.46,7.43,0,0,0,0.58,4582834,20889,W
518,-1.35,0.98,1.64,-1,0.31,1.18,-6.44,16.46,7.43,0,0,0,0.58,4582875,20930,T
519,-0.35,0.67,0.46,0,0,0,-6.44,16.46,7.43,0.84,10.57,5.4,0.58,4582915,20970,T
520,-0.35,0.67,0.46,0,0,0,-7.28,5.89,2.03,0.61,0,0.35,0.58,4582955,21010,T
521,-0.35,0.67,0.46,0,0,0,-7.89,5.89,1.68,-0.19,0.31,-0.58,0.58,4582994,21049,T
522,-0.35,0.67,0.46,0,0,0,-7.7,5.58,2.26,0,0,0,0.58,4583034,21089,T
523,-0.35,0.67,0.46,-0.48,0.3,0.56,-7.7,5.58,2.26,0,0,0,0.58,4583072,21127,T
524,0.13,0.37,-0.1,0,0,0,-7.7,5.58,2.26,0.27,0.19,0.42,0.58,4583111,21166,T
525,0.13,0.37,-0.1,0,0,0,-7.97,5.39,1.84,-0.04,0.04,0.04,0.58,4583152,21207,T
526,0.13,0.37,-0.1,0,0,0,-7.93,5.35,1.8,0.11,0.04,0.19,0.58,4583191,21246,T
527,0.13,0.37,-0.1,0.12,0.28,-0.09,-8.04,5.31,1.61,0,0,0,0.58,4583229,21284,T
528,0.01,0.09,-0.01,0,0,0,-8.04,5.31,1.61,-0.03,0,-0.23,0.58,4583269,21324,T
529,0.01,0.09,-0.01,0.12,0.55,0.15,-8.01,5.31,1.84,0,0,0,0.58,4583309,21364,T
530,-0.11,-0.46,-0.16,0,0,0,-8.01,5.31,1.84,0.84,-0.31,-0.72,0.58,4583347,21402,T
531,-0.11,-0.46,-0.16,0,0,0,-8.85,5.62,2.56,-0.81,0.23,0.88,0.58,4583387,21442,T
532,-0.11,-0.46,-0.16,0,0,0,-8.04,5.39,1.68,-0.15,0.04,-0.2,0.58,4583425,21480,T
533,-0.11,-0.46,-0.16,-0.12,-0.46,-0.2,-7.89,5.35,1.88,0,0,0,0.58,4583464,21519,T
534,0.01,0,0.04,0,0,0,-7.89,5.35,1.88,0.04,-0.04,0,0.58,4583504,21559,T
535,0.01,0,0.04,0,0,0,-7.93,5.39,1.88,-0.04,-0.04,-0.07,0.58,4583543,21598,T
536,0.01,0,0.04,0,0,0,-7.89,5.43,1.95,0,0,0,0.58,4583580,21635,T
537,0.01,0,0.04,0.02,0.03,-0.01,-7.89,5.43,1.95,0,0,0,0.58,4583621,21676,T
538,-0.01,-0.03,0.05,0,0,0,-7.89,5.43,1.95,-0.11,-0.03,0,0.58,4583660,21715,T
539,-0.01,-0.03,0.05,0,0,0,-7.78,5.46,1.95,0.11,0.03,0.11,0.58,4583700,21755,T
540,-0.01,-0.03,0.05,0,0,0,-7.89,5.43,1.84,0,-0.11,-0.07,0.58,4583740,21795,T
541,-0.01,-0.03,0.05,-0.03,-0.05,0.07,-7.89,5.54,1.91,0,0,0,0.58,4583779,21834,T
542,0.02,0.02,-0.02,-0.01,-0.02,-0.02,-7.89,5.54,1.91,0,0,0,0.58,4583819,21874,T
543,0.03,0.04,0,0,0,0,-7.89,5.54,1.91,-0.04,0.04,0.07,0.58,4583858,21913,T
544,0.03,0.04,0,0,0,0,-7.85,5.5,1.84,-0.07,0.07,0.04,0.58,4583896,21951,T
545,0.03,0.04,0,0,0,0,-7.78,5.43,1.8,0,0,0,0.58,4583934,21989,T
546,0.03,0.04,0,0.01,-0.01,0.03,-7.78,5.43,1.8,0,0,0,0.58,4583971,22026,T
547,0.02,0.05,-0.03,0,0,0,-7.78,5.43,1.8,0.07,-0.03,-0.04,0.58,4584011,22066,T
548,0.02,0.05,-0.03,0,0,0,-7.85,5.46,1.84,0.08,-0.08,0.04,0.58,4584050,22105,T
549,0.02,0.05,-0.03,0,0,0,-7.93,5.54,1.8,0,0.04,0.08,0.58,4584091,22146,T
550,0.02,0.05,-0.03,0,-0.05,0.04,-7.93,5.5,1.72,0,0,0,0.58,4584128,22183,T
551,0.02,0.1,-0.07,0,0,0,-7.93,5.5,1.72,0.11,0.23,0.15,0.58,4584167,22222,T
552,0.02,0.1,-0.07,0,0,0,-8.04,5.27,1.57,-0.15,-0.19,-0.19,0.58,4584206,22261,T
553,0.02,0.1,-0.07,0,0,0,-7.89,5.46,1.76,0,0.03,0.08,0.58,4584244,22299,T
554,0.02,0.1,-0.07,-0.01,-0.02,0,-7.89,5.43,1.68,0,0,0,0.58,4584282,22337,T
555,0.03,0.12,-0.07,-0.01,-0.08,0.04,-7.89,5.43,1.68,0,0,0,0.58,4584322,22377,T
556,0.04,0.2,-0.11,0,0,0,-7.89,5.43,1.68,0.31,0.12,0.42,0.58,4584360,22415,T
557,0.04,0.2,-0.11,0,0,0,-8.2,5.31,1.26,-0.27,0.04,-0.42,0.58,4584401,22456,T
558,0.04,0.2,-0.11,0,0,0,-7.93,5.27,1.68,0.08,0,0.19,0.58,4584440,22495,T
559,0.04,0.2,-0.11,0.05,0.07,0.02,-8.01,5.27,1.49,0,0,0,0.58,4584478,22533,T
560,-0.01,0.13,-0.13,0,0,0,-8.01,5.27,1.49,0.11,0.15,0.08,0.58,4584518,22573,T
561,-0.01,0.13,-0.13,-0.05,0.21,-0.07,-8.12,5.12,1.41,0,0,0,0.58,4584559,22614,T
562,0.04,-0.08,-0.06,0,0,0,-8.12,5.12,1.41,0.08,-0.04,0.07,0.58,4584599,22654,T
563,0.04,-0.08,-0.06,0,0,0,-8.2,5.16,1.34,0,-0.07,0.12,0.58,4584639,22694,T
564,0.04,-0.08,-0.06,0,0.13,-0.03,-8.2,5.23,1.22,0,0,0,0.58,4584677,22732,T
565,0.04,-0.21,-0.03,0.03,-0.01,0.05,-8.2,5.23,1.22,0,0,0,0.58,4584717,22772,T
566,0.01,-0.2,-0.08,0,0,0,-8.2,5.23,1.22,0.23,-0.35,-0.08,0.58,4584756,22811,T
567,0.01,-0.2,-0.08,0,0,0,-8.43,5.58,1.3,-0.12,0.58,-0.31,0.58,4584795,22850,T
568,0.01,-0.2,-0.08,0,0,0,-8.31,5,1.61,0,0,0,0.58,4584834,22889,T
569,0.01,-0.2,-0.08,0.05,0.06,0.03,-8.31,5,1.61,0,0,0,0.58,4584872,22927,T
570,-0.04,-0.26,-0.11,0.09,0.21,0.02,-8.31,5,1.61,0,0,0,0.58,4584912,22967,T
571,-0.13,-0.47,-0.13,0,0,0,-8.31,5,1.61,-0.07,0.27,-0.46,0.58,4584952,23007,T
572,-0.13,-0.47,-0.13,0,0,0,-8.24,4.73,2.07,-0.39,-0.31,-0.84,0.58,4584992,23047,T
573,-0.13,-0.47,-0.13,0.63,0.07,-0.12,-7.85,5.04,2.91,0,0,0,0.58,4585031,23086,T
574,-0.76,-0.54,-0.01,-0.63,-3.22,0.19,-7.85,5.04,2.91,0,0,0,0.58,4585072,23127,T
575,-0.13,2.68,-0.2,0,0,0,-7.85,5.04,2.91,-5.94,-7.36,-1.72,0.58,4585112,23167,T
576,-0.13,2.68,-0.2,0,0,0,-1.91,12.4,4.63,0.39,1.04,7.47,0.58,4585151,23206,T
577,-0.13,2.68,-0.2,0,0,0,-2.3,11.36,-2.84,3.45,1.03,0.8,0.58,4585192,23247,W
578,-0.13,2.68,-0.2,5.18,-0.06,-2.3,-5.75,10.33,-3.64,0,0,0,0.58,4585231,23286,W
579,-5.31,2.74,2.1,0,0,0,-5.75,10.33,-3.64,2.14,3.68,-3.6,0.58,4585272,23327,W
580,-5.31,2.74,2.1,-2.91,1.45,0.52,-7.89,6.65,-0.04,0,0,0,0.58,4585313,23368,W
581,-2.4,1.29,1.58,0,0,0,-7.89,6.65,-0.04,1.15,3.26,-0.23,0.58,4585352,23407,W
582,-2.4,1.29,1.58,0,0,0,-9.04,3.39,0.19,-0.77,1.34,0.27,0.58,4585392,23447,W
583,-2.4,1.29,1.58,-0.71,-0.07,1.57,-8.27,2.05,-0.08,0,0,0,0.58,4585428,23483,W
584,-1.69,1.36,0.01,0.21,-0.09,0.52,-8.27,2.05,-0.08,0,0,0,0.58,4585470,23525,W
585,-1.9,1.45,-0.51,0,0,0,-8.27,2.05,-0.08,-0.57,-4.25,-1.19,0.58,4585509,23564,W
586,-1.9,1.45,-0.51,0,0,0,-7.7,6.3,1.11,-0.04,0.41,0.84,0.58,4585549,23604,W
587,-1.9,1.45,-0.51,0,0,0,-7.66,5.89,0.27,0.42,-0.07,0.39,0.58,4585589,23644,W
588,-1.9,1.45,-0.51,-0.57,0.25,-0.28,-8.08,5.96,-0.12,0,0,0,0.58,4585627,23682,W
589,-1.33,1.2,-0.23,-0.91,0.58,-0.4,-8.08,5.96,-0.12,0,0,0,0.58,4585668,23723,W
590,-0.42,0.62,0.17,0,0,0,-8.08,5.96,-0.12,5.44,4.14,-0.42,0.58,4585708,23763,W
591,-0.42,0.62,0.17,0,0,0,-13.52,1.82,0.3,-5.06,-2.11,-2.99,0.58,4585749,23804,W
592,-0.42,0.62,0.17,0,0,0,-8.46,3.93,3.29,-2.48,0.07,2.22,0.58,4585789,23844,W
593,-0.42,0.62,0.17,-0.45,0.38,-0.27,-5.98,3.86,1.07,0,0,0,0.58,4585826,23881,W
594,0.03,0.24,0.44,0,0,0,-5.98,3.86,1.07,2.18,-0.91,-0.81,0.58,4585865,23920,W
595,0.03,0.24,0.44,0,0,0,-8.16,4.77,1.88,-0.96,1.07,1,0.58,4585904,23959,W
596,0.03,0.24,0.44,0,0,0,-7.2,3.7,0.88,0.73,-1.11,-0.38,0.58,4585943,23998,W
597,0.03,0.24,0.44,-0.48,0.04,0.42,-7.93,4.81,1.26,0,0,0,0.58,4585979,24034,W
598,0.51,0.2,0.02,0,0,0,-7.93,4.81,1.26,2.18,-1.96,-0.19,0.58,4586019,24074,W
599,0.51,0.2,0.02,0,0,0,-10.11,6.77,1.45,-1.91,2.04,0.8,0.58,4586058,24113,W
600,0.51,0.2,0.02,0,0,0,-8.2,4.73,0.65,-0.19,-0.27,-0.04,0.58,4586098,24153,W
601,0.51,0.2,0.02,0,0,0,-8.01,5,0.69,0.38,-0.16,-0.15,0.58,4586138,24193,W
602,0.51,0.2,0.02,0.66,0.08,-0.3,-8.39,5.16,0.84,0,0,0,0.58,4586174,24229,W
603,-0.15,0.12,0.32,0,0,0,-8.39,5.16,0.84,-0.54,-0.11,0,0.58,4586213,24268,W
604,-0.15,0.12,0.32,0,0,0,-7.85,5.27,0.84,-1.3,0.23,0.42,0.58,4586253,24308,W
605,-0.15,0.12,0.32,0,0,0,-6.55,5.04,0.42,3.83,-1.69,-0.15,0.58,4586292,24347,W
606,-0.15,0.12,0.32,-0.46,0.4,-0.27,-10.38,6.73,0.57,0,0,0,0.58,4586330,24385,W
607,0.31,-0.28,0.59,0,0,0,-10.38,6.73,0.57,-2.83,0.65,-0.19,0.58,4586370,24425,W
608,0.31,-0.28,0.59,0.58,-0.39,-0.58,-7.55,6.08,0.76,0,0,0,0.58,4586411,24466,W
609,-0.27,0.11,1.17,0,0,0,-7.55,6.08,0.76,0.23,-0.76,-0.69,0.58,4586448,24503,W
610,-0.27,0.11,1.17,0,0,0,-7.78,6.84,1.45,-0.42,-0.35,0.57,0.58,4586488,24543,W
611,-0.27,0.11,1.17,0,0,0,-7.36,7.19,0.88,0.3,-1.95,0.81,0.58,4586526,24581,W
612,-0.27,0.11,1.17,-0.96,0.34,-1.92,-7.66,9.14,0.07,0,0,0,0.58,4586565,24620,W
613,0.69,-0.23,3.09,0,0,0,-7.66,9.14,0.07,8.47,-1.53,-3.03,0.58,4586604,24659,W
614,0.69,-0.23,3.09,0,0,0,-16.13,10.67,3.1,-5.83,2.41,1.22,0.58,4586643,24698,W
615,0.69,-0.23,3.09,2.44,-3.29,1.64,-10.3,8.26,1.88,0,0,0,0.58,4586682,24737,W
616,-1.75,3.06,1.45,-1.7,1.19,0.3,-10.3,8.26,1.88,0,0,0,0.58,4586723,24778,W
617,-0.05,1.87,1.15,0,0,0,-10.3,8.26,1.88,-6.51,6.13,-1.91,0.58,4586762,24817,W
618,-0.05,1.87,1.15,0,0,0,-3.79,2.13,3.79,-0.8,-0.35,1.49,0.58,4586801,24856,W
619,-0.05,1.87,1.15,0,0,0,-2.99,2.48,2.3,0.19,0.69,0.12,0.58,4586841,24896,W
620,-0.05,1.87,1.15,1.16,1.17,3.22,-3.18,1.79,2.18,0,0,0,0.58,4586878,24933,W
621,-1.21,0.7,-2.07,-0.32,0.18,0.89,-3.18,1.79,2.18,0,0,0,0.58,4586917,24972,W
622,-0.89,0.52,-2.96,0,0,0,-3.18,1.79,2.18,2.91,-3.87,0.27,0.58,4586957,25012,W
623,-0.89,0.52,-2.96,0,0,0,-6.09,5.66,1.91,0.5,-1.95,0.57,0.58,4586996,25051,W
624,-0.89,0.52,-2.96,0,0,0,-6.59,7.61,1.34,0.84,-2.99,-0.92,0.58,4587037,25092,W
625,-0.89,0.52,-2.96,-0.71,-0.7,0.32,-7.43,10.6,2.26,0,0,0,0.58,4587075,25130,W
626,-0.18,1.22,-3.28,0,0,0,-7.43,10.6,2.26,0.27,-2.99,-1.15,0.58,4587115,25170,W
627,-0.18,1.22,-3.28,0.85,0.19,-1.79,-7.7,13.59,3.41,0,0,0,0.58,4587155,25210,W
628,-1.03,1.03,-1.49,0,0,0,-7.7,13.59,3.41,0.88,-3.33,1.69,0.58,4587195,25250,W
629,-1.03,1.03,-1.49,0,0,0,-8.58,16.92,1.72,0,0,0,0.58,4587234,25289,W
630,-1.03,1.03,-1.49,0,0,0,-8.58,16.92,1.72,8.2,12.11,-2.8,0.58,4587273,25328,W
631,-1.03,1.03,-1.49,0,0,0,-16.78,4.81,4.52,-8.39,-0.04,4.33,0.58,4587313,25368,W
632,-1.03,1.03,-1.49,0,0,0,-8.39,4.85,0.19,0.34,1.84,-0.5,0.58,4587354,25409,W
633,-1.03,1.03,-1.49,0,0,0,-8.73,3.01,0.69,0.2,-2.65,0.12,0.58,4587394,25449,W
634,-1.03,1.03,-1.49,-1.05,0.69,-1.74,-8.93,5.66,0.57,0,0,0,0.58,4587431,25486,W
635,0.02,0.34,0.25,-0.13,0.02,-0.15,-8.93,5.66,0.57,0,0,0,0.58,4587472,25527,W
636,0.15,0.32,0.4,0,0,0,-8.93,5.66,0.57,-0.31,1.77,0.3,0.58,4587511,25566,W
637,0.15,0.32,0.4,0,0,0,-8.62,3.89,0.27,-0.12,-0.84,-0.8,0.58,4587550,25605,W
638,0.15,0.32,0.4,0,0,0,-8.5,4.73,1.07,0.2,0.15,1.15,0.58,4587589,25644,W
639,0.15,0.32,0.4,0.29,0.07,-0.05,-8.7,4.58,-0.08,0,0,0,0.58,4587627,25682,W
640,-0.14,0.25,0.45,-0.12,0.15,-0.04,-8.7,4.58,-0.08,0,0,0,0.58,4587667,25722,W
641,-0.02,0.1,0.49,0,0,0,-8.7,4.58,-0.08,-0.24,-0.5,-0.15,0.58,4587708,25763,W
642,-0.02,0.1,0.49,0,0,0,-8.46,5.08,0.07,-0.19,-0.19,-0.08,0.58,4587748,25803,W
643,-0.02,0.1,0.49,0,0,0,-8.27,5.27,0.15,-0.26,-0.39,0.19,0.58,4587789,25844,W
644,-0.02,0.1,0.49,0.27,0.42,-0.21,-8.01,5.66,-0.04,0,0,0,0.58,4587827,25882,W
645,-0.29,-0.32,0.7,0,0,0,-8.01,5.66,-0.04,-0.04,-0.23,-0.11,0.58,4587868,25923,W
646,-0.29,-0.32,0.7,-0.22,0.46,-0.5,-7.97,5.89,0.07,0,0,0,0.58,4587910,25965,W
647,-0.07,-0.78,1.2,0,0,0,-7.97,5.89,0.07,-2.65,-2.14,-0.85,0.58,4587951,26006,W
648,-0.07,-0.78,1.2,0,0,0,-5.32,8.03,0.92,1.46,-1.23,1.5,0.58,4587991,26046,W
649,-0.07,-0.78,1.2,-1.65,-0.38,-1.85,-6.78,9.26,-0.58,0,0,0,0.58,4588029,26084,W
650,1.58,-0.4,3.05,0.79,-1.84,-0.29,-6.78,9.26,-0.58,0,0,0,0.58,4588070,26125,W
651,0.79,1.44,3.34,0,0,0,-6.78,9.26,-0.58,7.55,0.42,-3.6,0.58,4588111,26166,W
652,0.79,1.44,3.34,0,0,0,-14.33,8.84,3.02,-7.7,5.68,3.83,0.58,4588151,26206,W
653,0.79,1.44,3.34,0,0,0,-6.63,3.16,-0.81,0.5,4.52,-3.91,0.58,4588192,26247,W
654,0.79,1.44,3.34,0.48,1.43,4.61,-7.13,-1.36,3.1,0,0,0,0.58,4588230,26285,W
655,0.31,0.01,-1.27,0.41,-0.3,0.83,-7.13,-1.36,3.1,0,0,0,0.58,4588270,26325,W
656,-0.1,0.31,-2.1,0,0,0,-7.13,-1.36,3.1,-3.15,-6.29,0.54,0.58,4588310,26365,W
657,-0.1,0.31,-2.1,0,0,0,-3.98,4.93,2.56,1.84,-1.45,1.38,0.58,4588351,26406,W
658,-0.1,0.31,-2.1,0,0,0,-5.82,6.38,1.18,0.46,-0.66,0.04,0.58,4588392,26447,W
659,-0.1,0.31,-2.1,-0.06,-0.23,1.28,-6.28,7.04,1.14,0,0,0,0.58,4588430,26485,W
660,-0.04,0.54,-3.38,-0.25,0.47,0,-6.28,7.04,1.14,0,0,0,0.58,4588471,26526,W
661,0.21,0.07,-3.38,0.65,-1.42,-0.29,-6.28,7.04,1.14,0,0,0,0.58,4588511,26566,W
662,-0.44,1.49,-3.09,0,0,0,-6.28,7.04,1.14,-1.15,-6.28,-2.23,0.58,4588550,26605,W
663,-0.44,1.49,-3.09,0,0,0,-5.13,13.32,3.37,0.69,1.46,1.57,0.58,4588591,26646,W
664,-0.44,1.49,-3.09,-0.59,0.96,-2.61,-5.82,11.86,1.8,0,0,0,0.58,4588630,26685,W
665,0.15,0.53,-0.48,-0.48,1.4,-1.19,-5.82,11.86,1.8,0,0,0,0.58,4588670,26725,W
666,0.63,-0.87,0.71,0,0,0,-5.82,11.86,1.8,9.85,11.84,-6.01,0.58,4588711,26766,W
667,0.63,-0.87,0.71,0,0,0,-15.67,0.02,7.81,-7.93,-4.71,6.7,0.58,4588751,26806,W
668,0.63,-0.87,0.71,0,0,0,-7.74,4.73,1.11,0.96,0.34,-0.03,0.58,4588791,26846,W
669,0.63,-0.87,0.71,0.64,-0.9,0.38,-8.7,4.39,1.14,0,0,0,0.58,4588830,26885,W
670,-0.01,0.03,0.33,0,0,0,-8.7,4.39,1.14,0.42,-0.12,-0.04,0.58,4588869,26924,W
671,-0.01,0.03,0.33,-0.37,0.08,-0.03,-9.12,4.51,1.18,0,0,0,0.58,4588910,26965,W
672,0.36,-0.05,0.36,0,0,0,-9.12,4.51,1.18,-0.62,-0.19,0.46,0.58,4588949,27004,W
673,0.36,-0.05,0.36,0,0,0,-8.5,4.7,0.72,0.23,-0.19,-0.2,0.58,4588989,27044,W
674,0.36,-0.05,0.36,-0.03,0.53,-0.18,-8.73,4.89,0.92,0,0,0,0.58,4589027,27082,W
675,0.39,-0.58,0.54,0.64,-0.83,0.15,-8.73,4.89,0.92,0,0,0,0.58,4589069,27124,W
676,-0.25,0.25,0.39,0,0,0,-8.73,4.89,0.92,-0.61,-0.54,0.62,0.58,4589108,27163,W
677,-0.25,0.25,0.39,0,0,0,-8.12,5.43,0.3,-0.38,-0.3,-0.23,0.58,4589148,27203,W
678,-0.25,0.25,0.39,0,0,0,-7.74,5.73,0.53,0.8,0.73,-0.31,0.58,4589188,27243,W
679,-0.25,0.25,0.39,-0.16,0.37,-0.14,-8.54,5,0.84,0,0,0,0.58,4589227,27282,W
680,-0.09,-0.12,0.53,-0.24,-0.23,-0.1,-8.54,5,0.84,0,0,0,0.58,4589265,27320,W
681,0.15,0.11,0.63,0,0,0,-8.54,5,0.84,-0.84,-1.15,0.38,0.58,4589305,27360,W
682,0.15,0.11,0.63,0,0,0,-7.7,6.15,0.46,-0.27,-0.58,-0.23,0.58,4589343,27398,W
683,0.15,0.11,0.63,0,0,0,-7.43,6.73,0.69,0,0,0,0.58,4589382,27437,W
684,0.15,0.11,0.63,0,0.04,-0.82,-7.43,6.73,0.69,0,0,0,0.58,4589420,27475,W
685,0.15,0.07,1.45,0,0,0,-7.43,6.73,0.69,0.61,-1.03,0,0.58,4589460,27515,W
686,0.15,0.07,1.45,0,0,0,-8.04,7.76,0.69,1.58,-1.23,-1.15,0.58,4589498,27553,W
687,0.15,0.07,1.45,0,0,0,-9.62,8.99,1.84,3.71,-1.65,-1.3,0.58,4589537,27592,W
688,0.15,0.07,1.45,0.36,-0.34,-1.57,-13.33,10.64,3.14,0,0,0,0.58,4589575,27630,W
689,-0.21,0.41,3.02,0,0,0,-13.33,10.64,3.14,-3.45,3.64,1.84,0.58,4589614,27669,W
690,-0.21,0.41,3.02,0,0,0,-9.88,7,1.3,-2.95,-0.76,2.22,0.58,4589654,27709,W
691,-0.21,0.41,3.02,0,0,0,-6.93,7.76,-0.92,-5.89,4.33,-1.42,0.58,4589693,27748,W
692,-0.21,0.41,3.02,0,0,0,-1.04,3.43,0.5,0,0,0,0.58,4589732,27787,W
693,-0.21,0.41,3.02,1.35,1.38,4.62,-1.04,3.43,0.5,0,0,0,0.58,4589770,27825,W
694,-1.56,-0.97,-1.6,0,0,0,-1.04,3.43,0.5,1.95,-1.5,2.69,0.58,4589810,27865,W
695,-1.56,-0.97,-1.6,0,0,0,-2.99,4.93,-2.19,-2.91,-4.9,-1.34,0.58,4589851,27906,W
696,-1.56,-0.97,-1.6,0,0,0,-0.08,9.83,-0.85,1.03,1.84,-1.69,0.58,4589893,27948,W
697,-1.56,-0.97,-1.6,0,0,0,-1.11,7.99,0.84,0,0,0,0.58,4589933,27988,W
698,-1.56,-0.97,-1.6,0,0,0,-1.11,7.99,0.84,1.65,-2.26,3.91,0.47,4589973,28028,W
699,-1.56,-0.97,-1.6,-2.93,-0.25,0.64,-2.76,10.25,-3.07,0,0,0,0.47,4590016,28071,W
700,1.37,-0.72,-2.24,0,0,0,-2.76,10.25,-3.07,0.65,-3.64,-3.68,0.47,4590060,28115,W
701,1.37,-0.72,-2.24,0,0,0,-3.41,13.89,0.61,6.24,-2.84,4.1,0.47,4590103,28158,W
702,1.37,-0.72,-2.24,0,0,0,-9.65,16.73,-3.49,-1.3,16.25,-20.3,0.47,4590144,28199,W
703,1.37,-0.72,-2.24,0,0,0,-8.35,0.48,16.81,-1.69,-3.26,20.15,0.47,4590188,28243,W
704,1.37,-0.72,-2.24,0.88,-2.8,-2.28,-6.66,3.74,-3.34,0,0,0,0.47,4590229,28284,W
705,0.49,2.08,0.04,0.38,1.84,0.39,-6.66,3.74,-3.34,0,0,0,0.47,4590271,28326,W
706,0.11,0.24,-0.35,0,0,0,-6.66,3.74,-3.34,0.66,-1.34,-5.02,0.47,4590312,28367,W
707,0.11,0.24,-0.35,0,0,0,-7.32,5.08,1.68,1.18,-0.31,-0.73,0.47,4590354,28409,W
708,0.11,0.24,-0.35,0,0,0,-8.5,5.39,2.41,-0.3,0.12,1.57,0.47,4590396,28451,W
709,0.11,0.24,-0.35,0,0,0,-8.2,5.27,0.84,-0.04,0,-0.77,0.47,4590437,28492,W
710,0.11,0.24,-0.35,0.11,-0.04,-0.31,-8.16,5.27,1.61,0,0,0,0.47,4590477,28532,W
711,0,0.28,-0.04,-0.02,0.06,0,-8.16,5.27,1.61,0,0,0,0.47,4590519,28574,W
712,0.02,0.22,-0.04,0,0,0,-8.16,5.27,1.61,0,0.11,0.5,0.47,4590561,28616,W
713,0.02,0.22,-0.04,0,0,0,-8.16,5.16,1.11,0.11,0,0.27,0.47,4590603,28658,W
714,0.02,0.22,-0.04,0,0,0,-8.27,5.16,0.84,-0.03,-0.07,-0.15,0.47,4590643,28698,W
715,0.02,0.22,-0.04,0,0,0,-8.24,5.23,0.99,0,0,0,0.47,4590684,28739,W
716,0.02,0.22,-0.04,0,0,0,-8.24,5.23,0.99,-0.04,0.15,0.07,0.47,4590723,28778,W
717,0.02,0.22,-0.04,0.04,0.4,-0.03,-8.2,5.08,0.92,0,0,0,0.47,4590765,28820,T
718,-0.02,-0.18,-0.01,0,0,0,-8.2,5.08,0.92,0.11,-0.12,-0.19,0.47,4590804,28859,T
719,-0.02,-0.18,-0.01,0,0,0,-8.31,5.2,1.11,-0.07,0,-0.03,0.47,4590846,28901,T
720,-0.02,-0.18,-0.01,0,0,0,-8.24,5.2,1.14,-0.12,0.08,-0.24,0.47,4590889,28944,T
721,-0.02,-0.18,-0.01,0.02,-0.1,-0.02,-8.12,5.12,1.38,0,0,0,0.47,4590929,28984,T
722,-0.04,-0.08,0.01,0,0,0,-8.12,5.12,1.38,0.12,-0.08,0.08,0.47,4590971,29026,T
723,-0.04,-0.08,0.01,-0.01,-0.01,-0.01,-8.24,5.2,1.3,0,0,0,0.47,4591012,29067,T
724,-0.03,-0.07,0.02,0,0,0,-8.24,5.2,1.3,-0.04,0,-0.04,0.47,4591053,29108,T
725,-0.03,-0.07,0.02,0,0,0,-8.2,5.2,1.34,-0.04,0,-0.11,0.47,4591093,29148,T
726,-0.03,-0.07,0.02,0,0,0,-8.16,5.2,1.45,0,0,0,0.47,4591134,29189,T
727,-0.03,-0.07,0.02,-0.02,0.03,0.02,-8.16,5.2,1.45,0,0,0,0.47,4591173,29228,T
728,-0.01,-0.1,0,0,0,0,-8.16,5.2,1.45,-0.04,0.04,-0.12,0.47,4591214,29269,T
729,-0.01,-0.1,0,0,-0.02,0,-8.12,5.16,1.57,0,0,0,0.47,4591257,29312,T
730,-0.01,-0.08,0,0,0,0,-8.12,5.16,1.57,0,0,-0.11,0.47,4591298,29353,T
731,-0.01,-0.08,0,0,0,0,-8.12,5.16,1.68,0,0,0,0.47,4591340,29395,T
732,-0.01,-0.08,0,0.01,-0.01,0,-8.12,5.16,1.68,0,0,0,0.47,4591380,29435,T
733,-0.02,-0.07,0,-0.01,0.01,0.01,-8.12,5.16,1.68,0,0,0,0.47,4591421,29476,T
734,-0.01,-0.08,-0.01,0,0,0,-8.12,5.16,1.68,0,0.04,-0.08,0.47,4591462,29517,T
735,-0.01,-0.08,-0.01,0,0,0,-8.12,5.12,1.76,0,-0.04,0,0.47,4591503,29558,T
736,-0.01,-0.08,-0.01,0,0,0,-8.12,5.16,1.76,-0.04,0.04,-0.12,0.47,4591545,29600,T
737,-0.01,-0.08,-0.01,0,0,0,-8.08,5.12,1.88,0,-0.04,0.04,0.47,4591587,29642,T
738,-0.01,-0.08,-0.01,0,0,0,-8.08,5.16,1.84,0,0,0,0.47,4591627,29682,T
739,-0.01,-0.08,-0.01,0,-0.02,-0.02,-8.08,5.16,1.84,0,0,0,0.47,4591670,29725,T
740,-0.01,-0.06,0.01,0,0,0,-8.08,5.16,1.84,0,0,-0.07,0.47,4591712,29767,T
741,-0.01,-0.06,0.01,0,0,0,-8.08,5.16,1.91,0,0,-0.04,0.47,4591752,29807,T
742,-0.01,-0.06,0.01,0,0,0,-8.08,5.16,1.95,0,0,0,0.47,4591794,29849,T
743,-0.01,-0.06,0.01,0,0,0,-8.08,5.16,1.95,0,0,0,0.47,4591834,29889,T
744,-0.01,-0.06,0.01,0,0,0,-8.08,5.16,1.95,0,0,-0.04,0.47,4591874,29929,T
745,-0.01,-0.06,0.01,-0.01,-0.03,-0.02,-8.08,5.16,1.99,0,0,0,0.47,4591916,29971,T
746,0,-0.03,0.03,0,0,0,-8.08,5.16,1.99,-0.04,-0.04,-0.04,0.47,4591958,30013,T
747,0,-0.03,0.03,0,0,0,-8.04,5.2,2.03,-0.03,0,0,0.47,4591998,30053,T
748,0,-0.03,0.03,0,0,0,-8.01,5.2,2.03,0.03,-0.03,0,0.47,4592039,30094,T
749,0,-0.03,0.03,0.01,0.05,-0.05,-8.04,5.23,2.03,0,0,0,0.47,4592078,30133,T
750,-0.01,-0.08,0.08,0.01,0.04,-0.02,-8.04,5.23,2.03,0,0,0,0.47,4592119,30174,T
751,-0.02,-0.12,0.1,0,0,0,-8.04,5.23,2.03,-0.07,-0.04,-0.08,0.47,4592160,30215,T
752,-0.02,-0.12,0.1,0,0,0,-7.97,5.27,2.11,-0.08,-0.12,-0.11,0.47,4592202,30257,T
753,-0.02,-0.12,0.1,0,0,0,-7.89,5.39,2.22,-0.04,0.04,0.04,0.47,4592243,30298,T
754,-0.02,-0.12,0.1,0,0,0,-7.85,5.35,2.18,0,0,0,0.47,4592283,30338,T
755,-0.02,-0.12,0.1,-0.01,0.13,-0.18,-7.85,5.35,2.18,0,0,0,0.47,4592323,30378,T
756,-0.01,-0.25,0.28,-0.03,0.14,-0.21,-7.85,5.35,2.18,0,0,0,0.47,4592364,30419,T
757,0.02,-0.39,0.49,0,0,0,-7.85,5.35,2.18,-0.42,-0.54,-0.46,0.47,4592406,30461,T
758,0.02,-0.39,0.49,0,0,0,-7.43,5.89,2.64,0.42,-0.34,-0.27,0.47,4592448,30503,T
759,0.02,-0.39,0.49,0,0,0,-7.85,6.23,2.91,0.81,0.73,-0.8,0.47,4592489,30544,W
760,0.02,-0.39,0.49,-0.76,0.49,-0.51,-8.66,5.5,3.71,0,0,0,0.47,4592528,30583,W
761,0.78,-0.88,1,0,0,0,-8.66,5.5,3.71,0.61,-0.73,-0.84,0.47,4592569,30624,W
762,0.78,-0.88,1,-1.37,1.85,1.46,-9.27,6.23,4.55,0,0,0,0.47,4592611,30666,W
763,2.15,-2.73,-0.46,0,0,0,-9.27,6.23,4.55,-3.02,1.07,4.67,0.47,4592651,30706,W
764,2.15,-2.73,-0.46,0,0,0,-6.25,5.16,-0.12,-1.23,-1.91,-0.65,0.47,4592692,30747,W
765,2.15,-2.73,-0.46,0,0,0,-5.02,7.07,0.53,0,0,0,0.47,4592733,30788,W
766,2.15,-2.73,-0.46,0.18,-0.38,0.42,-5.02,7.07,0.53,0,0,0,0.11,4592773,30828,W
767,1.97,-2.35,-0.88,0,0,0,-5.02,7.07,0.53,0.61,0.53,1.41,0.11,4592814,30869,W
768,1.97,-2.35,-0.88,2.08,-2.52,-0.05,-5.63,6.54,-0.88,0,0,0,0.11,4592856,30911,W
769,-0.11,0.17,-0.83,0,0,0,-5.63,6.54,-0.88,0.08,0,-0.26,0.11,4592898,30953,W
770,-0.11,0.17,-0.83,0,0,0,-5.71,6.54,-0.62,2.53,-0.65,-3.57,0.11,4592940,30995,W
771,-0.11,0.17,-0.83,0.39,0.09,-0.29,-8.24,7.19,2.95,0,0,0,0.11,4592979,31034,W
772,-0.5,0.08,-0.54,0.34,-0.12,-0.06,-8.24,7.19,2.95,0,0,0,0.11,4593021,31076,W
773,-0.84,0.2,-0.48,0,0,0,-8.24,7.19,2.95,-0.69,1.08,1.65,0.11,4593061,31116,W
774,-0.84,0.2,-0.48,0,0,0,-7.55,6.11,1.3,0.34,0.26,-0.11,0.11,4593102,31157,W
775,-0.84,0.2,-0.48,0,0,0,-7.89,5.85,1.41,0.19,0.5,0,0.11,4593143,31198,W
776,-0.84,0.2,-0.48,0,0,0,-8.08,5.35,1.41,-0.04,-0.61,0.38,0.11,4593184,31239,W
777,-0.84,0.2,-0.48,0,0,0,-8.04,5.96,1.03,-0.07,0.34,-0.19,0.11,4593224,31279,W
778,-0.84,0.2,-0.48,-0.77,0.26,-0.37,-7.97,5.62,1.22,0,0,0,0.11,4593267,31322,W
779,-0.07,-0.06,-0.11,0,0,0,-7.97,5.62,1.22,0.04,0.12,-0.08,0.11,4593308,31363,W
780,-0.07,-0.06,-0.11,0,0,0,-8.01,5.5,1.3,0,-0.04,0,0.11,4593349,31404,W
781,-0.07,-0.06,-0.11,0,0,0,-8.01,5.54,1.3,0,0,-0.04,0.11,4593392,31447,W
782,-0.07,-0.06,-0.11,0,0,0,-8.01,5.54,1.34,0,0,0,0.11,4593432,31487,W
783,-0.07,-0.06,-0.11,0,0,0,-8.01,5.54,1.34,0,0.04,-0.04,0.11,4593473,31528,W
784,-0.07,-0.06,-0.11,-0.08,0.24,-0.13,-8.01,5.5,1.38,0,0,0,0.11,4593515,31570,W
785,0.01,-0.3,0.02,0,0,0,-8.01,5.5,1.38,-0.12,0.07,-0.46,0.11,4593557,31612,W
786,0.01,-0.3,0.02,0,0,0,-7.89,5.43,1.84,0.12,-0.03,0.04,0.11,4593598,31653,W
787,0.01,-0.3,0.02,0,0,0,-8.01,5.46,1.8,-0.35,-0.04,-0.57,0.11,4593640,31695,W
788,0.01,-0.3,0.02,0.04,0.19,-0.26,-7.66,5.5,2.37,0,0,0,0.11,4593679,31734,W
789,-0.03,-0.49,0.28,0,0,0,-7.66,5.5,2.37,0.12,-0.27,0.11,0.11,4593720,31775,W
790,-0.03,-0.49,0.28,0.37,0.9,-0.19,-7.78,5.77,2.26,0,0,0,0.11,4593761,31816,W
791,-0.4,-1.39,0.47,0,0,0,-7.78,5.77,2.26,0.11,-0.08,-1.34,0.11,4593802,31857,W
792,-0.4,-1.39,0.47,0,0,0,-7.89,5.85,3.6,1.42,-0.53,-0.8,0.11,4593843,31898,W
793,-0.4,-1.39,0.47,0,0,0,-9.31,6.38,4.4,0,0,0,0.11,4593884,31939,W
794,-0.4,-1.39,0.47,-1.57,1.36,-0.71,-9.31,6.38,4.4,0,0,0,0.11,4593925,31980,W
795,1.17,-2.75,1.18,0,0,0,-9.31,6.38,4.4,3.14,0.42,2.99,0.11,4593967,32022,W
796,1.17,-2.75,1.18,0,0,0,-12.45,5.96,1.41,-9,2.72,0.61,0.11,4594009,32064,W
797,1.17,-2.75,1.18,0,0,0,-3.45,3.24,0.8,3.91,-5.79,2.41,0.11,4594051,32106,W
798,1.17,-2.75,1.18,0,0,0,-7.36,9.03,-1.61,-3.15,2.23,-1.65,0.11,4594092,32147,W
799,1.17,-2.75,1.18,0.72,0.39,2.06,-4.21,6.8,0.04,0,0,0,0.11,4594131,32186,W
800,0.45,-3.14,-0.88,-0.66,-0.38,0.95,-4.21,6.8,0.04,0,0,0,0.11,4594173,32228,W
801,1.11,-2.76,-1.83,0,0,0,-4.21,6.8,0.04,2.49,-0.16,0.54,0.11,4594215,32270,W
802,1.11,-2.76,-1.83,0,0,0,-6.7,6.96,-0.5,-1.57,-0.04,2.14,0.11,4594257,32312,W
803,1.11,-2.76,-1.83,0,0,0,-5.13,7,-2.64,-0.15,0.7,-2.33,0.11,4594299,32354,W
804,1.11,-2.76,-1.83,0,0,0,-4.98,6.3,-0.31,0.42,-0.04,0.76,0.11,4594341,32396,W
805,1.11,-2.76,-1.83,0.64,-2.96,0.73,-5.4,6.34,-1.07,0,0,0,0.11,4594381,32436,W
806,0.47,0.2,-2.56,0.22,0.2,0.21,-5.4,6.34,-1.07,0,0,0,0.11,4594424,32479,W
807,0.25,0,-2.77,0,0,0,-5.4,6.34,-1.07,1.73,-3.49,-2.6,0.11,4594466,32521,W
808,0.25,0,-2.77,0,0,0,-7.13,9.83,1.53,-1,-0.62,-0.69,0.11,4594509,32564,W
809,0.25,0,-2.77,0,0,0,-6.13,10.45,2.22,-2.03,-3.17,-0.34,0.11,4594551,32606,W
810,0.25,0,-2.77,0,0,0,-4.1,13.62,2.56,4.4,-4.52,1.57,0.11,4594593,32648,W
811,0.25,0,-2.77,0,0,0,-8.5,18.14,0.99,-4.82,17.27,-3.95,0.11,4594635,32690,W
812,0.25,0,-2.77,1.38,-0.28,-3.59,-3.68,0.87,4.94,0,0,0,0.11,4594676,32731,W
813,-1.13,0.28,0.82,0,0,0,-3.68,0.87,4.94,7.24,-4.4,3.41,0.11,4594718,32773,W
814,-1.13,0.28,0.82,0,0,0,-10.92,5.27,1.53,-2.49,0.88,-1.34,0.11,4594759,32814,W
815,-1.13,0.28,0.82,0,0,0,-8.43,4.39,2.87,0.34,0.38,1.07,0.11,4594801,32856,W
816,-1.13,0.28,0.82,0,0,0,-8.77,4.01,1.8,0.16,-0.5,1.27,0.11,4594842,32897,W
817,-1.13,0.28,0.82,0,0,0,-8.93,4.51,0.53,0,0,0,0.11,4594882,32937,W
818,-1.13,0.28,0.82,-1.12,0.23,0.19,-8.93,4.51,0.53,0,0,0,0.11,4594922,32977,W
819,-0.01,0.05,0.63,0,0,0,-8.93,4.51,0.53,-0.31,-0.38,0.34,0.11,4594963,33018,W
820,-0.01,0.05,0.63,0,0,0,-8.62,4.89,0.19,-0.5,-0.15,-1.03,0.11,4595004,33059,W
821,-0.01,0.05,0.63,0,0,0,-8.12,5.04,1.22,0.27,-0.16,0.88,0.11,4595047,33102,W
822,-0.01,0.05,0.63,0,0,0,-8.39,5.2,0.34,-0.12,0.08,-0.54,0.11,4595089,33144,W
823,-0.01,0.05,0.63,-0.02,0.16,0.35,-8.27,5.12,0.88,0,0,0,0.11,4595128,33183,W
824,0.01,-0.11,0.28,-0.12,-0.12,-0.03,-8.27,5.12,0.88,0,0,0,0.11,4595171,33226,W
825,0.13,0.01,0.31,0,0,0,-8.27,5.12,0.88,-0.45,-0.34,-0.5,0.11,4595211,33266,W
826,0.13,0.01,0.31,0,0,0,-7.82,5.46,1.38,0.22,-0.39,1.08,0.11,4595251,33306,W
827,0.13,0.01,0.31,0,0,0,-8.04,5.85,0.3,-4.17,1,-0.62,0.11,4595291,33346,W
828,0.13,0.01,0.31,0.38,0.69,-0.16,-3.87,4.85,0.92,0,0,0,0.11,4595330,33385,W
829,-0.25,-0.68,0.47,-0.39,0.64,-1.27,-3.87,4.85,0.92,0,0,0,0.11,4595371,33426,W
830,0.14,-1.32,1.74,0,0,0,-3.87,4.85,0.92,8.24,-5.56,-3.56,0.11,4595411,33466,W
831,0.14,-1.32,1.74,0,0,0,-12.11,10.41,4.48,1.95,1.77,2.8,0.11,4595453,33508,W
832,0.14,-1.32,1.74,0,0,0,-14.06,8.64,1.68,1.46,-0.5,1.99,0.11,4595495,33550,W
833,0.14,-1.32,1.74,0,0,0,-15.52,9.14,-0.31,-10.5,9,-0.58,0.11,4595537,33592,W
834,0.14,-1.32,1.74,1.15,0.05,1.37,-5.02,0.14,0.27,0,0,0,0.11,4595578,33633,W
835,-1.01,-1.37,0.37,-2.2,-0.52,0.81,-5.02,0.14,0.27,0,0,0,0.11,4595619,33674,W
836,1.19,-0.85,-0.44,0,0,0,-5.02,0.14,0.27,-1.88,-3.52,-1.53,0.11,4595660,33715,W
837,1.19,-0.85,-0.44,1.46,-0.79,1.98,-3.14,3.66,1.8,0,0,0,0.11,4595702,33757,W
838,-0.27,-0.06,-2.42,0,0,0,-3.14,3.66,1.8,2.68,0.53,1.11,0.11,4595743,33798,W
839,-0.27,-0.06,-2.42,0,0,0,-5.82,3.13,0.69,1.11,-0.84,-0.57,0.11,4595786,33841,W
840,-0.27,-0.06,-2.42,0.06,-0.51,1.44,-6.93,3.97,1.26,0,0,0,0.11,4595827,33882,W
841,-0.33,0.45,-3.86,-0.4,0.2,0.4,-6.93,3.97,1.26,0,0,0,0.11,4595869,33924,W
842,0.07,0.25,-4.26,0,0,0,-6.93,3.97,1.26,3.26,-11.8,0.34,0.11,4595910,33965,W
843,0.07,0.25,-4.26,1.25,-0.58,-2.8,-10.19,15.77,0.92,0,0,0,0.11,4595951,34006,W
844,-1.18,0.83,-1.46,0,0,0,-10.19,15.77,0.92,-7.43,-6.66,1.5,0.11,4595993,34048,W
845,-1.18,0.83,-1.46,0,0,0,-2.76,22.43,-0.58,-5.02,20.61,-5.29,0.11,4596037,34092,W
846,-1.18,0.83,-1.46,-0.88,0.13,-1.4,2.26,1.82,4.71,0,0,0,0.11,4596079,34134,W
847,-0.3,0.7,-0.06,-0.23,0.9,-0.41,2.26,1.82,4.71,0,0,0,0.11,4596120,34175,W
848,-0.07,-0.2,0.35,0,0,0,2.26,1.82,4.71,11.42,-2.49,3.41,0.11,4596161,34216,W
849,-0.07,-0.2,0.35,-0.38,-0.78,-0.69,-9.16,4.31,1.3,0,0,0,0.11,4596202,34257,W
850,0.31,0.58,1.04,0,0,0,-9.16,4.31,1.3,0.11,0.76,0.16,0.11,4596242,34297,W
851,0.31,0.58,1.04,0,0,0,-9.27,3.55,1.14,0,0,0,0.11,4596282,34337,W
852,0.31,0.58,1.04,0,0,0,-9.27,3.55,1.14,-0.73,-0.88,0.53,0.11,4596321,34376,W
853,0.31,0.58,1.04,0.39,0.23,0.54,-8.54,4.43,0.61,0,0,0,0.11,4596361,34416,W
854,-0.08,0.35,0.5,0,0,0,-8.54,4.43,0.61,-0.04,-0.53,0.23,0.11,4596401,34456,W
855,-0.08,0.35,0.5,0,0,0,-8.5,4.96,0.38,-0.07,0.11,-0.34,0.11,4596441,34496,W
856,-0.08,0.35,0.5,0.11,0.07,0,-8.43,4.85,0.72,0,0,0,0.11,4596480,34535,W
857,-0.19,0.28,0.5,-0.09,0.08,-0.05,-8.43,4.85,0.72,0,0,0,0.11,4596520,34575,W
858,-0.1,0.2,0.55,0,0,0,-8.43,4.85,0.72,-0.08,-0.5,0.8,0.11,4596560,34615,W
859,-0.1,0.2,0.55,0,0,0,-8.35,5.35,-0.08,0.15,-0.23,-0.15,0.11,4596601,34656,W
860,-0.1,0.2,0.55,0,0,0,-8.5,5.58,0.07,-0.07,-0.08,-0.27,0.11,4596641,34696,W
861,-0.1,0.2,0.55,0,0,0,-8.43,5.66,0.34,0,0,0,0.11,4596681,34736,W
862,-0.1,0.2,0.55,1.44,2.26,-3.14,-8.43,5.66,0.34,0,0,0,0.11,4596720,34775,W
863,-1.54,-2.06,3.69,0,0,0,-8.43,5.66,0.34,1.68,-7.35,0.19,0.11,4596760,34815,W
864,-1.54,-2.06,3.69,0,0,0,-10.11,13.01,0.15,4.52,5.71,-3.72,0.11,4596801,34856,W
865,-1.54,-2.06,3.69,0,0,0,-14.63,7.3,3.87,0.54,2.45,1.61,0.11,4596842,34897,W
866,-1.54,-2.06,3.69,0,0,0,-15.17,4.85,2.26,0,0,0,0.11,4596883,34938,W
867,-1.54,-2.06,3.69,-2.67,-0.92,4.31,-15.17,4.85,2.26,0,0,0,0.11,4596924,34979,W
868,1.13,-1.14,-0.62,0.97,0.45,0.49,-15.17,4.85,2.26,0,0,0,0.11,4596967,35022,W
869,0.16,-1.59,-1.11,0,0,0,-15.17,4.85,2.26,-11.65,-0.5,2.46,0.11,4597009,35064,W
870,0.16,-1.59,-1.11,0,0,0,-3.52,5.35,-0.2,-0.95,0.65,2.06,0.11,4597051,35106,W
871,0.16,-1.59,-1.11,0,0,0,-2.57,4.7,-2.26,1.61,-0.57,-0.22,0.11,4597092,35147,W
872,0.16,-1.59,-1.11,0,0,0,-4.18,5.27,-2.04,0.57,-0.12,0.41,0.11,4597134,35189,W
873,0.16,-1.59,-1.11,1.03,-1.9,2.29,-4.75,5.39,-2.45,0,0,0,0.11,4597175,35230,W
874,-0.87,0.31,-3.4,-0.73,-0.35,-0.13,-4.75,5.39,-2.45,0,0,0,0.11,4597218,35273,W
875,-0.14,0.66,-3.27,0,0,0,-4.75,5.39,-2.45,2.76,-5.55,-4.36,0.11,4597260,35315,W
876,-0.14,0.66,-3.27,0,0,0,-7.51,10.94,1.91,-1.26,-5.25,-2.18,0.11,4597303,35358,W
877,-0.14,0.66,-3.27,0,0,0,-6.25,16.19,4.09,-1.65,-0.27,1.03,0.11,4597346,35401,W
878,-0.14,0.66,-3.27,0,0,0,-4.6,16.46,3.06,4.36,0.96,1.84,0.11,4597388,35443,W
879,-0.14,0.66,-3.27,-0.55,2.06,-4.48,-8.96,15.5,1.22,0,0,0,0.11,4597429,35484,W
880,0.41,-1.4,1.21,1.03,-1.86,0.23,-8.96,15.5,1.22,0,0,0,0.11,4597471,35526,W
881,-0.62,0.46,0.98,0,0,0,-8.96,15.5,1.22,0.31,11.61,1.49,0.11,4597513,35568,W
882,-0.62,0.46,0.98,0,0,0,-9.27,3.89,-0.27,-0.15,0.11,-0.69,0.11,4597556,35611,W
883,-0.62,0.46,0.98,0,0,0,-9.12,3.78,0.42,0.04,0.12,-0.15,0.11,4597598,35653,W
884,-0.62,0.46,0.98,0,0,0,-9.16,3.66,0.57,-0.04,-0.39,0.34,0.11,4597639,35694,W
885,-0.62,0.46,0.98,-0.4,0.18,0.7,-9.12,4.05,0.23,0,0,0,0.11,4597679,35734,W
886,-0.22,0.28,0.28,-0.32,0.43,-0.1,-9.12,4.05,0.23,0,0,0,0.11,4597720,35775,W
887,0.1,-0.15,0.38,0,0,0,-9.12,4.05,0.23,-0.27,-0.11,0,0.11,4597761,35816,W
888,0.1,-0.15,0.38,0,0,0,-8.85,4.16,0.23,-0.19,-0.27,-0.3,0.11,4597803,35858,W
889,0.1,-0.15,0.38,0,0,0,-8.66,4.43,0.53,0.11,0.04,0,0.11,4597842,35897,W
890,0.1,-0.15,0.38,0,0,0,-8.77,4.39,0.53,-0.19,-0.27,0.11,0.11,4597883,35938,W
891,0.1,-0.15,0.38,0.37,-0.14,-0.22,-8.58,4.66,0.42,0,0,0,0.11,4597923,35978,W
892,-0.27,-0.01,0.6,-0.15,0.51,-0.1,-8.58,4.66,0.42,0,0,0,0.11,4597965,36020,W
893,-0.12,-0.52,0.7,0,0,0,-8.58,4.66,0.42,-0.04,-0.61,-0.61,0.11,4598007,36062,W
894,-0.12,-0.52,0.7,0,0,0,-8.54,5.27,1.03,0.08,0,0.69,0.11,4598049,36104,W
895,-0.12,-0.52,0.7,0,0,0,-8.62,5.27,0.34,2.87,-1.19,-0.58,0.11,4598090,36145,W
896,-0.12,-0.52,0.7,0,0.76,-1.67,-11.49,6.46,0.92,0,0,0,0.11,4598130,36185,W
897,-0.12,-1.28,2.37,0,0,0,-11.49,6.46,0.92,-4.56,-1.68,-0.8,0.11,4598171,36226,W
898,-0.12,-1.28,2.37,-0.39,-2.98,0.55,-6.93,8.14,1.72,0,0,0,0.11,4598215,36270,W
899,0.27,1.7,1.82,0,0,0,-6.93,8.14,1.72,-2.72,2.91,1.11,0.11,4598257,36312,W
900,0.27,1.7,1.82,0,0,0,-4.21,5.23,0.61,4.6,3.68,-0.57,0.11,4598299,36354,W
901,0.27,1.7,1.82,0,0,0,-8.81,1.55,1.18,-3.02,-0.27,0.65,0.11,4598340,36395,W
902,0.27,1.7,1.82,0.77,0.05,3.87,-5.79,1.82,0.53,0,0,0,0.11,4598379,36434,T
903,-0.5,1.65,-2.05,0,0,0,-5.79,1.82,0.53,-4.64,-5.1,-1.77,0.11,4598419,36474,T
904,-0.5,1.65,-2.05,-0.83,1.11,-0.34,-1.15,6.92,2.3,0,0,0,0.11,4598462,36517,T
905,0.33,0.54,-1.71,0,0,0,-1.15,6.92,2.3,1.46,-4.98,-0.88,0.11,4598504,36559,T
906,0.33,0.54,-1.71,0,0,0,-2.61,11.9,3.18,2.29,1.34,1,0.11,4598546,36601,T
907,0.33,0.54,-1.71,0,0,0,-4.9,10.56,2.18,-0.07,5.98,-1.57,0.11,4598588,36643,T
908,0.33,0.54,-1.71,0.69,1.14,-1.39,-4.83,4.58,3.75,0,0,0,0.11,4598628,36683,T
909,-0.36,-0.6,-0.32,0,0,0,-4.83,4.58,3.75,4.79,-1.72,1.07,0.11,4598670,36725,T
910,-0.36,-0.6,-0.32,-0.6,-0.86,0.01,-9.62,6.3,2.68,0,0,0,0.11,4598712,36767,T
911,0.24,0.26,-0.33,0,0,0,-9.62,6.3,2.68,-1.8,0.53,0.77,0.11,4598755,36810,T
912,0.24,0.26,-0.33,0.24,0.26,-0.33,-7.82,5.77,1.91,-7.82,5.77,1.91,0.11,4598796,36851,T