,Xg,Yg,Zg,Xm,Ym,Zm,Xa,Ya,Za,Xq,Yq,Zq,Direction,Time
0,-0.01,0.07,0.04,12.06,12.25,-7.50,2.06,9.68,1.89,0.40,-0.49,-0.48,0.61,56785
1,0.03,0.02,0.01,12.06,12.25,-7.50,1.91,9.48,1.78,0.40,-0.49,-0.48,0.61,56823
2,0.03,0.02,0.01,12.06,12.25,-7.50,1.91,9.52,1.89,0.40,-0.49,-0.48,0.61,56837
3,0.06,-0.04,-0.03,12.06,12.25,-7.50,1.91,9.52,1.89,0.40,-0.49,-0.48,0.61,56855
4,0.06,-0.04,-0.03,12.06,12.25,-7.50,1.91,9.52,1.89,0.40,-0.49,-0.48,0.61,56869
5,0.06,-0.04,-0.03,12.06,12.25,-7.50,2.14,9.52,2.01,0.40,-0.49,-0.48,0.61,56886
6,0.04,-0.03,-0.04,12.06,12.25,-7.50,2.14,9.52,2.01,0.40,-0.49,-0.48,0.61,56901
7,0.04,-0.03,-0.04,12.06,12.25,-7.50,2.14,9.52,2.01,0.40,-0.49,-0.48,0.61,56914
8,0.04,-0.03,-0.04,12.06,12.25,-7.50,2.18,9.60,2.12,0.40,-0.49,-0.48,0.61,56927
9,0.02,0.00,-0.05,12.06,12.25,-7.50,2.18,9.60,2.12,0.40,-0.49,-0.48,0.61,56940
10,0.02,0.00,-0.05,12.06,12.25,-7.50,2.18,9.60,2.12,0.40,-0.49,-0.48,0.61,56953
11,0.02,0.00,-0.05,10.81,12.25,-9.00,2.18,9.60,2.12,0.40,-0.49,-0.48,0.61,58953
12,0.02,0.00,-0.05,10.81,12.25,-9.00,2.10,9.52,1.97,0.40,-0.49,-0.48,0.61,59966
13,-0.01,0.17,0.07,10.81,12.25,-9.00,2.25,9.56,1.70,0.40,-0.49,-0.48,0.61,70782
14,0.01,-0.01,0.04,10.81,12.25,-9.00,2.25,9.56,1.70,0.40,-0.49,-0.48,0.61,70796
15,0.01,-0.01,0.04,10.81,12.25,-9.00,2.37,9.48,1.12,0.40,-0.49,-0.48,0.61,70809
16,0.01,-0.06,0.00,10.81,12.25,-9.00,2.37,9.48,1.12,0.40,-0.49,-0.48,0.61,71265
17,0.01,-0.06,0.00,10.81,12.25,-9.00,2.37,9.48,1.12,0.39,-0.54,-0.48,0.57,72280
18,-0.01,-0.04,-0.01,10.81,12.25,-9.00,2.37,9.48,1.12,0.39,-0.54,-0.48,0.57,72373
19,-0.01,-0.04,-0.01,10.81,12.25,-9.00,2.56,9.56,1.12,0.39,-0.54,-0.48,0.57,72392
20,-0.01,-0.04,-0.01,10.81,12.25,-9.00,2.52,9.56,1.16,0.39,-0.54,-0.48,0.57,72438
21,-0.01,-0.04,0.00,10.81,12.25,-9.00,2.52,9.56,1.16,0.39,-0.54,-0.48,0.57,72466
22,-0.01,-0.04,0.00,10.81,12.25,-9.00,2.59,9.52,1.16,0.39,-0.54,-0.48,0.57,72482
23,-0.01,-0.01,-0.00,10.81,12.25,-9.00,2.59,9.52,1.16,0.39,-0.54,-0.48,0.57,72501
24,-0.01,-0.01,-0.00,10.81,12.25,-9.00,2.59,9.52,1.12,0.39,-0.54,-0.48,0.57,72519
25,-0.00,0.01,-0.01,10.81,12.25,-9.00,2.59,9.52,1.12,0.39,-0.54,-0.48,0.57,72540
26,-0.00,0.01,-0.01,10.81,12.25,-9.00,2.59,9.52,1.12,0.39,-0.54,-0.48,0.57,72559
27,-0.00,0.01,-0.01,10.81,12.25,-9.00,2.59,9.52,1.12,0.39,-0.54,-0.48,0.57,72581
28,0.01,-0.00,0.00,10.81,12.25,-9.00,2.59,9.52,1.12,0.39,-0.54,-0.48,0.57,72600
29,0.01,-0.00,0.00,10.81,12.25,-9.00,2.63,9.52,1.12,0.39,-0.54,-0.48,0.57,72615
30,0.01,0.01,0.00,10.81,12.25,-9.00,2.63,9.52,1.12,0.39,-0.54,-0.48,0.57,72634
31,0.01,0.01,0.00,10.81,12.25,-9.00,2.63,9.52,1.12,0.39,-0.54,-0.48,0.57,72651
32,0.01,0.01,0.00,10.81,12.25,-9.00,2.63,9.48,1.12,0.39,-0.54,-0.48,0.57,72669
33,0.01,0.03,0.00,10.81,12.25,-9.00,2.63,9.48,1.12,0.39,-0.54,-0.48,0.57,72682
34,0.01,0.03,0.00,10.81,12.25,-9.00,2.63,9.48,1.12,0.39,-0.54,-0.48,0.57,72699
35,0.01,0.03,0.00,10.81,12.25,-9.00,2.59,9.48,1.12,0.39,-0.54,-0.48,0.57,72716
36,0.00,0.01,-0.01,10.81,12.25,-9.00,2.59,9.48,1.12,0.39,-0.54,-0.48,0.57,72738
37,0.00,0.01,-0.01,10.81,12.25,-9.00,2.59,9.48,1.12,0.39,-0.54,-0.48,0.57,72759
38,0.00,0.01,-0.01,10.81,12.25,-9.00,2.56,9.60,1.12,0.39,-0.54,-0.48,0.57,72775
39,0.02,0.00,0.01,10.81,12.25,-9.00,2.56,9.60,1.12,0.39,-0.54,-0.48,0.57,72795
40,0.02,0.00,0.01,10.81,12.25,-9.00,2.59,9.52,1.12,0.39,-0.54,-0.48,0.57,72810
41,0.02,0.00,0.01,10.81,12.25,-9.00,2.59,9.52,1.16,0.39,-0.54,-0.48,0.57,72829
42,0.02,0.00,0.01,10.94,11.31,-7.69,2.59,9.52,1.16,0.39,-0.54,-0.48,0.57,72849
43,0.02,0.00,0.01,10.94,11.31,-7.69,2.52,9.56,1.12,0.39,-0.54,-0.48,0.57,72866
44,0.00,0.01,-0.00,10.94,11.31,-7.69,2.52,9.56,1.12,0.39,-0.54,-0.48,0.57,72880
45,0.00,0.01,-0.00,10.94,11.31,-7.69,2.52,9.56,1.12,0.39,-0.54,-0.47,0.58,72897
46,0.00,0.01,-0.00,10.94,11.31,-7.69,2.56,9.60,1.12,0.39,-0.54,-0.47,0.58,72917
47,0.00,0.01,-0.00,10.94,11.31,-7.69,2.59,9.56,1.09,0.39,-0.54,-0.47,0.58,72933
48,-0.00,0.01,-0.00,10.94,11.31,-7.69,2.59,9.56,1.09,0.39,-0.54,-0.47,0.58,72951
49,-0.00,0.01,-0.00,10.94,11.31,-7.69,2.52,9.48,1.05,0.39,-0.54,-0.47,0.58,72987
50,0.00,0.00,0.00,10.94,11.31,-7.69,2.52,9.48,1.05,0.39,-0.54,-0.47,0.58,73007
51,0.00,0.00,0.00,10.94,11.31,-7.69,2.52,9.52,1.09,0.39,-0.54,-0.47,0.58,73022
52,0.01,-0.01,-0.01,10.94,11.31,-7.69,2.52,9.52,1.09,0.39,-0.54,-0.47,0.58,73041
53,0.01,-0.01,-0.01,10.94,11.31,-7.69,2.56,9.52,1.12,0.39,-0.54,-0.47,0.58,73058
54,0.00,-0.04,0.00,10.94,11.31,-7.69,2.56,9.52,1.12,0.39,-0.54,-0.47,0.58,73078
55,0.00,-0.04,0.00,10.94,11.31,-7.69,2.56,9.52,1.12,0.39,-0.54,-0.47,0.58,73096
56,0.00,-0.04,0.00,10.94,11.31,-7.69,2.59,9.60,1.24,0.39,-0.54,-0.47,0.58,73114
57,-0.00,-0.10,0.02,10.94,11.31,-7.69,2.59,9.60,1.24,0.39,-0.54,-0.47,0.58,73130
58,-0.00,-0.10,0.02,10.94,11.31,-7.69,2.59,9.60,1.24,0.39,-0.54,-0.47,0.57,73148
59,-0.00,-0.10,0.02,10.94,11.31,-7.69,2.63,9.71,1.36,0.39,-0.54,-0.47,0.57,73165
60,-0.01,-0.13,0.04,10.94,11.31,-7.69,2.63,9.71,1.36,0.39,-0.54,-0.47,0.57,73184
61,-0.01,-0.13,0.04,10.94,11.31,-7.69,2.63,9.71,1.36,0.38,-0.55,-0.48,0.57,73203
62,-0.01,-0.13,0.04,10.94,11.31,-7.69,2.44,9.37,1.51,0.38,-0.55,-0.48,0.57,73225
63,0.00,-0.17,0.09,10.94,11.31,-7.69,2.44,9.37,1.51,0.38,-0.55,-0.48,0.57,73247
64,0.00,-0.17,0.09,10.94,11.31,-7.69,2.33,9.18,1.39,0.38,-0.55,-0.48,0.57,73264
65,0.00,-0.17,0.09,10.94,11.31,-7.69,2.21,9.21,1.39,0.38,-0.55,-0.48,0.57,73283
66,0.04,-0.11,0.04,10.94,11.31,-7.69,2.21,9.21,1.39,0.38,-0.55,-0.48,0.57,73301
67,0.04,-0.11,0.04,10.94,11.31,-7.69,2.25,9.33,1.39,0.38,-0.55,-0.48,0.57,73318
68,0.02,-0.25,0.04,10.94,11.31,-7.69,2.25,9.33,1.39,0.38,-0.55,-0.48,0.57,73335
69,0.02,-0.25,0.04,10.94,11.31,-7.69,2.25,9.33,1.39,0.38,-0.55,-0.48,0.57,73355
70,0.02,-0.25,0.04,10.94,11.31,-7.69,2.79,9.37,1.28,0.38,-0.55,-0.48,0.57,73371
71,0.01,-0.25,0.10,10.94,11.31,-7.69,2.79,9.37,1.28,0.38,-0.55,-0.48,0.57,73389
72,0.01,-0.25,0.10,10.69,11.94,-7.00,2.79,9.37,1.28,0.38,-0.55,-0.48,0.57,73407
73,0.01,-0.25,0.10,10.69,11.94,-7.00,2.75,9.33,1.20,0.38,-0.55,-0.48,0.57,73426
74,0.03,-0.20,0.07,10.69,11.94,-7.00,2.75,9.33,1.20,0.38,-0.55,-0.48,0.57,73449
75,0.03,-0.20,0.07,10.69,11.94,-7.00,2.79,9.45,1.20,0.38,-0.55,-0.48,0.57,73469
76,0.03,-0.20,0.07,10.69,11.94,-7.00,2.94,9.41,1.09,0.38,-0.55,-0.48,0.57,73489
77,0.03,-0.20,0.07,10.94,11.31,-7.69,2.94,9.41,1.09,0.38,-0.55,-0.48,0.57,73507
78,0.03,-0.20,0.07,10.94,11.31,-7.69,3.05,9.37,0.97,0.38,-0.55,-0.48,0.57,73532
79,0.14,-0.22,-0.02,10.94,11.31,-7.69,3.05,9.37,0.97,0.38,-0.55,-0.48,0.57,73552
80,0.14,-0.22,-0.02,10.94,11.31,-7.69,3.44,9.14,0.78,0.38,-0.55,-0.48,0.57,73570
81,0.28,-0.16,-0.01,10.94,11.31,-7.69,3.44,9.14,0.78,0.38,-0.55,-0.48,0.57,73596
82,0.28,-0.16,-0.01,11.75,12.31,-8.25,3.44,9.14,0.78,0.38,-0.55,-0.48,0.57,73614
83,0.40,0.13,-0.08,11.75,12.31,-8.25,3.44,9.14,0.78,0.38,-0.55,-0.48,0.57,73637
84,0.40,0.13,-0.08,11.75,12.31,-8.25,3.44,9.14,0.78,0.37,-0.58,-0.48,0.55,73654
85,0.40,0.13,-0.08,11.75,12.31,-8.25,3.90,9.68,1.24,0.37,-0.58,-0.48,0.55,73673
86,0.35,0.61,-0.21,11.75,12.31,-8.25,3.90,9.68,1.24,0.37,-0.58,-0.48,0.55,73695
87,0.35,0.61,-0.21,11.75,12.31,-8.25,3.90,10.06,1.16,0.37,-0.58,-0.48,0.55,73713
88,0.35,0.61,-0.21,11.75,12.31,-8.25,3.71,9.98,1.16,0.37,-0.58,-0.48,0.55,73737
89,0.25,0.66,-0.15,11.75,12.31,-8.25,3.71,9.98,1.16,0.37,-0.58,-0.48,0.55,73754
90,0.25,0.66,-0.15,11.75,12.31,-8.25,3.71,9.52,0.93,0.37,-0.58,-0.48,0.55,73772
91,0.18,0.51,0.09,11.75,12.31,-8.25,3.71,9.52,0.93,0.37,-0.58,-0.48,0.55,73789
92,0.18,0.51,0.09,11.75,12.31,-8.25,3.52,9.29,0.86,0.37,-0.58,-0.48,0.55,73807
93,0.18,0.51,0.09,11.75,12.31,-8.25,3.36,8.98,0.82,0.37,-0.58,-0.48,0.55,73823
94,0.13,0.47,0.21,11.75,12.31,-8.25,3.36,8.98,0.82,0.37,-0.58,-0.48,0.55,73844
95,0.13,0.47,0.21,11.75,12.31,-8.25,3.21,8.91,0.70,0.37,-0.58,-0.48,0.55,73864
96,0.16,0.59,0.04,11.75,12.31,-8.25,3.21,8.91,0.70,0.37,-0.58,-0.48,0.55,73882
97,0.16,0.59,0.04,11.75,12.31,-8.25,3.21,8.91,0.70,0.42,-0.55,-0.43,0.57,73898
98,0.16,0.59,0.04,11.75,12.31,-8.25,3.17,9.71,0.70,0.42,-0.55,-0.43,0.57,73918
99,0.13,0.45,-0.07,11.75,12.31,-8.25,3.17,9.71,0.70,0.42,-0.55,-0.43,0.57,73932
100,0.13,0.45,-0.07,11.75,12.31,-8.25,3.17,9.71,0.70,0.43,-0.55,-0.43,0.58,73948
101,0.13,0.45,-0.07,11.75,12.31,-8.25,3.44,9.45,0.66,0.43,-0.55,-0.43,0.58,73967
102,0.08,0.24,0.13,11.75,12.31,-8.25,3.44,9.45,0.66,0.43,-0.55,-0.43,0.58,73984
103,0.08,0.24,0.13,11.75,12.31,-8.25,3.44,9.45,0.66,0.43,-0.54,-0.42,0.58,74001
104,0.08,0.24,0.13,11.75,12.31,-8.25,3.78,9.52,0.74,0.43,-0.54,-0.42,0.58,74013
105,-0.06,0.09,0.36,11.75,12.31,-8.25,3.78,9.52,0.74,0.43,-0.54,-0.42,0.58,74027
106,-0.06,0.09,0.36,11.75,12.31,-8.25,3.78,9.52,0.74,0.43,-0.54,-0.42,0.59,74139
107,-0.06,0.09,0.36,11.75,12.31,-8.25,3.59,9.79,0.86,0.43,-0.54,-0.42,0.59,74161
108,-0.06,0.09,0.36,11.75,12.31,-8.25,3.40,9.75,1.24,0.43,-0.54,-0.42,0.59,74178
109,-0.19,-0.10,0.38,11.75,12.31,-8.25,3.40,9.75,1.24,0.43,-0.54,-0.42,0.59,74198
110,-0.19,-0.10,0.38,11.75,12.31,-8.25,2.79,9.48,0.93,0.43,-0.54,-0.42,0.59,74210
111,-0.44,-0.82,0.40,11.75,12.31,-8.25,2.79,9.48,0.93,0.43,-0.54,-0.42,0.59,74226
112,-0.44,-0.82,0.40,11.75,12.31,-8.25,2.79,9.48,0.93,0.38,-0.58,-0.41,0.60,74248
113,-0.44,-0.82,0.40,11.75,12.31,-8.25,2.98,9.79,0.51,0.38,-0.58,-0.41,0.60,74275
114,-0.44,-0.82,0.40,11.75,12.31,-8.25,3.52,11.05,2.08,0.38,-0.58,-0.41,0.60,74312
115,-0.44,-0.82,0.40,11.75,12.31,-8.25,2.98,10.86,1.93,0.38,-0.58,-0.41,0.60,74327
116,-0.71,-3.68,0.27,11.75,12.31,-8.25,2.98,10.86,1.93,0.38,-0.58,-0.41,0.60,74350
117,-0.71,-3.68,0.27,11.75,12.31,-8.25,3.63,9.71,1.36,0.38,-0.58,-0.41,0.60,74376
118,-0.93,-3.80,0.33,11.75,12.31,-8.25,3.63,9.71,1.36,0.38,-0.58,-0.41,0.60,74393
119,-0.93,-3.80,0.33,11.75,12.31,-8.25,5.20,9.06,1.36,0.38,-0.58,-0.41,0.60,74411
120,-1.04,-1.85,0.16,11.75,12.31,-8.25,5.20,9.06,1.36,0.38,-0.58,-0.41,0.60,74432
121,-1.04,-1.85,0.16,11.75,12.31,-8.25,5.20,9.06,1.36,0.20,-0.68,-0.52,0.47,74454
122,-1.04,-1.85,0.16,11.75,12.31,-8.25,4.89,8.49,0.89,0.20,-0.68,-0.52,0.47,74468
123,-1.24,-1.19,0.35,11.75,12.31,-8.25,4.89,8.49,0.89,0.20,-0.68,-0.52,0.47,74487
124,-1.24,-1.19,0.35,10.88,13.56,-6.00,4.89,8.49,0.89,0.20,-0.68,-0.52,0.47,74511
125,-1.24,-1.19,0.35,10.88,13.56,-6.00,3.55,10.52,0.17,0.20,-0.68,-0.52,0.47,74527
126,-1.15,-0.93,0.39,10.88,13.56,-6.00,3.55,10.52,0.17,0.20,-0.68,-0.52,0.47,74551
127,-1.15,-0.93,0.39,10.88,13.56,-6.00,2.75,11.17,-0.06,0.20,-0.68,-0.52,0.47,74569
128,-1.03,-0.46,0.30,10.88,13.56,-6.00,2.75,11.17,-0.06,0.20,-0.68,-0.52,0.47,74587
129,-1.03,-0.46,0.30,10.75,12.25,-6.62,2.75,11.17,-0.06,0.20,-0.68,-0.52,0.47,74614
130,-1.03,-0.46,0.30,10.75,12.25,-6.62,0.87,8.07,0.59,0.20,-0.68,-0.52,0.47,74636
131,-0.94,-1.38,0.17,10.75,12.25,-6.62,0.87,8.07,0.59,0.20,-0.68,-0.52,0.47,74655
132,-0.94,-1.38,0.17,10.75,12.25,-6.62,0.26,7.22,0.74,0.20,-0.68,-0.52,0.47,74676
133,-1.12,-1.50,-0.75,10.75,12.25,-6.62,0.26,7.22,0.74,0.20,-0.68,-0.52,0.47,74695
134,-1.12,-1.50,-0.75,10.75,12.25,-6.62,1.37,6.80,0.09,0.20,-0.68,-0.52,0.47,74713
135,-1.12,-1.50,-0.75,10.75,12.25,-6.62,2.33,7.41,0.13,0.20,-0.68,-0.52,0.47,74735
136,-1.05,-0.96,-1.73,10.75,12.25,-6.62,2.33,7.41,0.13,0.20,-0.68,-0.52,0.47,74761
137,-1.05,-0.96,-1.73,10.75,12.25,-6.62,2.29,8.22,0.02,0.20,-0.68,-0.52,0.47,74782
138,-0.61,-0.96,-2.26,10.75,12.25,-6.62,2.29,8.22,0.02,0.20,-0.68,-0.52,0.47,74799
139,-0.61,-0.96,-2.26,10.75,12.25,-6.62,3.09,9.52,0.09,0.20,-0.68,-0.52,0.47,74823
140,-0.15,-1.02,-2.51,10.75,12.25,-6.62,3.09,9.52,0.09,0.20,-0.68,-0.52,0.47,74845
141,-0.15,-1.02,-2.51,10.75,12.25,-6.62,3.82,9.83,-0.41,0.20,-0.68,-0.52,0.47,74859
142,0.09,-0.64,-2.16,10.75,12.25,-6.62,3.82,9.83,-0.41,0.20,-0.68,-0.52,0.47,74883
143,0.09,-0.64,-2.16,10.75,12.25,-6.62,3.82,9.83,-0.41,0.09,-0.65,-0.72,0.21,74900
144,0.09,-0.64,-2.16,10.75,12.25,-6.62,4.82,9.33,-0.06,0.09,-0.65,-0.72,0.21,74922
145,0.32,-0.71,-1.44,10.75,12.25,-6.62,4.82,9.33,-0.06,0.09,-0.65,-0.72,0.21,74945
146,0.32,-0.71,-1.44,10.75,12.25,-6.62,5.89,8.87,0.32,0.09,-0.65,-0.72,0.21,74965
147,0.32,-0.71,-1.44,10.75,12.25,-6.62,5.58,8.75,0.89,0.09,-0.65,-0.72,0.21,74983
148,0.51,-0.32,-0.78,10.75,12.25,-6.62,5.58,8.75,0.89,0.09,-0.65,-0.72,0.21,75003
149,0.51,-0.32,-0.78,10.75,12.25,-6.62,5.32,9.68,0.66,0.09,-0.65,-0.72,0.21,75020
150,0.62,-0.09,-0.42,10.75,12.25,-6.62,5.32,9.68,0.66,0.09,-0.65,-0.72,0.21,75040
151,0.62,-0.09,-0.42,10.75,12.25,-6.62,7.12,11.93,0.82,0.09,-0.65,-0.72,0.21,75057
152,0.62,-0.09,-0.42,10.75,12.25,-6.62,6.89,13.39,0.47,0.09,-0.65,-0.72,0.21,75083
153,0.45,2.08,0.09,10.75,12.25,-6.62,6.89,13.39,0.47,0.09,-0.65,-0.72,0.21,75101
154,0.45,2.08,0.09,10.75,12.25,-6.62,5.93,14.46,-0.33,0.09,-0.65,-0.72,0.21,75116
155,0.29,1.59,1.36,10.75,12.25,-6.62,5.93,14.46,-0.33,0.09,-0.65,-0.72,0.21,75135
156,0.29,1.59,1.36,10.75,12.25,-6.62,5.93,14.46,-0.33,0.16,-0.68,-0.69,0.17,75156
157,0.29,1.59,1.36,10.75,12.25,-6.62,3.21,11.09,0.32,0.16,-0.68,-0.69,0.17,75174
158,-0.05,1.90,2.23,10.75,12.25,-6.62,3.21,11.09,0.32,0.16,-0.68,-0.69,0.17,75195
159,-0.05,1.90,2.23,10.75,12.25,-6.62,1.41,11.74,-0.60,0.16,-0.68,-0.69,0.17,75215
160,-0.00,1.99,2.04,10.75,12.25,-6.62,1.41,11.74,-0.60,0.16,-0.68,-0.69,0.17,75235
161,-0.00,1.99,2.04,10.75,12.25,-6.62,1.41,11.74,-0.60,0.15,-0.68,-0.65,0.30,75257
162,-0.00,1.99,2.04,10.75,12.25,-6.62,2.98,11.82,-0.18,0.15,-0.68,-0.65,0.30,75275
163,-0.21,1.47,1.94,10.75,12.25,-6.62,2.98,11.82,-0.18,0.15,-0.68,-0.65,0.30,75296
164,-0.21,1.47,1.94,10.75,12.25,-6.62,1.83,10.02,-1.75,0.15,-0.68,-0.65,0.30,75316
165,-0.17,0.99,1.72,10.75,12.25,-6.62,1.83,10.02,-1.75,0.15,-0.68,-0.65,0.30,75333
166,-0.17,0.99,1.72,10.75,12.25,-6.62,1.83,10.02,-1.75,0.13,-0.66,-0.61,0.41,75347
167,-0.17,0.99,1.72,10.75,12.25,-6.62,2.56,9.29,-0.94,0.13,-0.66,-0.61,0.41,75364
168,-0.12,1.47,1.52,10.75,12.25,-6.62,2.56,9.29,-0.94,0.13,-0.66,-0.61,0.41,75387
169,-0.12,1.47,1.52,10.75,12.25,-6.62,2.56,9.29,-0.94,0.12,-0.65,-0.59,0.46,75414
170,-0.12,1.47,1.52,10.75,12.25,-6.62,2.33,9.41,-2.09,0.12,-0.65,-0.59,0.46,75432
171,-0.01,0.89,1.42,10.75,12.25,-6.62,2.33,9.41,-2.09,0.12,-0.65,-0.59,0.46,75451
172,-0.01,0.89,1.42,10.75,12.25,-6.62,3.13,9.56,-1.90,0.12,-0.65,-0.59,0.46,75477
173,0.45,0.93,1.42,10.75,12.25,-6.62,3.13,9.56,-1.90,0.12,-0.65,-0.59,0.46,75493
174,0.45,0.93,1.42,10.75,12.25,-6.62,3.67,9.14,-1.79,0.12,-0.65,-0.59,0.46,75510
175,0.45,0.93,1.42,10.75,12.25,-6.62,3.71,8.79,-1.55,0.12,-0.65,-0.59,0.46,75532
176,0.93,1.87,1.27,10.75,12.25,-6.62,3.71,8.79,-1.55,0.12,-0.65,-0.59,0.46,75554
177,0.93,1.87,1.27,10.75,12.25,-6.62,3.44,8.60,-1.67,0.12,-0.65,-0.59,0.46,75572
178,1.41,1.48,0.94,10.75,12.25,-6.62,3.44,8.60,-1.67,0.12,-0.65,-0.59,0.46,75592
179,1.41,1.48,0.94,10.75,12.25,-6.62,3.05,8.45,-1.52,0.12,-0.65,-0.59,0.46,75611
180,1.41,1.48,0.94,10.75,12.25,-6.62,3.59,8.75,0.28,0.12,-0.65,-0.59,0.46,75626
181,1.80,1.90,0.37,10.75,12.25,-6.62,3.59,8.75,0.28,0.12,-0.65,-0.59,0.46,75646
182,1.80,1.90,0.37,10.75,12.25,-6.62,3.36,9.21,2.20,0.12,-0.65,-0.59,0.46,75665
183,1.68,1.27,-0.14,10.75,12.25,-6.62,3.36,9.21,2.20,0.12,-0.65,-0.59,0.46,75679
184,1.68,1.27,-0.14,10.75,12.25,-6.62,3.36,9.21,2.20,0.20,-0.61,-0.40,0.66,75696
185,1.68,1.27,-0.14,10.75,12.25,-6.62,2.71,9.14,-0.83,0.20,-0.61,-0.40,0.66,75716
186,1.57,1.00,-1.07,10.75,12.25,-6.62,2.71,9.14,-0.83,0.20,-0.61,-0.40,0.66,75735
187,1.57,1.00,-1.07,5.87,-11.13,12.88,2.71,9.14,-0.83,0.20,-0.61,-0.40,0.66,75756
188,1.15,0.98,-1.92,5.87,-11.13,12.88,2.71,9.14,-0.83,0.20,-0.61,-0.40,0.66,75779
189,1.15,0.98,-1.92,5.87,-11.13,12.88,2.71,9.14,-0.83,0.31,-0.59,-0.37,0.65,75801
190,1.15,0.98,-1.92,5.87,-11.13,12.88,2.25,11.21,0.09,0.31,-0.59,-0.37,0.65,75820
191,0.58,-0.74,-1.35,5.87,-11.13,12.88,2.25,11.21,0.09,0.31,-0.59,-0.37,0.65,75836
192,0.58,-0.74,-1.35,5.87,-11.13,12.88,3.71,10.06,1.39,0.31,-0.59,-0.37,0.65,75856
193,0.58,-0.74,-1.35,5.87,-11.13,12.88,4.78,9.87,1.01,0.31,-0.59,-0.37,0.65,75883
194,0.31,0.16,-1.14,5.87,-11.13,12.88,4.78,9.87,1.01,0.31,-0.59,-0.37,0.65,75905
195,0.31,0.16,-1.14,5.87,-11.13,12.88,3.71,11.40,0.63,0.31,-0.59,-0.37,0.65,75921
196,-1.11,-1.20,-0.70,5.87,-11.13,12.88,3.71,11.40,0.63,0.31,-0.59,-0.37,0.65,75941
197,-1.11,-1.20,-0.70,5.87,-11.13,12.88,4.47,11.63,2.23,0.31,-0.59,-0.37,0.65,75959
198,-1.11,-1.20,-0.70,5.87,-11.13,12.88,6.70,10.02,2.85,0.31,-0.59,-0.37,0.65,75978
199,-1.57,-1.92,-0.40,5.87,-11.13,12.88,6.70,10.02,2.85,0.31,-0.59,-0.37,0.65,75994
200,-1.57,-1.92,-0.40,5.87,-11.13,12.88,5.32,7.30,1.24,0.31,-0.59,-0.37,0.65,76022
201,-1.06,-1.46,-0.49,5.87,-11.13,12.88,5.32,7.30,1.24,0.31,-0.59,-0.37,0.65,76045
202,-1.06,-1.46,-0.49,5.87,-11.13,12.88,4.51,5.65,0.21,0.31,-0.59,-0.37,0.65,76064
203,-1.06,-1.46,-0.49,5.87,-11.13,12.88,3.59,5.12,0.74,0.31,-0.59,-0.37,0.65,76082
204,-0.49,-2.47,-0.29,5.87,-11.13,12.88,3.59,5.12,0.74,0.31,-0.59,-0.37,0.65,76102
205,-0.49,-2.47,-0.29,5.87,-11.13,12.88,4.20,5.61,0.13,0.31,-0.59,-0.37,0.65,76119
206,-0.37,-2.41,-0.19,5.87,-11.13,12.88,4.20,5.61,0.13,0.31,-0.59,-0.37,0.65,76139
207,-0.37,-2.41,-0.19,5.87,-11.13,12.88,5.58,6.72,0.55,0.31,-0.59,-0.37,0.65,76163
208,-0.37,-2.41,-0.19,5.87,-11.13,12.88,5.58,7.07,0.89,0.31,-0.59,-0.37,0.65,76188
209,-0.13,-1.57,-0.07,5.87,-11.13,12.88,5.58,7.07,0.89,0.31,-0.59,-0.37,0.65,76215
210,0.21,-0.79,0.26,5.87,-11.13,12.88,5.58,7.07,0.89,0.31,-0.59,-0.37,0.65,76234
211,0.21,-0.79,0.26,5.87,-11.13,12.88,5.58,7.07,0.89,0.20,-0.66,-0.58,0.44,76252
212,0.21,-0.79,0.26,5.87,-11.13,12.88,4.93,8.98,3.81,0.20,-0.66,-0.58,0.44,76275
213,0.25,-2.55,0.84,5.87,-11.13,12.88,4.93,8.98,3.81,0.20,-0.66,-0.58,0.44,76300
214,0.25,-2.55,0.84,5.87,-11.13,12.88,4.89,8.37,2.31,0.20,-0.66,-0.58,0.44,76319
215,0.25,-2.55,0.84,5.87,-11.13,12.88,6.96,8.45,1.93,0.20,-0.66,-0.58,0.44,76336
216,0.25,-2.55,0.84,5.87,-11.13,12.88,5.24,9.02,0.40,0.20,-0.66,-0.58,0.44,76360
217,-0.02,-2.22,0.62,5.87,-11.13,12.88,5.24,9.02,0.40,0.20,-0.66,-0.58,0.44,76375
218,-0.02,-2.22,0.62,5.87,-11.13,12.88,5.24,9.02,0.40,0.07,-0.74,-0.57,0.35,76395
219,-0.02,-2.22,0.62,5.87,-11.13,12.88,5.70,9.64,-1.06,0.07,-0.74,-0.57,0.35,76413
220,-0.02,-2.22,0.62,5.87,-11.13,12.88,6.35,9.64,-1.55,0.07,-0.74,-0.57,0.35,76430
221,0.02,-1.46,0.34,5.87,-11.13,12.88,6.35,9.64,-1.55,0.07,-0.74,-0.57,0.35,76445
222,0.02,-1.46,0.34,5.87,-11.13,12.88,7.23,9.48,-1.40,0.07,-0.74,-0.57,0.35,76459
223,-0.42,0.23,0.32,5.87,-11.13,12.88,7.23,9.48,-1.40,0.07,-0.74,-0.57,0.35,76491
224,-0.42,0.23,0.32,5.87,-11.13,12.88,7.23,9.48,-1.40,0.02,-0.76,-0.57,0.32,76515
225,-0.42,0.23,0.32,5.87,-11.13,12.88,3.59,9.98,-3.01,0.02,-0.76,-0.57,0.32,76535
226,-0.77,-0.23,0.19,5.87,-11.13,12.88,3.59,9.98,-3.01,0.02,-0.76,-0.57,0.32,76551
227,-0.77,-0.23,0.19,5.87,-11.13,12.88,4.36,11.09,-2.05,0.02,-0.76,-0.57,0.32,76568
228,-0.39,-0.12,0.49,5.87,-11.13,12.88,4.36,11.09,-2.05,0.02,-0.76,-0.57,0.32,76584
229,-0.39,-0.12,0.49,5.87,-11.13,12.88,5.43,9.60,-2.71,0.02,-0.76,-0.57,0.32,76602
230,-0.16,1.66,0.55,5.87,-11.13,12.88,5.43,9.60,-2.71,0.02,-0.76,-0.57,0.32,76617
231,-0.16,1.66,0.55,5.87,-11.13,12.88,5.43,9.60,-2.71,-0.01,-0.73,-0.59,0.35,76632
232,-0.16,1.66,0.55,5.87,-11.13,12.88,5.20,9.10,-2.71,-0.01,-0.73,-0.59,0.35,76645
233,0.25,1.45,0.69,5.87,-11.13,12.88,5.20,9.10,-2.71,-0.01,-0.73,-0.59,0.35,76684
234,0.25,1.45,0.69,5.87,-11.13,12.88,5.20,9.10,-2.71,0.01,-0.71,-0.58,0.39,76700
235,0.25,1.45,0.69,5.87,-11.13,12.88,4.24,8.26,-1.90,0.01,-0.71,-0.58,0.39,76715
236,0.55,1.09,0.86,5.87,-11.13,12.88,4.24,8.26,-1.90,0.01,-0.71,-0.58,0.39,76918
237,0.55,1.09,0.86,5.87,-11.13,12.88,4.24,8.26,-1.90,0.02,-0.71,-0.57,0.42,76957
238,0.55,1.09,0.86,-5.62,-30.00,2.69,4.24,8.26,-1.90,0.02,-0.71,-0.57,0.42,76988
239,1.47,2.96,-0.58,-5.62,-30.00,2.69,4.24,8.26,-1.90,0.02,-0.71,-0.57,0.42,77004
240,1.69,2.84,-1.70,-5.62,-30.00,2.69,4.24,8.26,-1.90,0.02,-0.71,-0.57,0.42,77016
241,1.69,2.84,-1.70,-5.62,-30.00,2.69,4.24,8.26,-1.90,0.23,-0.63,-0.40,0.63,77037
242,1.69,2.84,-1.70,-6.12,-32.88,8.88,4.24,8.26,-1.90,0.23,-0.63,-0.40,0.63,77060
243,1.69,2.84,-1.70,-6.12,-32.88,8.88,2.59,13.81,-0.75,0.23,-0.63,-0.40,0.63,77089
244,1.74,2.67,-1.72,-6.12,-32.88,8.88,2.59,13.81,-0.75,0.23,-0.63,-0.40,0.63,77105
245,1.74,2.67,-1.72,-6.12,-32.88,8.88,3.90,10.02,2.23,0.23,-0.63,-0.40,0.63,77119
246,1.48,3.05,-0.99,-6.12,-32.88,8.88,3.90,10.02,2.23,0.23,-0.63,-0.40,0.63,77142
247,1.48,3.05,-0.99,-6.12,-32.88,8.88,1.91,9.06,1.85,0.23,-0.63,-0.40,0.63,77156
248,0.91,1.59,-0.91,-6.12,-32.88,8.88,1.91,9.06,1.85,0.23,-0.63,-0.40,0.63,77181
249,0.91,1.59,-0.91,-6.12,-32.88,8.88,1.91,9.06,1.85,0.44,-0.50,-0.33,0.67,77205
250,0.91,1.59,-0.91,-6.12,-32.88,8.88,-0.39,10.36,1.43,0.44,-0.50,-0.33,0.67,77221
251,-0.06,-2.33,-0.76,-6.12,-32.88,8.88,-0.39,10.36,1.43,0.44,-0.50,-0.33,0.67,77242
252,-0.06,-2.33,-0.76,-6.12,-32.88,8.88,1.60,9.94,1.47,0.44,-0.50,-0.33,0.67,77257
253,-1.42,-4.08,-0.37,-6.12,-32.88,8.88,1.60,9.94,1.47,0.44,-0.50,-0.33,0.67,77271
254,-1.42,-4.08,-0.37,-6.12,-32.88,8.88,1.60,9.94,1.47,0.42,-0.55,-0.40,0.61,77286
255,-1.42,-4.08,-0.37,-6.12,-32.88,8.88,4.97,10.71,1.85,0.42,-0.55,-0.40,0.61,77305
256,-1.42,-4.08,-0.37,-6.12,-32.88,8.88,5.77,10.13,0.47,0.42,-0.55,-0.40,0.61,77327
257,-1.48,-3.18,-0.23,-6.12,-32.88,8.88,5.77,10.13,0.47,0.42,-0.55,-0.40,0.61,77343
258,-1.48,-3.18,-0.23,-6.12,-32.88,8.88,4.74,8.75,0.13,0.42,-0.55,-0.40,0.61,77454
259,-0.85,-1.51,-0.13,-6.12,-32.88,8.88,4.74,8.75,0.13,0.42,-0.55,-0.40,0.61,77492
260,0.21,-0.01,-0.78,-6.12,-32.88,8.88,4.74,8.75,0.13,0.42,-0.55,-0.40,0.61,77525
261,0.21,-0.01,-0.78,-6.12,-32.88,8.88,2.14,7.11,2.31,0.42,-0.55,-0.40,0.61,77545
262,0.21,-0.01,-0.78,-6.12,-32.88,8.88,3.75,7.53,2.81,0.42,-0.55,-0.40,0.61,77563
263,0.21,-0.01,-0.78,-6.12,-32.88,8.88,4.36,8.14,2.20,0.42,-0.55,-0.40,0.61,77578
264,0.50,-0.94,-0.65,-6.12,-32.88,8.88,4.36,8.14,2.20,0.42,-0.55,-0.40,0.61,77594
265,0.50,-0.94,-0.65,-6.12,-32.88,8.88,3.78,8.71,2.01,0.42,-0.55,-0.40,0.61,77608
266,0.32,0.05,-0.56,-6.12,-32.88,8.88,3.78,8.71,2.01,0.42,-0.55,-0.40,0.61,77623
267,0.32,0.05,-0.56,-6.12,-32.88,8.88,3.78,8.71,2.01,0.33,-0.63,-0.56,0.43,77638
268,0.32,0.05,-0.56,-6.12,-32.88,8.88,4.43,9.21,2.46,0.33,-0.63,-0.56,0.43,77655
269,0.32,0.05,-0.56,-6.12,-32.88,8.88,3.09,10.13,2.58,0.33,-0.63,-0.56,0.43,77670
270,-0.08,0.73,-0.47,-6.12,-32.88,8.88,3.09,10.13,2.58,0.33,-0.63,-0.56,0.43,77820
271,-0.08,0.73,-0.47,-6.12,-32.88,8.88,3.17,11.59,2.08,0.33,-0.63,-0.56,0.43,78415
272,-0.08,0.73,-0.47,-6.12,-32.88,8.88,0.83,7.34,-1.40,0.33,-0.63,-0.56,0.43,78433
273,-0.08,0.73,-0.47,-6.12,-32.88,8.88,2.86,8.49,0.32,0.33,-0.63,-0.56,0.43,78448
274,-0.08,0.73,-0.47,-6.12,-32.88,8.88,1.87,7.22,-0.29,0.33,-0.63,-0.56,0.43,78462
275,-0.10,2.38,2.66,-6.12,-32.88,8.88,1.87,7.22,-0.29,0.33,-0.63,-0.56,0.43,78524
276,-0.10,2.38,2.66,-6.12,-32.88,8.88,1.87,7.22,-0.29,0.46,-0.30,-0.20,0.81,78857
277,-0.10,2.38,2.66,-6.12,-32.88,8.88,-0.24,8.03,-2.02,0.46,-0.30,-0.20,0.81,78888
278,1.04,1.30,-1.11,-6.12,-32.88,8.88,-0.24,8.03,-2.02,0.46,-0.30,-0.20,0.81,78903
279,1.04,1.30,-1.11,-6.12,-32.88,8.88,0.76,9.56,-0.02,0.46,-0.30,-0.20,0.81,78917
280,0.67,2.36,-0.76,-6.12,-32.88,8.88,0.76,9.56,-0.02,0.46,-0.30,-0.20,0.81,78932
281,0.67,2.36,-0.76,-6.12,-32.88,8.88,-0.81,9.64,-1.25,0.46,-0.30,-0.20,0.81,78946
282,0.67,2.89,-0.58,-6.12,-32.88,8.88,-0.81,9.64,-1.25,0.46,-0.30,-0.20,0.81,78988
283,0.67,2.89,-0.58,-6.12,-32.88,8.88,-0.81,9.64,-1.25,0.72,0.18,0.13,0.66,79003
284,0.67,2.89,-0.58,-6.12,-32.88,8.88,-2.16,11.09,-0.64,0.72,0.18,0.13,0.66,79671
285,0.60,0.73,-0.50,-6.12,-32.88,8.88,-2.16,11.09,-0.64,0.72,0.18,0.13,0.66,79697
286,0.60,0.73,-0.50,-6.12,-32.88,8.88,1.52,7.72,4.07,0.72,0.18,0.13,0.66,79711
287,0.60,0.73,-0.50,-6.12,-32.88,8.88,1.71,8.07,4.80,0.72,0.18,0.13,0.66,79725
288,-1.23,0.25,1.05,-6.12,-32.88,8.88,1.71,8.07,4.80,0.72,0.18,0.13,0.66,80208
289,-1.23,0.25,1.05,-6.12,-32.88,8.88,2.29,8.33,4.92,0.72,0.18,0.13,0.66,80231
290,-0.03,-0.05,0.13,-6.12,-32.88,8.88,2.29,8.33,4.92,0.72,0.18,0.13,0.66,80247
291,-0.03,-0.05,0.13,-6.12,-32.88,8.88,1.71,6.61,5.19,0.72,0.18,0.13,0.66,80262
292,0.38,0.32,-0.03,-6.12,-32.88,8.88,1.71,6.61,5.19,0.72,0.18,0.13,0.66,80277
293,0.38,0.32,-0.03,-7.06,-28.50,-30.06,1.71,6.61,5.19,0.72,0.18,0.13,0.66,80297
294,0.38,0.32,-0.03,-7.06,-28.50,-30.06,1.48,7.22,5.84,0.72,0.18,0.13,0.66,80311
295,0.73,0.25,-0.18,-7.06,-28.50,-30.06,1.48,7.22,5.84,0.72,0.18,0.13,0.66,80680
296,0.73,0.25,-0.18,-7.06,-28.50,-30.06,1.48,7.22,5.84,0.40,0.05,0.35,0.85,80703
297,0.73,0.25,-0.18,-7.06,-28.50,-30.06,0.07,12.97,1.93,0.40,0.05,0.35,0.85,80716
298,1.37,0.86,-0.61,-7.06,-28.50,-30.06,0.07,12.97,1.93,0.40,0.05,0.35,0.85,80731
299,1.37,0.86,-0.61,-7.06,-28.50,-30.06,0.76,10.86,-0.02,0.40,0.05,0.35,0.85,80805
300,0.86,0.49,-0.63,-7.06,-28.50,-30.06,0.76,10.86,-0.02,0.40,0.05,0.35,0.85,80829
301,0.26,-0.71,-0.43,-7.06,-28.50,-30.06,0.76,10.86,-0.02,0.40,0.05,0.35,0.85,80856
302,0.26,-0.71,-0.43,-7.06,-28.50,-30.06,1.41,9.60,1.51,0.40,0.05,0.35,0.85,80872
303,0.03,-0.36,-0.06,-7.06,-28.50,-30.06,1.41,9.60,1.51,0.40,0.05,0.35,0.85,80889
304,0.03,-0.36,-0.06,-7.06,-28.50,-30.06,2.33,8.79,1.09,0.40,0.05,0.35,0.85,80903
305,-0.11,0.58,0.31,-7.06,-28.50,-30.06,2.33,8.79,1.09,0.40,0.05,0.35,0.85,80917
306,-0.11,0.58,0.31,-7.06,-28.50,-30.06,2.33,8.79,1.09,0.70,0.09,0.19,0.68,82026
307,-0.11,0.58,0.31,-7.06,-28.50,-30.06,2.48,8.87,0.74,0.70,0.09,0.19,0.68,82051
308,-0.11,0.58,0.31,-7.06,-28.50,-30.06,-0.39,10.32,0.55,0.70,0.09,0.19,0.68,82064
309,-0.11,-0.71,0.04,-7.06,-28.50,-30.06,-0.39,10.32,0.55,0.70,0.09,0.19,0.68,82077
310,-0.11,-0.71,0.04,-7.06,-28.50,-30.06,0.03,10.82,0.51,0.70,0.09,0.19,0.68,82091
311,-0.06,-0.14,0.30,-7.06,-28.50,-30.06,0.03,10.82,0.51,0.70,0.09,0.19,0.68,82829
312,-0.06,-0.14,0.30,-7.06,-28.50,-30.06,0.03,10.82,0.51,0.57,0.40,0.42,0.59,82853
313,-0.06,-0.14,0.30,-7.06,-28.50,-30.06,0.34,10.21,0.59,0.57,0.40,0.42,0.59,82867
314,-0.65,-0.93,0.42,-7.06,-28.50,-30.06,0.34,10.21,0.59,0.57,0.40,0.42,0.59,82883
315,-0.65,-0.93,0.42,-7.06,-28.50,-30.06,0.72,9.64,0.93,0.57,0.40,0.42,0.59,82897
316,-0.92,-1.19,0.52,-7.06,-28.50,-30.06,0.72,9.64,0.93,0.57,0.40,0.42,0.59,83091
317,-0.92,-1.19,0.52,-7.06,-28.50,-30.06,0.72,9.64,0.93,0.46,0.50,0.54,0.49,83113
318,0.04,-2.01,1.08,-7.06,-28.50,-30.06,0.72,9.64,0.93,0.46,0.50,0.54,0.49,83128
319,0.04,-2.01,1.08,-7.06,-28.50,-30.06,1.52,10.75,-0.68,0.46,0.50,0.54,0.49,83144
320,0.04,-2.01,1.08,-7.06,-28.50,-30.06,1.75,10.48,0.13,0.46,0.50,0.54,0.49,83162
321,0.63,-0.34,0.82,-7.06,-28.50,-30.06,1.75,10.48,0.13,0.46,0.50,0.54,0.49,83178
322,0.63,-0.34,0.82,-7.06,-28.50,-30.06,1.41,10.25,0.86,0.46,0.50,0.54,0.49,83318
323,0.63,-0.34,0.82,-7.06,-28.50,-30.06,1.25,10.29,0.63,0.46,0.50,0.54,0.49,83438
324,0.63,-0.34,0.82,-7.06,-28.50,-30.06,1.41,10.17,1.89,0.46,0.50,0.54,0.49,83459
325,0.50,0.06,-1.28,-7.06,-28.50,-30.06,1.41,10.17,1.89,0.46,0.50,0.54,0.49,83489
326,0.50,0.06,-1.28,-7.06,-28.50,-30.06,0.22,11.32,0.02,0.46,0.50,0.54,0.49,83507
327,0.50,0.06,-1.28,-7.06,-28.50,-30.06,1.06,11.66,0.63,0.46,0.50,0.54,0.49,83540
328,0.14,0.44,-1.67,-7.06,-28.50,-30.06,1.06,11.66,0.63,0.46,0.50,0.54,0.49,83560
329,0.07,-0.61,-1.12,-7.06,-28.50,-30.06,1.06,11.66,0.63,0.46,0.50,0.54,0.49,83581
330,0.07,-0.61,-1.12,-7.06,-28.50,-30.06,1.71,12.16,-1.13,0.46,0.50,0.54,0.49,83595
331,0.01,-1.20,0.89,-7.06,-28.50,-30.06,1.71,12.16,-1.13,0.46,0.50,0.54,0.49,83608
332,0.01,-1.20,0.89,-7.06,-28.50,-30.06,1.71,12.16,-1.13,0.49,0.54,0.49,0.48,83622
333,0.01,-1.20,0.89,-15.13,-34.06,-7.81,1.71,12.16,-1.13,0.49,0.54,0.49,0.48,83637
334,0.01,-1.20,0.89,-15.13,-34.06,-7.81,1.52,10.32,-0.87,0.49,0.54,0.49,0.48,83654
335,-0.36,-1.12,1.48,-15.13,-34.06,-7.81,1.52,10.32,-0.87,0.49,0.54,0.49,0.48,83668
336,-0.36,-1.12,1.48,-15.13,-34.06,-7.81,1.52,10.32,-0.87,0.52,0.51,0.50,0.47,83684
337,-0.36,-1.12,1.48,-15.13,-34.06,-7.81,1.18,10.17,-0.29,0.52,0.51,0.50,0.47,83697
338,-0.81,-1.47,1.69,-15.13,-34.06,-7.81,1.18,10.17,-0.29,0.52,0.51,0.50,0.47,84703
339,-0.81,-1.47,1.69,-15.13,-34.06,-7.81,1.18,10.17,-0.29,0.54,0.47,0.51,0.48,85209
340,-0.55,1.35,0.69,-15.13,-34.06,-7.81,1.18,10.17,-0.29,0.54,0.47,0.51,0.48,85224
341,-0.55,1.35,0.69,-15.13,-34.06,-7.81,-2.38,9.79,0.63,0.54,0.47,0.51,0.48,85255
342,0.76,-1.19,-0.23,-15.13,-34.06,-7.81,-2.38,9.79,0.63,0.54,0.47,0.51,0.48,85280
343,0.76,-1.19,-0.23,-15.13,-34.06,-7.81,-2.38,9.79,0.63,0.17,0.58,0.73,0.33,85295
344,0.76,-1.19,-0.23,-15.13,-34.06,-7.81,-0.16,9.64,1.51,0.17,0.58,0.73,0.33,85310
345,0.81,0.06,-0.58,-15.13,-34.06,-7.81,-0.16,9.64,1.51,0.17,0.58,0.73,0.33,85325
346,0.81,0.06,-0.58,-15.13,-34.06,-7.81,0.03,10.21,2.85,0.17,0.58,0.73,0.33,85342
347,0.81,0.06,-0.58,-15.13,-34.06,-7.81,-1.62,10.21,2.93,0.17,0.58,0.73,0.33,85355
348,0.21,-0.25,-0.23,-15.13,-34.06,-7.81,-1.62,10.21,2.93,0.17,0.58,0.73,0.33,85472
349,0.21,-0.25,-0.23,-15.13,-34.06,-7.81,-1.62,10.21,2.93,0.17,0.60,0.70,0.34,86489
350,0.21,-0.25,-0.23,-15.13,-34.06,-7.81,-2.42,8.26,3.16,0.17,0.60,0.70,0.34,86595
351,-1.05,-0.58,1.12,-15.13,-34.06,-7.81,-2.42,8.26,3.16,0.17,0.60,0.70,0.34,86613
352,-1.05,-0.58,1.12,-15.13,-34.06,-7.81,1.98,12.66,1.28,0.17,0.60,0.70,0.34,86630
353,-1.05,-0.58,1.12,-15.13,-34.06,-7.81,2.48,15.84,0.78,0.17,0.60,0.70,0.34,86643
354,-2.23,0.18,1.93,-15.13,-34.06,-7.81,2.48,15.84,0.78,0.17,0.60,0.70,0.34,86748
355,-2.23,0.18,1.93,-15.13,-34.06,-7.81,2.48,15.84,0.78,0.55,0.31,0.39,0.67,86766
356,-1.68,1.14,3.11,-15.13,-34.06,-7.81,2.48,15.84,0.78,0.55,0.31,0.39,0.67,86782
357,-1.68,1.14,3.11,-15.13,-34.06,-7.81,0.83,10.94,0.51,0.55,0.31,0.39,0.67,87765
358,-1.68,1.14,3.11,-15.13,-34.06,-7.81,0.07,11.55,1.62,0.55,0.31,0.39,0.67,87788
359,-1.68,1.14,3.11,-15.13,-34.06,-7.81,1.64,9.83,1.32,0.55,0.31,0.39,0.67,87802
360,-0.29,-0.74,0.83,-15.13,-34.06,-7.81,1.64,9.83,1.32,0.55,0.31,0.39,0.67,87819
361,-0.29,-0.74,0.83,-15.13,-34.06,-7.81,1.64,9.83,1.32,0.64,0.15,0.28,0.70,87833
362,-0.29,-0.74,0.83,-15.13,-34.06,-7.81,0.91,8.75,0.78,0.64,0.15,0.28,0.70,88038
363,-0.29,-1.34,0.86,-15.13,-34.06,-7.81,0.91,8.75,0.78,0.64,0.15,0.28,0.70,88060
364,-0.29,-1.34,0.86,-15.13,-34.06,-7.81,2.18,9.41,2.23,0.64,0.15,0.28,0.70,88579
365,-0.29,-1.34,0.86,-15.13,-34.06,-7.81,2.06,9.68,0.74,0.64,0.15,0.28,0.70,88603
366,-0.29,-1.34,0.86,-15.13,-34.06,-7.81,3.48,11.05,2.46,0.64,0.15,0.28,0.70,88617
367,-0.29,-1.34,0.86,9.38,11.56,3.37,3.48,11.05,2.46,0.64,0.15,0.28,0.70,88630
368,-0.29,-1.34,0.86,9.38,11.56,3.37,3.36,10.48,2.58,0.64,0.15,0.28,0.70,88642
369,0.15,0.22,0.02,9.38,11.56,3.37,3.36,10.48,2.58,0.64,0.15,0.28,0.70,88990
370,0.15,0.22,0.02,9.38,11.56,3.37,3.36,10.48,2.58,0.59,-0.03,0.12,0.80,89054
371,-0.12,0.19,-0.26,9.38,11.56,3.37,3.36,10.48,2.58,0.59,-0.03,0.12,0.80,89069
372,-0.12,0.19,-0.26,9.38,11.56,3.37,1.64,9.41,2.77,0.59,-0.03,0.12,0.80,89096
373,0.03,0.11,-0.11,9.38,11.56,3.37,1.64,9.41,2.77,0.59,-0.03,0.12,0.80,89128
374,0.03,0.11,-0.11,9.38,11.56,3.37,1.64,9.41,2.77,0.61,0.02,0.13,0.78,89149
375,0.03,0.11,-0.11,9.38,11.56,3.37,1.60,9.48,2.50,0.61,0.02,0.13,0.78,89167
376,0.10,0.46,-0.12,9.38,11.56,3.37,1.60,9.48,2.50,0.61,0.02,0.13,0.78,89189
377,0.10,0.46,-0.12,9.38,11.56,3.37,1.33,9.56,2.66,0.61,0.02,0.13,0.78,89209
378,0.10,0.46,-0.12,9.38,11.56,3.37,1.21,9.79,2.70,0.61,0.02,0.13,0.78,89228
379,0.10,0.46,-0.12,9.38,11.56,3.37,0.87,10.13,2.39,0.61,0.02,0.13,0.78,89244
380,0.17,-0.27,-0.01,9.38,11.56,3.37,0.87,10.13,2.39,0.61,0.02,0.13,0.78,89261
381,0.17,-0.27,-0.01,9.38,11.56,3.37,0.87,10.13,2.39,0.61,0.04,0.14,0.78,89279
382,0.17,-0.27,-0.01,9.38,11.56,3.37,0.99,10.06,2.08,0.61,0.04,0.14,0.78,89293
383,0.17,-0.27,-0.01,9.38,11.56,3.37,0.91,10.02,2.08,0.61,0.04,0.14,0.78,89306
384,0.10,-0.21,-0.06,9.38,11.56,3.37,0.91,10.02,2.08,0.61,0.04,0.14,0.78,89321
385,0.10,-0.21,-0.06,9.38,11.56,3.37,0.91,9.94,1.97,0.61,0.04,0.14,0.78,89348
386,0.10,-0.21,-0.06,9.63,11.13,-2.75,0.91,9.94,1.97,0.61,0.04,0.14,0.78,89363
387,0.21,-0.19,-0.04,9.63,11.13,-2.75,0.91,9.94,1.97,0.61,0.04,0.14,0.78,89379
388,0.21,-0.19,-0.04,9.63,11.13,-2.75,0.87,9.60,1.89,0.61,0.04,0.14,0.78,89393
389,0.33,-0.19,-0.08,9.63,11.13,-2.75,0.87,9.60,1.89,0.61,0.04,0.14,0.78,89408
390,0.33,-0.19,-0.08,9.63,11.13,-2.75,0.87,9.60,1.89,0.62,0.03,0.12,0.77,89634
391,0.33,-0.19,-0.08,9.63,11.13,-2.75,0.68,9.25,1.62,0.62,0.03,0.12,0.77,89657
392,0.33,-0.19,-0.08,9.63,11.13,-2.75,2.40,10.71,-0.18,0.62,0.03,0.12,0.77,89681
393,0.33,-0.19,-0.08,9.63,11.13,-2.75,1.79,10.52,1.74,0.62,0.03,0.12,0.77,89694
394,0.62,-0.46,-0.07,9.63,11.13,-2.75,1.79,10.52,1.74,0.62,0.03,0.12,0.77,89720
395,0.62,-0.46,-0.07,9.63,11.13,-2.75,1.79,10.52,1.74,0.66,-0.04,0.09,0.74,89735
396,0.62,-0.46,-0.07,9.63,11.13,-2.75,1.33,10.06,1.01,0.66,-0.04,0.09,0.74,89750
397,0.69,-1.47,-0.36,9.63,11.13,-2.75,1.33,10.06,1.01,0.66,-0.04,0.09,0.74,90266
398,0.69,-1.47,-0.36,9.63,11.13,-2.75,1.33,10.06,1.01,0.68,-0.06,0.07,0.73,90290
399,0.69,-1.47,-0.36,9.63,11.13,-2.75,3.09,9.02,1.09,0.68,-0.06,0.07,0.73,90303
400,-1.22,-0.46,0.40,9.63,11.13,-2.75,3.09,9.02,1.09,0.68,-0.06,0.07,0.73,90317
401,-1.22,-0.46,0.40,9.63,11.13,-2.75,3.40,9.52,1.74,0.68,-0.06,0.07,0.73,90373
402,-1.01,-0.09,0.20,9.63,11.13,-2.75,3.40,9.52,1.74,0.68,-0.06,0.07,0.73,90400
403,-1.01,-0.09,0.20,9.63,11.13,-2.75,3.71,8.95,2.20,0.68,-0.06,0.07,0.73,90462
404,-1.01,-0.09,0.20,8.25,11.25,-1.00,3.71,8.95,2.20,0.68,-0.06,0.07,0.73,90490
405,-1.01,-0.09,0.20,8.25,11.25,-1.00,2.71,7.64,2.81,0.68,-0.06,0.07,0.73,90507
406,-1.01,-0.03,0.11,8.25,11.25,-1.00,2.71,7.64,2.81,0.68,-0.06,0.07,0.73,90525
407,-1.01,-0.03,0.11,8.25,11.25,-1.00,3.44,7.57,3.65,0.68,-0.06,0.07,0.73,90544
408,-1.01,-0.03,0.11,8.25,11.25,-1.00,3.25,7.76,4.07,0.68,-0.06,0.07,0.73,90560
409,-0.89,0.06,0.01,8.25,11.25,-1.00,3.25,7.76,4.07,0.68,-0.06,0.07,0.73,90578
410,-0.89,0.06,0.01,8.25,11.25,-1.00,2.82,7.87,3.96,0.68,-0.06,0.07,0.73,90596
411,-0.90,-0.50,-0.13,8.25,11.25,-1.00,2.82,7.87,3.96,0.68,-0.06,0.07,0.73,90616
412,-0.90,-0.50,-0.13,8.25,11.25,-1.00,2.82,7.87,3.96,0.45,-0.24,-0.08,0.85,90633
413,-0.90,-0.50,-0.13,8.25,11.25,-1.00,3.13,7.99,4.42,0.45,-0.24,-0.08,0.85,90649
414,-0.90,-1.23,-0.19,8.25,11.25,-1.00,3.13,7.99,4.42,0.45,-0.24,-0.08,0.85,90663
415,-0.90,-1.23,-0.19,5.31,7.94,0.94,3.13,7.99,4.42,0.45,-0.24,-0.08,0.85,90677
416,-0.90,-1.23,-0.19,5.31,7.94,0.94,3.97,7.53,3.96,0.45,-0.24,-0.08,0.85,90690
417,-1.00,-0.81,-0.31,5.31,7.94,0.94,3.97,7.53,3.96,0.45,-0.24,-0.08,0.85,90709
418,-1.00,-0.81,-0.31,5.31,7.94,0.94,3.97,7.53,3.96,0.41,-0.27,-0.12,0.86,90726
419,-1.00,-0.81,-0.31,5.31,7.94,0.94,4.39,7.18,4.30,0.41,-0.27,-0.12,0.86,90743
420,-0.97,-0.64,-0.32,5.31,7.94,0.94,4.39,7.18,4.30,0.41,-0.27,-0.12,0.86,90757
421,-0.97,-0.64,-0.32,5.31,7.94,0.94,4.39,7.18,4.30,0.39,-0.28,-0.14,0.86,90770
422,-0.97,-0.64,-0.32,5.31,7.94,0.94,4.20,7.26,4.34,0.39,-0.28,-0.14,0.86,90783
423,-0.94,-1.11,-0.41,5.31,7.94,0.94,4.20,7.26,4.34,0.39,-0.28,-0.14,0.86,91152
424,-0.94,-1.11,-0.41,5.31,7.94,0.94,4.20,7.26,4.34,0.37,-0.29,-0.17,0.87,91188
425,-0.94,-1.11,-0.41,5.31,7.94,0.94,6.89,6.00,4.61,0.37,-0.29,-0.17,0.87,91202
426,-0.94,-1.11,-0.41,5.31,7.94,0.94,6.50,6.04,4.38,0.37,-0.29,-0.17,0.87,91218
427,-0.94,-1.11,-0.41,5.31,7.94,0.94,6.35,5.73,3.81,0.37,-0.29,-0.17,0.87,91234
428,0.93,1.11,-0.13,5.31,7.94,0.94,6.35,5.73,3.81,0.37,-0.29,-0.17,0.87,91250
429,0.93,1.11,-0.13,5.31,7.94,0.94,6.35,5.73,3.81,0.28,-0.41,-0.32,0.80,91359
430,0.93,1.11,-0.13,5.31,7.94,0.94,5.66,5.42,4.07,0.28,-0.41,-0.32,0.80,91583
431,0.93,1.11,-0.13,5.31,7.94,0.94,1.75,8.22,5.84,0.28,-0.41,-0.32,0.80,91599
432,0.28,-1.24,-1.53,5.31,7.94,0.94,1.75,8.22,5.84,0.28,-0.41,-0.32,0.80,91649
433,0.28,-1.24,-1.53,9.00,11.44,3.44,1.75,8.22,5.84,0.28,-0.41,-0.32,0.80,91677
434,0.28,-1.24,-1.53,9.00,11.44,3.44,0.95,14.39,2.58,0.28,-0.41,-0.32,0.80,91694
435,0.69,-0.54,-1.73,9.00,11.44,3.44,0.95,14.39,2.58,0.28,-0.41,-0.32,0.80,91717
436,0.69,-0.54,-1.73,9.00,11.44,3.44,0.95,14.39,2.58,0.49,-0.37,-0.46,0.64,91738
437,0.69,-0.54,-1.73,9.00,11.44,3.44,1.48,11.86,2.70,0.49,-0.37,-0.46,0.64,91763
438,0.13,-0.62,-1.11,9.00,11.44,3.44,1.48,11.86,2.70,0.49,-0.37,-0.46,0.64,91781
439,0.13,-0.62,-1.11,9.00,11.44,3.44,1.06,10.13,1.85,0.49,-0.37,-0.46,0.64,91803
440,0.13,-0.62,-1.11,9.00,11.44,3.44,0.76,9.02,1.24,0.49,-0.37,-0.46,0.64,91823
441,0.13,-0.62,-1.11,9.00,11.44,3.44,0.41,9.18,0.78,0.49,-0.37,-0.46,0.64,91843
442,-0.86,-2.42,-0.29,9.00,11.44,3.44,0.41,9.18,0.78,0.49,-0.37,-0.46,0.64,91861
443,-0.86,-2.42,-0.29,9.00,11.44,3.44,0.41,9.18,0.78,0.46,-0.38,-0.55,0.58,91881
444,-0.86,-2.42,-0.29,9.00,11.44,3.44,0.64,8.87,0.25,0.46,-0.38,-0.55,0.58,91900
445,-0.60,-2.26,-0.44,9.00,11.44,3.44,0.64,8.87,0.25,0.46,-0.38,-0.55,0.58,91923
446,-0.60,-2.26,-0.44,9.00,11.44,3.44,0.99,8.87,0.97,0.46,-0.38,-0.55,0.58,91942
447,-0.22,-1.74,-0.46,9.00,11.44,3.44,0.99,8.87,0.97,0.46,-0.38,-0.55,0.58,91958
448,-0.22,-1.74,-0.46,9.00,11.44,3.44,0.99,8.87,0.97,0.39,-0.42,-0.62,0.54,91973
449,-0.22,-1.74,-0.46,9.00,11.44,3.44,0.91,8.26,0.78,0.39,-0.42,-0.62,0.54,91996
450,-0.22,-1.74,-0.46,9.00,11.44,3.44,1.02,7.80,1.12,0.39,-0.42,-0.62,0.54,92011
451,0.04,-1.40,-0.36,9.00,11.44,3.44,1.02,7.80,1.12,0.39,-0.42,-0.62,0.54,92030
452,0.04,-1.40,-0.36,9.00,11.44,3.44,0.80,8.07,2.20,0.39,-0.42,-0.62,0.54,92049
453,0.23,-1.09,-0.34,9.00,11.44,3.44,0.80,8.07,2.20,0.39,-0.42,-0.62,0.54,92067
454,0.23,-1.09,-0.34,9.00,11.44,3.44,1.02,7.64,2.46,0.39,-0.42,-0.62,0.54,92083
455,0.23,-1.09,-0.34,9.00,11.44,3.44,1.25,7.57,3.16,0.39,-0.42,-0.62,0.54,92103
456,0.42,-0.67,-0.43,9.00,11.44,3.44,1.25,7.57,3.16,0.39,-0.42,-0.62,0.54,92123
457,0.42,-0.67,-0.43,9.00,11.44,3.44,0.68,8.18,3.84,0.39,-0.42,-0.62,0.54,92139
458,0.66,-0.68,-0.60,9.00,11.44,3.44,0.68,8.18,3.84,0.39,-0.42,-0.62,0.54,92159
459,0.66,-0.68,-0.60,9.00,11.44,3.44,0.68,8.18,3.84,0.35,-0.48,-0.67,0.46,92185
460,0.66,-0.68,-0.60,9.00,11.44,3.44,1.52,8.75,4.11,0.35,-0.48,-0.67,0.46,92203
461,0.77,-0.11,-0.32,9.00,11.44,3.44,1.52,8.75,4.11,0.35,-0.48,-0.67,0.46,92222
462,0.77,-0.11,-0.32,17.06,12.75,-2.62,1.52,8.75,4.11,0.35,-0.48,-0.67,0.46,92238
