,Xg,Yg,Zg,Xm,Ym,Zm,Xa,Ya,Za,Xq,Yq,Zq,Direction,Sensor Time,Time,Label,,,0
0,-0.03,-0.06,0.01,-3.81,8.81,2.31,4.73,8.63,1.31,0.28,-0.58,-0.44,0.63,363572,0,W,,6220,6220
1,-0.03,-0.06,0.01,-3.81,8.81,2.31,4.69,8.52,1.35,0.28,-0.58,-0.44,0.63,363609,37,W,,2370,8590
2,-0.01,-0.03,0,-3.81,8.81,2.31,4.69,8.52,1.35,0.28,-0.58,-0.44,0.63,363648,76,W,,8800,17390
3,-0.01,-0.03,0,-3.81,8.81,2.31,4.69,8.52,1.35,0.28,-0.58,-0.44,0.63,363686,114,W,,3320,20710
4,-0.01,-0.03,0,-3.81,8.81,2.31,4.84,8.55,1.39,0.28,-0.58,-0.44,0.63,363725,153,W,,5060,25770
5,-0.01,-0.03,0,-3.81,8.81,2.31,4.8,8.52,1.39,0.28,-0.58,-0.44,0.63,363762,190,W,,,
6,-0.01,0.01,0.01,-3.81,8.81,2.31,4.8,8.52,1.39,0.28,-0.58,-0.44,0.63,363802,230,W,,,
7,-0.02,0,0.02,-3.81,8.81,2.31,4.8,8.52,1.39,0.28,-0.58,-0.44,0.63,363841,269,W,,,
8,-0.02,0,0.02,-3.81,8.81,2.31,4.69,8.59,1.35,0.28,-0.58,-0.44,0.63,363880,308,W,,,
9,-0.02,0,0.02,-3.81,8.81,2.31,4.69,8.63,1.39,0.28,-0.58,-0.44,0.63,363920,348,W,,,
10,-0.02,0,0.02,-3.81,8.81,2.31,4.77,8.59,1.43,0.28,-0.58,-0.44,0.63,363958,386,W,,,
11,-0.01,0.01,0.01,-3.81,8.81,2.31,4.77,8.59,1.43,0.28,-0.58,-0.44,0.63,363996,424,W,,,
12,-0.01,0.01,0.01,-3.81,8.81,2.31,4.77,8.55,1.43,0.28,-0.58,-0.44,0.63,364035,463,W,,,
13,-0.01,0.01,0.01,-3.81,8.81,2.31,4.8,8.55,1.39,0.28,-0.58,-0.44,0.63,364072,500,W,,,
14,-0.01,0.01,0.01,-3.81,8.81,2.31,4.77,8.55,1.39,0.28,-0.58,-0.44,0.63,364110,538,W,,,
15,-0.01,0.02,0,-3.81,8.81,2.31,4.77,8.55,1.39,0.28,-0.58,-0.44,0.63,364149,577,W,,,
16,0,0.02,0,-3.81,8.81,2.31,4.77,8.55,1.39,0.28,-0.58,-0.44,0.63,364188,616,W,,,
17,0,0.02,0,-3.81,8.81,2.31,4.73,8.55,1.43,0.28,-0.58,-0.44,0.63,364226,654,W,,,
18,0,0.02,0,-3.81,8.81,2.31,4.8,8.59,1.43,0.28,-0.58,-0.44,0.63,364264,692,W,,,
19,0,0.02,0,-3.13,8.44,2.31,4.8,8.59,1.43,0.28,-0.58,-0.44,0.63,364302,730,W,,,
20,0.02,0.05,0,-3.13,8.44,2.31,4.8,8.59,1.43,0.28,-0.58,-0.44,0.63,364341,769,W,,,
21,0.02,0.05,0,-3.13,8.44,2.31,4.77,8.55,1.5,0.28,-0.58,-0.44,0.63,364380,808,W,,,
22,0.02,0.05,0,-3.13,8.44,2.31,4.8,8.55,1.46,0.28,-0.58,-0.44,0.63,364420,848,W,,,
23,0.02,0.05,0,-3.13,8.44,2.31,4.77,8.52,1.46,0.28,-0.58,-0.44,0.63,364456,884,W,,,
24,0.03,0.06,0,-3.13,8.44,2.31,4.77,8.52,1.46,0.28,-0.58,-0.44,0.63,364494,922,W,,,
25,0.03,0.06,0,-3.13,8.44,2.31,4.73,8.55,1.5,0.28,-0.58,-0.44,0.63,364533,961,W,,,
26,0.03,0.06,0,-3.13,8.44,2.31,4.73,8.55,1.46,0.28,-0.58,-0.44,0.63,364571,999,W,,,
27,0.03,0.06,0,-3.13,8.44,2.31,4.69,8.59,1.46,0.28,-0.58,-0.44,0.63,364609,1037,W,,,
28,0.02,0.04,0,-3.13,8.44,2.31,4.69,8.59,1.46,0.28,-0.58,-0.44,0.63,364646,1074,W,,,
29,0.01,0.02,0,-3.13,8.44,2.31,4.69,8.59,1.46,0.28,-0.58,-0.44,0.63,364685,1113,W,,,
30,0.01,0.02,0,-3.13,8.44,2.31,4.73,8.55,1.43,0.28,-0.58,-0.44,0.63,364723,1151,W,,,
31,0.01,0.02,0,-3.13,8.44,2.31,4.73,8.55,1.43,0.28,-0.58,-0.44,0.63,364761,1189,W,,,
32,0,0.02,0,-3.13,8.44,2.31,4.73,8.55,1.43,0.28,-0.58,-0.44,0.63,364798,1226,W,,,
33,0.01,0.02,0,-3.13,8.44,2.31,4.73,8.55,1.43,0.28,-0.58,-0.44,0.63,364837,1265,W,,,
34,0.01,0.02,0,-3.13,8.44,2.31,4.77,8.52,1.43,0.28,-0.58,-0.44,0.63,364875,1303,W,,,
35,0.01,0.02,0,-3.13,8.44,2.31,4.77,8.55,1.43,0.28,-0.58,-0.44,0.63,364913,1341,W,,,
36,0.01,0.02,0,-4.06,8.44,0.69,4.77,8.55,1.43,0.28,-0.58,-0.44,0.63,364952,1380,W,,,
37,0,0.01,0,-4.06,8.44,0.69,4.77,8.55,1.43,0.28,-0.58,-0.44,0.63,364991,1419,W,,,
38,0,0.01,0,-4.06,8.44,0.69,4.69,8.52,1.43,0.28,-0.58,-0.44,0.63,365030,1458,W,,,
39,0,0.01,0,-4.06,8.44,0.69,4.73,8.52,1.43,0.28,-0.58,-0.44,0.63,365068,1496,W,,,
40,0,0.01,0,-4.06,8.44,0.69,4.77,8.59,1.46,0.28,-0.58,-0.44,0.63,365105,1533,W,,,
41,-0.01,-0.01,0.01,-4.06,8.44,0.69,4.77,8.59,1.46,0.28,-0.58,-0.44,0.63,365144,1572,W,,,
42,0,0.01,0.01,-4.06,8.44,0.69,4.77,8.59,1.46,0.28,-0.58,-0.44,0.63,365182,1610,W,,,
43,0,0.01,0.01,-4.06,8.44,0.69,4.73,8.59,1.43,0.28,-0.58,-0.44,0.63,365221,1649,W,,,
44,0,0.01,0.01,-4.06,8.44,0.69,4.77,8.55,1.46,0.28,-0.58,-0.44,0.63,365258,1686,W,,,
45,0,0,0,-4.06,8.44,0.69,4.77,8.55,1.46,0.28,-0.58,-0.44,0.63,365297,1725,W,,,
46,-0.02,-0.04,-0.01,-4.06,8.44,0.69,4.77,8.55,1.46,0.28,-0.58,-0.44,0.63,365335,1763,W,,,
47,-0.02,-0.04,-0.01,-4.06,8.44,0.69,4.73,8.59,1.43,0.28,-0.58,-0.44,0.63,365374,1802,W,,,
48,-0.02,-0.04,-0.01,-4.06,8.44,0.69,4.69,8.55,1.39,0.28,-0.58,-0.44,0.63,365412,1840,W,,,
49,-0.03,-0.08,0,-4.06,8.44,0.69,4.69,8.55,1.39,0.28,-0.58,-0.44,0.63,365453,1881,W,,,
50,-0.04,-0.09,0,-4.06,8.44,0.69,4.69,8.55,1.39,0.28,-0.58,-0.44,0.63,365492,1920,W,,,
51,-0.04,-0.09,0,-4.06,8.44,0.69,4.88,8.52,1.5,0.28,-0.58,-0.44,0.63,365532,1960,W,,,
52,-0.04,-0.09,0,-4.06,8.44,0.69,4.88,8.48,1.54,0.28,-0.58,-0.44,0.63,365572,2000,W,,,
53,-0.04,-0.09,0,-4.06,8.44,0.69,4.84,8.48,1.5,0.28,-0.58,-0.44,0.63,365609,2037,W,,,
54,-0.01,-0.01,0.01,-4.06,8.44,0.69,4.84,8.48,1.5,0.28,-0.58,-0.44,0.63,365649,2077,W,,,
55,-0.01,0,0.01,-4.06,8.44,0.69,4.84,8.48,1.5,0.28,-0.58,-0.44,0.63,365688,2116,W,,,
56,-0.01,0,0.01,-4.06,8.44,0.69,4.8,8.55,1.43,0.28,-0.58,-0.44,0.63,365726,2154,W,,,
57,-0.01,0,0.01,-4.06,8.44,0.69,4.77,8.48,1.5,0.28,-0.58,-0.44,0.63,365765,2193,W,,,
58,-0.01,0,0.01,-4.06,8.44,0.69,4.84,8.55,1.46,0.28,-0.58,-0.44,0.63,365802,2230,W,,,
59,0,0,0.01,-4.06,8.44,0.69,4.84,8.55,1.46,0.28,-0.58,-0.44,0.63,365841,2269,W,,,
60,0,0,0.01,-4.06,8.44,0.69,4.8,8.48,1.46,0.28,-0.58,-0.44,0.63,365880,2308,W,,,
61,0,0,0.01,-4.06,8.44,0.69,4.77,8.52,1.46,0.28,-0.58,-0.44,0.63,365920,2348,W,,,
62,0,0,0.01,-4.06,8.44,0.69,4.77,8.55,1.5,0.28,-0.58,-0.44,0.63,365957,2385,W,,,
63,0,0.01,0.01,-4.06,8.44,0.69,4.77,8.55,1.5,0.28,-0.58,-0.44,0.63,365995,2423,W,,,
64,0,0.01,0.01,-4.06,8.44,0.69,4.73,8.52,1.46,0.28,-0.58,-0.44,0.63,366033,2461,W,,,
65,0,0.01,0.01,-4.06,8.44,0.69,4.77,8.48,1.39,0.28,-0.58,-0.44,0.63,366072,2500,W,,,
66,0,0.01,0.01,-4.06,8.44,0.69,4.8,8.48,1.39,0.28,-0.58,-0.44,0.63,366109,2537,W,,,
67,0.03,0.04,-0.01,-4.06,8.44,0.69,4.8,8.48,1.39,0.28,-0.58,-0.44,0.63,366148,2576,W,,,
68,0.03,0.04,0,-4.06,8.44,0.69,4.8,8.48,1.39,0.28,-0.58,-0.44,0.63,366187,2615,W,,,
69,0.03,0.04,0,-4.06,8.44,0.69,4.77,8.59,1.43,0.28,-0.58,-0.44,0.63,366224,2652,W,,,
70,0.03,0.04,0,-4.06,8.44,0.69,4.77,8.55,1.46,0.28,-0.58,-0.44,0.63,366262,2690,W,,,
71,0.03,0.04,0,-4.06,8.44,0.69,4.77,8.55,1.46,0.35,-0.55,-0.36,0.66,366300,2728,W,,,
72,0.03,0.03,0,-4.06,8.44,0.69,4.77,8.55,1.46,0.35,-0.55,-0.36,0.66,366339,2767,W,,,
73,0.03,0.03,0,-4.06,8.44,0.69,4.73,8.59,1.46,0.35,-0.55,-0.36,0.66,366376,2804,W,,,
74,0.03,0.03,0,-4.06,8.44,0.69,4.77,8.59,1.43,0.35,-0.55,-0.36,0.66,366414,2842,W,,,
75,0.03,0.03,0,-4.06,8.44,0.69,4.8,8.63,1.39,0.35,-0.55,-0.36,0.66,366451,2879,W,,,
76,0.02,-0.01,-0.01,-4.06,8.44,0.69,4.8,8.63,1.39,0.35,-0.55,-0.36,0.66,366490,2918,W,,,
77,0.02,-0.01,-0.01,-4.06,8.44,0.69,4.8,8.52,1.43,0.35,-0.55,-0.36,0.66,366529,2957,W,,,
78,0.02,-0.01,-0.01,-4.06,8.44,0.69,4.8,8.55,1.39,0.35,-0.55,-0.36,0.66,366568,2996,W,,,
79,0.02,-0.01,-0.01,-4.06,8.44,0.69,4.84,8.55,1.39,0.35,-0.55,-0.36,0.66,366606,3034,W,,,
80,0.01,0.01,0,-4.06,8.44,0.69,4.84,8.55,1.39,0.35,-0.55,-0.36,0.66,366644,3072,W,,,
81,0.02,0.01,-0.02,-4.06,8.44,0.69,4.84,8.55,1.39,0.35,-0.55,-0.36,0.66,366683,3111,W,,,
82,0.02,0.01,-0.02,-4.06,8.44,0.69,4.77,8.55,1.43,0.35,-0.55,-0.36,0.66,366722,3150,W,,,
83,0.02,0.01,-0.02,-4.06,8.44,0.69,4.8,8.52,1.43,0.35,-0.55,-0.36,0.66,366758,3186,W,,,
84,0.02,0.03,-0.01,-4.06,8.44,0.69,4.8,8.52,1.43,0.35,-0.55,-0.36,0.66,366798,3226,W,,,
85,0.02,0.02,-0.02,-4.06,8.44,0.69,4.8,8.52,1.43,0.35,-0.55,-0.36,0.66,366836,3264,W,,,
86,0.02,0.02,-0.02,-4.06,8.44,0.69,4.77,8.55,1.39,0.35,-0.55,-0.36,0.66,366875,3303,W,,,
87,0.02,0.02,-0.02,-4.06,8.44,0.69,4.69,8.55,1.39,0.35,-0.55,-0.36,0.66,366913,3341,W,,,
88,0.02,0.02,-0.02,-2.56,10.94,1.06,4.69,8.55,1.39,0.35,-0.55,-0.36,0.66,366952,3380,W,,,
89,0.02,0.02,-0.01,-2.56,10.94,1.06,4.69,8.55,1.39,0.35,-0.55,-0.36,0.66,366991,3419,W,,,
90,0.03,0.02,0,-2.56,10.94,1.06,4.69,8.55,1.39,0.35,-0.55,-0.36,0.66,367030,3458,W,,,
91,0.03,0.02,0,-2.56,10.94,1.06,4.54,8.59,1.73,0.35,-0.55,-0.36,0.66,367070,3498,W,,,
92,0.03,0.02,0,-2.56,10.94,1.06,4.65,8.55,1.89,0.35,-0.55,-0.36,0.66,367108,3536,W,,,
93,0.06,0.12,-0.08,-2.56,10.94,1.06,4.65,8.55,1.89,0.35,-0.55,-0.36,0.66,367147,3575,W,,,
94,-0.03,0.07,-0.02,-2.56,10.94,1.06,4.65,8.55,1.89,0.35,-0.55,-0.36,0.66,367184,3612,W,,,
95,-0.03,0.07,-0.02,-2.56,10.94,1.06,4.96,8.44,2.23,0.35,-0.55,-0.36,0.66,367223,3651,W,,,
96,-0.03,0.07,-0.02,-2.56,10.94,1.06,4.92,8.36,2.19,0.35,-0.55,-0.36,0.66,367262,3690,W,,,
97,-0.21,-0.02,0.29,-2.56,10.94,1.06,4.92,8.36,2.19,0.35,-0.55,-0.36,0.66,367302,3730,W,,,
98,-0.2,-0.05,0.34,-2.56,10.94,1.06,4.92,8.36,2.19,0.35,-0.55,-0.36,0.66,367342,3770,W,,,
99,-0.2,-0.05,0.34,-2.56,10.94,1.06,4.69,7.98,2.08,0.35,-0.55,-0.36,0.66,367381,3809,W,,,
100,-0.2,-0.05,0.34,-2.56,10.94,1.06,5,8.17,2.15,0.35,-0.55,-0.36,0.66,367422,3850,W,,,
101,-0.2,-0.05,0.34,-2.56,10.94,1.06,5.54,8.59,2.5,0.35,-0.55,-0.36,0.66,367460,3888,W,,,
102,-0.21,0.05,0.36,-2.56,10.94,1.06,5.54,8.59,2.5,0.35,-0.55,-0.36,0.66,367500,3928,W,,,
103,-0.3,0.1,0.41,-2.56,10.94,1.06,5.54,8.59,2.5,0.35,-0.55,-0.36,0.66,367539,3967,W,,,
104,-0.3,0.1,0.41,-2.56,10.94,1.06,5.73,8.02,2.08,0.35,-0.55,-0.36,0.66,367580,4008,W,,,
105,-0.3,0.1,0.41,-2.56,10.94,1.06,5.88,8.36,1.62,0.35,-0.55,-0.36,0.66,367619,4047,W,,,
106,-0.3,0.1,0.41,-2.56,10.94,1.06,5.65,7.98,1.43,0.35,-0.55,-0.36,0.66,367656,4084,W,,,
107,-0.21,-0.1,0.2,-2.56,10.94,1.06,5.65,7.98,1.43,0.35,-0.55,-0.36,0.66,367694,4122,W,,,
108,-0.21,-0.1,0.2,-2.56,10.94,1.06,5.34,7.21,1.23,0.35,-0.55,-0.36,0.66,367734,4162,W,,,
109,0.02,-0.1,-0.04,-2.56,10.94,1.06,5.34,7.21,1.23,0.35,-0.55,-0.36,0.66,367773,4201,W,,,
110,0.02,-0.1,-0.04,-2.56,10.94,1.06,5.19,7.83,0.96,0.35,-0.55,-0.36,0.66,367811,4239,W,,,
111,0.09,-0.19,-0.21,-2.56,10.94,1.06,5.19,7.83,0.96,0.35,-0.55,-0.36,0.66,367851,4279,W,,,
112,0.09,-0.19,-0.21,-2.56,10.94,1.06,5.3,8.09,0.96,0.35,-0.55,-0.36,0.66,367892,4320,W,,,
113,0.23,-0.28,-0.37,-2.56,10.94,1.06,5.3,8.09,0.96,0.35,-0.55,-0.36,0.66,367932,4360,W,,,
114,0.23,-0.28,-0.37,-2.56,10.94,1.06,5.42,7.83,1.43,0.35,-0.55,-0.36,0.66,367972,4400,W,,,
115,0.23,-0.28,-0.37,-2.56,10.94,1.06,5.46,7.86,1.46,0.35,-0.55,-0.36,0.66,368010,4438,W,,,
116,0.29,-0.47,-0.57,-2.56,10.94,1.06,5.46,7.86,1.46,0.35,-0.55,-0.36,0.66,368050,4478,W,,,
117,0.32,-0.52,-0.66,-2.56,10.94,1.06,5.46,7.86,1.46,0.35,-0.55,-0.36,0.66,368090,4518,W,,,
118,0.32,-0.52,-0.66,-2.56,10.94,1.06,6.26,7.9,1.77,0.35,-0.55,-0.36,0.66,368130,4558,W,,,
119,0.32,-0.52,-0.66,-2.56,10.94,1.06,6.3,8.25,1.77,0.35,-0.55,-0.36,0.66,368171,4599,W,,,
120,0.32,-0.52,-0.66,-2.56,10.94,1.06,6.3,8.09,1.7,0.35,-0.55,-0.36,0.66,368208,4636,W,,,
121,0.21,-0.35,-0.5,-2.56,10.94,1.06,6.3,8.09,1.7,0.35,-0.55,-0.36,0.66,368248,4676,W,,,
122,0.13,-0.34,-0.41,-2.56,10.94,1.06,6.3,8.09,1.7,0.35,-0.55,-0.36,0.66,368288,4716,W,,,
123,0.13,-0.34,-0.41,-2.56,10.94,1.06,6.38,10.32,1.23,0.35,-0.55,-0.36,0.66,368328,4756,W,,,
124,0.13,-0.34,-0.41,-2.56,10.94,1.06,5.8,8.9,1.5,0.35,-0.55,-0.36,0.66,368369,4797,W,,,
125,0.13,-0.34,-0.41,-2.56,10.94,1.06,5.57,8.05,1.81,0.35,-0.55,-0.36,0.66,368407,4835,W,,,
126,-0.14,0.44,0.16,-2.56,10.94,1.06,5.57,8.05,1.81,0.35,-0.55,-0.36,0.66,368446,4874,W,,,
127,-0.14,0.44,0.16,-2.56,10.94,1.06,4.2,7.98,2.15,0.35,-0.55,-0.36,0.66,368486,4914,W,,,
128,-0.6,0.21,0.4,-2.56,10.94,1.06,4.2,7.98,2.15,0.35,-0.55,-0.36,0.66,368524,4952,W,,,
129,-0.6,0.21,0.4,-2.56,10.94,1.06,6.07,8.48,3.07,0.35,-0.55,-0.36,0.66,368563,4991,W,,,
130,-0.6,0.21,0.4,0.94,3.56,7.13,6.07,8.48,3.07,0.35,-0.55,-0.36,0.66,368601,5029,W,,,
131,-0.6,0.21,0.4,0.94,3.56,7.13,5.92,8.59,2.57,0.35,-0.55,-0.36,0.66,368641,5069,W,,,
132,-0.72,0.87,0.96,0.94,3.56,7.13,5.92,8.59,2.57,0.35,-0.55,-0.36,0.66,368679,5107,W,,,
133,-0.72,0.87,0.96,0.94,3.56,7.13,5.07,8.71,2.23,0.35,-0.55,-0.36,0.66,368717,5145,W,,,
134,-0.72,0.87,0.96,0.94,3.56,7.13,5.11,8.48,2.19,0.35,-0.55,-0.36,0.66,368754,5182,W,,,
135,-0.79,0.4,1.05,0.94,3.56,7.13,5.11,8.48,2.19,0.35,-0.55,-0.36,0.66,368793,5221,W,,,
136,-0.79,0.4,1.05,0.94,3.56,7.13,4.27,8.21,1.46,0.35,-0.55,-0.36,0.66,368831,5259,W,,,
137,-0.79,0.4,1.05,0.94,3.56,7.13,3.46,7.37,1.35,0.35,-0.55,-0.36,0.66,368870,5298,W,,,
138,-0.79,0.4,1.05,0.94,3.56,7.13,3.16,7.02,1.35,0.35,-0.55,-0.36,0.66,368907,5335,W,,,
139,0.04,-0.13,0.48,0.94,3.56,7.13,3.16,7.02,1.35,0.35,-0.55,-0.36,0.66,368944,5372,W,,,
140,0.04,-0.13,0.48,0.94,3.56,7.13,3.85,6.18,2.23,0.35,-0.55,-0.36,0.66,368983,5411,W,,,
141,0.04,-0.13,0.48,0.94,3.56,7.13,4.61,6.06,2.84,0.35,-0.55,-0.36,0.66,369022,5450,W,,,
142,0.04,-0.13,0.48,0.94,3.56,7.13,6.3,6.71,3.34,0.35,-0.55,-0.36,0.66,369059,5487,W,,,
143,0.69,-0.21,-0.35,0.94,3.56,7.13,6.3,6.71,3.34,0.35,-0.55,-0.36,0.66,369098,5526,W,,,
144,0.69,-0.21,-0.35,0.94,3.56,7.13,8.45,7.79,3.27,0.35,-0.55,-0.36,0.66,369137,5565,W,,,
145,0.69,-0.21,-0.35,0.94,3.56,7.13,8.18,7.41,2.61,0.35,-0.55,-0.36,0.66,369176,5604,W,,,
146,0.69,-0.21,-0.35,0.94,3.56,7.13,7.26,7.83,1.93,0.35,-0.55,-0.36,0.66,369214,5642,W,,,
147,0.69,-0.21,-0.35,0.94,3.56,7.13,6.8,7.6,1.7,0.35,-0.55,-0.36,0.66,369251,5679,W,,,
148,0.46,-0.05,-0.09,0.94,3.56,7.13,6.8,7.6,1.7,0.35,-0.55,-0.36,0.66,369291,5719,W,,,
149,0.46,-0.05,-0.09,0.94,3.56,7.13,5.99,8.36,1.35,0.35,-0.55,-0.36,0.66,369331,5759,W,,,
150,0.46,-0.05,-0.09,0.94,3.56,7.13,5.27,7.71,0.93,0.35,-0.55,-0.36,0.66,369370,5798,W,,,
151,0.46,-0.05,-0.09,0.94,3.56,7.13,5.73,7.52,1.12,0.35,-0.55,-0.36,0.66,369406,5834,W,,,
152,0.5,0.35,-0.42,0.94,3.56,7.13,5.73,7.52,1.12,0.35,-0.55,-0.36,0.66,369444,5872,W,,,
153,0.5,0.35,-0.42,0.94,3.56,7.13,6.26,6.91,1.04,0.35,-0.55,-0.36,0.66,369483,5911,W,,,
154,0.44,0.08,-0.4,0.94,3.56,7.13,6.26,6.91,1.04,0.35,-0.55,-0.36,0.66,369521,5949,W,,,
155,0.44,0.08,-0.4,0.94,3.56,7.13,7.53,6.56,1.96,0.35,-0.55,-0.36,0.66,369558,5986,W,,,
156,0.38,0.21,-0.25,0.94,3.56,7.13,7.53,6.56,1.96,0.35,-0.55,-0.36,0.66,369597,6025,W,,,
157,0.38,0.21,-0.25,0.94,3.56,7.13,6.99,6.79,1.93,0.35,-0.55,-0.36,0.66,369635,6063,W,,,
158,0.38,0.21,-0.25,0.94,3.56,7.13,6.99,6.91,2.04,0.35,-0.55,-0.36,0.66,369674,6102,W,,,
159,0.38,0.21,-0.25,0.94,3.56,7.13,6.34,7.41,2,0.35,-0.55,-0.36,0.66,369711,6139,W,,,
160,0.38,0.21,-0.25,-0.63,-6.44,14.81,6.34,7.41,2,0.35,-0.55,-0.36,0.66,369748,6176,W,,,
161,-0.18,-0.35,0.1,-0.63,-6.44,14.81,6.34,7.41,2,0.35,-0.55,-0.36,0.66,369788,6216,W,,,
162,-0.18,-0.35,0.1,-0.63,-6.44,14.81,5.65,8.29,1.89,0.35,-0.55,-0.36,0.66,369829,6257,T,,,
163,-0.18,-0.35,0.1,-0.63,-6.44,14.81,6.64,9.86,0.81,0.35,-0.55,-0.36,0.66,369870,6298,T,,,
164,-0.18,-0.35,0.1,-0.63,-6.44,14.81,7.41,9.28,1.58,0.35,-0.55,-0.36,0.66,369908,6336,T,,,
165,-0.29,-0.6,-0.08,-0.63,-6.44,14.81,7.41,9.28,1.58,0.35,-0.55,-0.36,0.66,369949,6377,T,,,
166,-0.29,-0.6,-0.08,-0.63,-6.44,14.81,6.88,6.83,2.04,0.35,-0.55,-0.36,0.66,369990,6418,T,,,
167,-0.47,0.1,0.05,-0.63,-6.44,14.81,6.88,6.83,2.04,0.35,-0.55,-0.36,0.66,370031,6459,T,,,
168,-0.47,0.1,0.05,-0.63,-6.44,14.81,6.76,7.6,2.46,0.35,-0.55,-0.36,0.66,370070,6498,T,,,
169,-0.47,0.1,0.05,-0.63,-6.44,14.81,6.88,8.02,2.88,0.35,-0.55,-0.36,0.66,370109,6537,T,,,
170,-0.69,0.07,0.47,-0.63,-6.44,14.81,6.88,8.02,2.88,0.35,-0.55,-0.36,0.66,370149,6577,T,,,
171,-0.79,0.18,0.58,-0.63,-6.44,14.81,6.88,8.02,2.88,0.35,-0.55,-0.36,0.66,370188,6616,T,,,
172,-0.79,0.18,0.58,-0.63,-6.44,14.81,5.61,7.45,2.84,0.35,-0.55,-0.36,0.66,370228,6656,T,,,
173,-0.79,0.18,0.58,-0.63,-6.44,14.81,5.65,7.18,2.73,0.35,-0.55,-0.36,0.66,370269,6697,T,,,
174,-0.79,0.18,0.58,-0.63,-6.44,14.81,5.38,6.98,2.8,0.35,-0.55,-0.36,0.66,370307,6735,T,,,
175,-0.58,0.33,0.32,-0.63,-6.44,14.81,5.38,6.98,2.8,0.35,-0.55,-0.36,0.66,370347,6775,T,,,
176,-0.58,0.33,0.32,-0.63,-6.44,14.81,5.5,6.33,2.61,0.35,-0.55,-0.36,0.66,370386,6814,T,,,
177,-0.58,0.33,0.32,-0.63,-6.44,14.81,5.42,6.03,2.69,0.35,-0.55,-0.36,0.66,370427,6855,T,,,
178,-0.58,0.33,0.32,-0.63,-6.44,14.81,5.38,5.64,2.8,0.35,-0.55,-0.36,0.66,370467,6895,T,,,
179,-0.58,0.33,0.32,-0.63,-6.44,14.81,5.3,5.61,2.77,0.35,-0.55,-0.36,0.66,370505,6933,T,,,
180,0.05,0.02,0.05,-0.63,-6.44,14.81,5.3,5.61,2.77,0.35,-0.55,-0.36,0.66,370544,6972,T,,,
181,0.05,0.02,0.05,-0.63,-6.44,14.81,5.77,5.61,3.11,0.35,-0.55,-0.36,0.66,370583,7011,T,,,
182,0.05,0.02,0.05,-0.63,-6.44,14.81,6.38,7.21,2.73,0.35,-0.55,-0.36,0.66,370622,7050,T,,,
183,0.05,0.02,0.05,-0.63,-6.44,14.81,6.91,8.29,3,0.35,-0.55,-0.36,0.66,370660,7088,T,,,
184,0.41,-0.42,-0.33,-0.63,-6.44,14.81,6.91,8.29,3,0.35,-0.55,-0.36,0.66,370699,7127,T,,,
185,0.41,-0.42,-0.33,-0.63,-6.44,14.81,6.76,8.09,1.96,0.35,-0.55,-0.36,0.66,370741,7169,T,,,
186,0.53,-0.15,-0.38,-0.63,-6.44,14.81,6.76,8.09,1.96,0.35,-0.55,-0.36,0.66,370781,7209,T,,,
187,0.53,-0.15,-0.38,-0.63,-6.44,14.81,6.53,8.29,1.12,0.35,-0.55,-0.36,0.66,370821,7249,T,,,
188,0.53,-0.15,-0.38,-0.63,-6.44,14.81,6.45,8.79,0.85,0.35,-0.55,-0.36,0.66,370860,7288,T,,,
189,0.68,0.02,-0.4,-0.63,-6.44,14.81,6.45,8.79,0.85,0.35,-0.55,-0.36,0.66,370899,7327,T,,,
190,0.49,-0.49,-0.38,-0.63,-6.44,14.81,6.45,8.79,0.85,0.35,-0.55,-0.36,0.66,370939,7367,T,,,
191,0.49,-0.49,-0.38,-0.63,-6.44,14.81,5.11,7.71,1.12,0.35,-0.55,-0.36,0.66,370978,7406,T,,,
192,0.49,-0.49,-0.38,-0.63,-6.44,14.81,5.27,7.9,1.2,0.35,-0.55,-0.36,0.66,371019,7447,T,,,
193,0.49,-0.49,-0.38,-0.63,-6.44,14.81,5.42,8.09,1,0.35,-0.55,-0.36,0.66,371058,7486,T,,,
194,0.29,-0.67,-0.76,-0.63,-6.44,14.81,5.42,8.09,1,0.35,-0.55,-0.36,0.66,371098,7526,T,,,
195,0.29,-0.67,-0.76,-0.63,-6.44,14.81,6.38,7.98,1.46,0.35,-0.55,-0.36,0.66,371139,7567,T,,,
196,0.29,-0.67,-0.76,-0.63,-6.44,14.81,6.34,7.83,1.27,0.35,-0.55,-0.36,0.66,371178,7606,T,,,
197,0.29,-0.67,-0.76,-0.63,-6.44,14.81,6.61,7.56,1.7,0.35,-0.55,-0.36,0.66,371219,7647,T,,,
198,0.29,-0.67,-0.76,-0.63,-6.44,14.81,6.64,7.48,1.62,0.35,-0.55,-0.36,0.66,371257,7685,T,,,
199,-0.02,-0.48,-0.47,-0.63,-6.44,14.81,6.64,7.48,1.62,0.35,-0.55,-0.36,0.66,371299,7727,T,,,
200,-0.08,-0.44,-0.38,-0.63,-6.44,14.81,6.64,7.48,1.62,0.35,-0.55,-0.36,0.66,371340,7768,T,,,
201,-0.08,-0.44,-0.38,-0.63,-6.44,14.81,6.68,8.13,1.93,0.35,-0.55,-0.36,0.66,371381,7809,T,,,
202,-0.08,-0.44,-0.38,-0.63,-6.44,14.81,6.53,8.4,2,0.35,-0.55,-0.36,0.66,371421,7849,T,,,
203,-0.08,-0.44,-0.38,-0.63,-6.44,14.81,6.41,9.13,2.12,0.35,-0.55,-0.36,0.66,371461,7889,T,,,
204,-0.55,-0.51,-0.12,-0.63,-6.44,14.81,6.41,9.13,2.12,0.35,-0.55,-0.36,0.66,371501,7929,T,,,
205,-0.64,-0.33,0.32,-0.63,-6.44,14.81,6.41,9.13,2.12,0.35,-0.55,-0.36,0.66,371540,7968,T,,,
206,-0.64,-0.33,0.32,-0.63,-6.44,14.81,5.57,7.48,2.54,0.35,-0.55,-0.36,0.66,371581,8009,T,,,
207,-0.64,-0.33,0.32,-0.63,-6.44,14.81,4.8,8.86,2.69,0.35,-0.55,-0.36,0.66,371620,8048,T,,,
208,-0.64,-0.33,0.32,-0.63,-6.44,14.81,5,9.24,2.57,0.35,-0.55,-0.36,0.66,371659,8087,T,,,
209,-0.98,0.26,0.91,-0.63,-6.44,14.81,5,9.24,2.57,0.35,-0.55,-0.36,0.66,371699,8127,T,,,
210,-0.98,0.26,0.91,-0.63,-6.44,14.81,5.5,8.98,2.77,0.35,-0.55,-0.36,0.66,371740,8168,T,,,
211,-0.92,0.46,1.09,-0.63,-6.44,14.81,5.5,8.98,2.77,0.35,-0.55,-0.36,0.66,371780,8208,T,,,
212,-0.92,0.46,1.09,-0.63,-6.44,14.81,4.96,7.9,2.57,0.35,-0.55,-0.36,0.66,371819,8247,T,,,
213,-0.92,0.46,1.09,-0.63,-6.44,14.81,5.04,7.67,2.5,0.35,-0.55,-0.36,0.66,371857,8285,T,,,
214,-0.6,0.48,0.88,-0.63,-6.44,14.81,5.04,7.67,2.5,0.35,-0.55,-0.36,0.66,371897,8325,T,,,
215,-0.35,0.4,0.72,-0.63,-6.44,14.81,5.04,7.67,2.5,0.35,-0.55,-0.36,0.66,371937,8365,T,,,
216,-0.35,0.4,0.72,-0.63,-6.44,14.81,4.54,6.03,2.5,0.35,-0.55,-0.36,0.66,371977,8405,T,,,
217,-0.35,0.4,0.72,-0.63,-6.44,14.81,4.54,5.91,2.5,0.35,-0.55,-0.36,0.66,372018,8446,T,,,
218,-0.35,0.4,0.72,-0.63,-6.44,14.81,4.77,5.99,2.69,0.35,-0.55,-0.36,0.66,372056,8484,T,,,
219,0.4,0.21,0.22,-0.63,-6.44,14.81,4.77,5.99,2.69,0.35,-0.55,-0.36,0.66,372096,8524,T,,,
220,0.4,0.21,0.22,-0.63,-6.44,14.81,5.11,6.91,2.38,0.35,-0.55,-0.36,0.66,372133,8561,T,,,
221,0.4,0.21,0.22,-0.63,-6.44,14.81,6.07,8.94,2.38,0.35,-0.55,-0.36,0.66,372172,8600,W,,,
222,0.4,0.21,0.22,-0.63,-6.44,14.81,6.3,8.4,1.58,0.35,-0.55,-0.36,0.66,372211,8639,W,,,
223,0.4,0.21,0.22,-14.69,-13.31,6.06,6.3,8.4,1.58,0.35,-0.55,-0.36,0.66,372249,8677,W,,,
224,1.13,0.11,-0.72,-14.69,-13.31,6.06,6.3,8.4,1.58,0.35,-0.55,-0.36,0.66,372289,8717,W,,,
225,1.13,0.11,-0.72,-14.69,-13.31,6.06,6.26,8.71,1.46,0.35,-0.55,-0.36,0.66,372330,8758,W,,,
226,1.13,0.11,-0.72,-14.69,-13.31,6.06,5.61,8.52,0.93,0.35,-0.55,-0.36,0.66,372370,8798,W,,,
227,1.13,0.11,-0.72,-14.69,-13.31,6.06,5.5,8.4,1.23,0.35,-0.55,-0.36,0.66,372409,8837,W,,,
228,0.61,-0.57,-0.43,-14.69,-13.31,6.06,5.5,8.4,1.23,0.35,-0.55,-0.36,0.66,372449,8877,W,,,
229,0.61,-0.57,-0.43,-14.69,-13.31,6.06,5.92,8.48,1.31,0.35,-0.55,-0.36,0.66,372491,8919,W,,,
230,0.29,-0.67,-0.53,-14.69,-13.31,6.06,5.92,8.48,1.31,0.35,-0.55,-0.36,0.66,372532,8960,W,,,
231,0.29,-0.67,-0.53,-14.69,-13.31,6.06,5.96,7.83,1,0.35,-0.55,-0.36,0.66,372572,9000,W,,,
232,0.29,-0.67,-0.53,-14.69,-13.31,6.06,5.99,7.67,1.12,0.35,-0.55,-0.36,0.66,372611,9039,W,,,
233,0.21,-0.36,-0.4,-14.69,-13.31,6.06,5.99,7.67,1.12,0.35,-0.55,-0.36,0.66,372652,9080,W,,,
234,0.2,-0.08,-0.36,-14.69,-13.31,6.06,5.99,7.67,1.12,0.35,-0.55,-0.36,0.66,372691,9119,W,,,
235,0.2,-0.08,-0.36,-14.69,-13.31,6.06,6.38,7.79,1.2,0.35,-0.55,-0.36,0.66,372731,9159,W,,,
236,0.2,-0.08,-0.36,-14.69,-13.31,6.06,6.22,8.05,1,0.35,-0.55,-0.36,0.66,372772,9200,W,,,
237,0.2,-0.08,-0.36,-14.69,-13.31,6.06,6.34,8.55,0.66,0.35,-0.55,-0.36,0.66,372812,9240,W,,,
238,0.2,-0.08,-0.36,-11.19,-13.06,8.38,6.34,8.55,0.66,0.35,-0.55,-0.36,0.66,372852,9280,W,,,
239,0.2,-0.08,-0.36,-11.19,-13.06,8.38,5.84,8.63,0.55,0.35,-0.55,-0.36,0.66,372892,9320,W,,,
240,0.2,-0.08,-0.36,-11.19,-13.06,8.38,5.61,8.63,0.77,0.35,-0.55,-0.36,0.66,372932,9360,W,,,
241,0.2,-0.08,-0.36,-11.19,-13.06,8.38,5.11,9.43,1.81,0.35,-0.55,-0.36,0.66,372973,9401,W,,,
242,0.2,-0.08,-0.36,-11.19,-13.06,8.38,4.65,8.82,1.93,0.35,-0.55,-0.36,0.66,373012,9440,W,,,
243,0.2,-0.08,-0.36,-8.31,-17.94,5.25,4.65,8.82,1.93,0.35,-0.55,-0.36,0.66,373052,9480,W,,,
244,-0.78,-0.37,0.23,-8.31,-17.94,5.25,4.65,8.82,1.93,0.35,-0.55,-0.36,0.66,373092,9520,W,,,
245,-0.78,-0.37,0.23,-8.31,-17.94,5.25,4.23,8.55,2.08,0.35,-0.55,-0.36,0.66,373131,9559,W,,,
246,-0.78,-0.37,0.23,-8.31,-17.94,5.25,4.58,8.21,2.12,0.35,-0.55,-0.36,0.66,373172,9600,W,,,
247,-0.78,-0.37,0.23,-8.31,-17.94,5.25,3.5,7.79,2.23,0.35,-0.55,-0.36,0.66,373210,9638,W,,,
248,-0.24,-0.18,0,-8.31,-17.94,5.25,3.5,7.79,2.23,0.35,-0.55,-0.36,0.66,373250,9678,W,,,
249,0.12,0.25,-0.22,-8.31,-17.94,5.25,3.5,7.79,2.23,0.35,-0.55,-0.36,0.66,373291,9719,W,,,
250,0.12,0.25,-0.22,-8.31,-17.94,5.25,3.27,6.91,1.85,0.35,-0.55,-0.36,0.66,373330,9758,W,,,
251,0.12,0.25,-0.22,-8.31,-17.94,5.25,3.31,6.71,1.7,0.35,-0.55,-0.36,0.66,373370,9798,W,,,
252,0.12,0.25,-0.22,-8.31,-17.94,5.25,3.46,7.83,1.46,0.35,-0.55,-0.36,0.66,373408,9836,W,,,
253,0.09,-0.15,-0.07,-8.31,-17.94,5.25,3.46,7.83,1.46,0.35,-0.55,-0.36,0.66,373448,9876,W,,,
254,0.09,-0.15,-0.07,-8.31,-17.94,5.25,3.2,7.18,1.27,0.35,-0.55,-0.36,0.66,373489,9917,W,,,
255,0.06,0.05,-0.12,-8.31,-17.94,5.25,3.2,7.18,1.27,0.35,-0.55,-0.36,0.66,373530,9958,W,,,
256,0.06,0.05,-0.12,-8.31,-17.94,5.25,3.43,8.79,0.96,0.35,-0.55,-0.36,0.66,373569,9997,W,,,
257,0.06,0.05,-0.12,-8.31,-17.94,5.25,4.35,10.36,1.62,0.35,-0.55,-0.36,0.66,373607,10035,W,,,
258,-0.12,0.17,-0.15,-8.31,-17.94,5.25,4.35,10.36,1.62,0.35,-0.55,-0.36,0.66,373649,10077,W,,,
259,-0.11,0.24,-0.05,-8.31,-17.94,5.25,4.35,10.36,1.62,0.35,-0.55,-0.36,0.66,373690,10118,W,,,
260,-0.11,0.24,-0.05,-8.31,-17.94,5.25,4.35,10.47,0.77,0.35,-0.55,-0.36,0.66,373730,10158,W,,,
261,-0.11,0.24,-0.05,-8.31,-17.94,5.25,4.58,10.01,1,0.35,-0.55,-0.36,0.66,373772,10200,W,,,
262,-0.11,0.24,-0.05,-8.31,-17.94,5.25,4.27,10.01,1.16,0.35,-0.55,-0.36,0.66,373811,10239,W,,,
263,-0.11,0.24,-0.05,0.13,-13.25,-5.31,4.27,10.01,1.16,0.35,-0.55,-0.36,0.66,373851,10279,W,,,
264,-0.11,0.24,-0.05,0.13,-13.25,-5.31,4.96,9.21,1.62,0.35,-0.55,-0.36,0.66,373891,10319,W,,,
265,-0.11,0.24,-0.05,0.13,-13.25,-5.31,4.5,8.86,1.5,0.35,-0.55,-0.36,0.66,373932,10360,W,,,
266,-0.11,0.24,-0.05,0.13,-13.25,-5.31,4.39,9.17,1.7,0.35,-0.55,-0.36,0.66,373971,10399,W,,,
267,-0.11,0.24,-0.05,0.13,-13.25,-5.31,4.12,9.82,1.58,0.35,-0.55,-0.36,0.66,374009,10437,W,,,
268,-0.02,-0.05,-0.15,0.13,-13.25,-5.31,4.12,9.82,1.58,0.35,-0.55,-0.36,0.66,374050,10478,W,,,
269,0.08,-0.1,-0.13,0.13,-13.25,-5.31,4.12,9.82,1.58,0.35,-0.55,-0.36,0.66,374091,10519,W,,,
270,0.08,-0.1,-0.13,0.13,-13.25,-5.31,4.42,9.43,2.15,0.35,-0.55,-0.36,0.66,374131,10559,W,,,
271,0.08,-0.1,-0.13,0.13,-13.25,-5.31,5.15,8.86,2.5,0.35,-0.55,-0.36,0.66,374171,10599,W,,,
272,0.08,-0.1,-0.13,0.13,-13.25,-5.31,5.27,8.75,2.8,0.35,-0.55,-0.36,0.66,374210,10638,W,,,
273,-0.16,-0.35,0.11,0.13,-13.25,-5.31,5.27,8.75,2.8,0.35,-0.55,-0.36,0.66,374250,10678,W,,,
274,-0.12,-0.44,0.14,0.13,-13.25,-5.31,5.27,8.75,2.8,0.35,-0.55,-0.36,0.66,374290,10718,W,,,
275,-0.12,-0.44,0.14,0.13,-13.25,-5.31,4.84,9.78,1.43,0.35,-0.55,-0.36,0.66,374330,10758,W,,,
276,-0.12,-0.44,0.14,0.13,-13.25,-5.31,4.65,10.28,1.31,0.35,-0.55,-0.36,0.66,374370,10798,W,,,
277,-0.12,-0.44,0.14,0.13,-13.25,-5.31,5.65,10.93,1.43,0.35,-0.55,-0.36,0.66,374409,10837,W,,,
278,0.06,-0.29,0.01,0.13,-13.25,-5.31,5.65,10.93,1.43,0.35,-0.55,-0.36,0.66,374450,10878,W,,,
279,0.06,-0.29,0.01,0.13,-13.25,-5.31,5.88,11.62,1.77,0.35,-0.55,-0.36,0.66,374490,10918,W,,,
280,-0.05,-0.2,0.58,0.13,-13.25,-5.31,5.88,11.62,1.77,0.35,-0.55,-0.36,0.66,374530,10958,W,,,
281,-0.05,-0.2,0.58,0.13,-13.25,-5.31,5.04,11.08,2.23,0.35,-0.55,-0.36,0.66,374571,10999,W,,,
282,-0.05,-0.2,0.58,0.13,-13.25,-5.31,4.61,10.36,1.66,0.35,-0.55,-0.36,0.66,374609,11037,W,,,
283,-0.21,-0.47,0.83,0.13,-13.25,-5.31,4.61,10.36,1.66,0.35,-0.55,-0.36,0.66,374650,11078,W,,,
284,0.07,0.23,0.83,0.13,-13.25,-5.31,4.61,10.36,1.66,0.35,-0.55,-0.36,0.66,374691,11119,W,,,
285,0.07,0.23,0.83,0.13,-13.25,-5.31,5.77,7.75,1.08,0.35,-0.55,-0.36,0.66,374730,11158,W,,,
286,0.07,0.23,0.83,0.13,-13.25,-5.31,5.61,7.29,1.2,0.35,-0.55,-0.36,0.66,374769,11197,W,,,
287,0.07,0.23,0.83,0.13,-13.25,-5.31,5.92,6.91,1.43,0.35,-0.55,-0.36,0.66,374807,11235,W,,,
288,0.16,0.88,1.15,0.13,-13.25,-5.31,5.92,6.91,1.43,0.35,-0.55,-0.36,0.66,374846,11274,W,,,
289,-0.04,0.85,1.29,0.13,-13.25,-5.31,5.92,6.91,1.43,0.35,-0.55,-0.36,0.66,374886,11314,W,,,
290,-0.04,0.85,1.29,0.13,-13.25,-5.31,5.84,5.49,2.27,0.35,-0.55,-0.36,0.66,374925,11353,W,,,
291,-0.04,0.85,1.29,0.13,-13.25,-5.31,5.69,4.34,2.15,0.35,-0.55,-0.36,0.66,374965,11393,W,,,
292,-0.04,0.85,1.29,0.13,-13.25,-5.31,5.38,3.88,2.34,0.35,-0.55,-0.36,0.66,375003,11431,W,,,
293,-0.36,0.35,0.71,0.13,-13.25,-5.31,5.38,3.88,2.34,0.35,-0.55,-0.36,0.66,375042,11470,W,,,
294,-0.36,0.35,0.71,0.13,-13.25,-5.31,4.88,2.31,2.46,0.35,-0.55,-0.36,0.66,375081,11509,W,,,
295,-0.4,-0.24,-0.27,0.13,-13.25,-5.31,4.88,2.31,2.46,0.35,-0.55,-0.36,0.66,375120,11548,W,,,
296,-0.4,-0.24,-0.27,0.13,-13.25,-5.31,7.79,3.34,3.15,0.35,-0.55,-0.36,0.66,375159,11587,W,,,
297,-0.55,-0.29,-0.27,0.13,-13.25,-5.31,7.79,3.34,3.15,0.35,-0.55,-0.36,0.66,375200,11628,W,,,
298,-0.55,-0.29,-0.27,0.13,-13.25,-5.31,8.91,5.03,2.69,0.35,-0.55,-0.36,0.66,375241,11669,W,,,
299,-1.11,-0.57,-0.16,0.13,-13.25,-5.31,8.91,5.03,2.69,0.35,-0.55,-0.36,0.66,375281,11709,W,,,
300,-1.11,-0.57,-0.16,0.13,-13.25,-5.31,7.26,5.49,2.88,0.35,-0.55,-0.36,0.66,375321,11749,W,,,
301,-1.11,-0.57,-0.16,0.13,-13.25,-5.31,7.41,5.57,2.5,0.35,-0.55,-0.36,0.66,375360,11788,W,,,
302,-1.41,-0.66,-0.41,0.13,-13.25,-5.31,7.41,5.57,2.5,0.35,-0.55,-0.36,0.66,375401,11829,W,,,
303,-1.58,-0.68,-0.62,0.13,-13.25,-5.31,7.41,5.57,2.5,0.35,-0.55,-0.36,0.66,375441,11869,W,,,
304,-1.58,-0.68,-0.62,0.13,-13.25,-5.31,8.14,6.26,2.27,0.35,-0.55,-0.36,0.66,375481,11909,W,,,
305,-1.58,-0.68,-0.62,0.13,-13.25,-5.31,8.1,6.1,2.23,0.35,-0.55,-0.36,0.66,375522,11950,W,,,
306,-1.58,-0.68,-0.62,0.13,-13.25,-5.31,8.06,5.34,2.12,0.35,-0.55,-0.36,0.66,375562,11990,W,,,
307,-1.58,-0.68,-0.62,-9.38,-25.19,-2.13,8.06,5.34,2.12,0.35,-0.55,-0.36,0.66,375601,12029,W,,,
308,-1.76,-0.92,-1.35,-9.38,-25.19,-2.13,8.06,5.34,2.12,0.35,-0.55,-0.36,0.66,375642,12070,W,,,
309,-1.76,-0.92,-1.35,-9.38,-25.19,-2.13,8.91,4.99,2.88,0.35,-0.55,-0.36,0.66,375684,12112,W,,,
310,-1.76,-0.92,-1.35,-9.38,-25.19,-2.13,8.1,3.92,3.69,0.35,-0.55,-0.36,0.66,375725,12153,W,,,
311,-1.76,-0.92,-1.35,-9.38,-25.19,-2.13,8.21,4,4.26,0.35,-0.55,-0.36,0.66,375766,12194,W,,,
312,-1.76,-0.92,-1.35,-9.38,-25.19,-2.13,7.87,4.11,4.49,0.35,-0.55,-0.36,0.66,375805,12233,W,,,
313,-0.55,-0.27,-0.84,-9.38,-25.19,-2.13,7.87,4.11,4.49,0.35,-0.55,-0.36,0.66,375847,12275,W,,,
314,-0.6,-0.41,-0.81,-9.38,-25.19,-2.13,7.87,4.11,4.49,0.35,-0.55,-0.36,0.66,375888,12316,W,,,
315,-0.6,-0.41,-0.81,-9.38,-25.19,-2.13,7.14,4.19,4.18,0.35,-0.55,-0.36,0.66,375929,12357,W,,,
316,-0.6,-0.41,-0.81,-9.38,-25.19,-2.13,7.41,4.65,4.07,0.35,-0.55,-0.36,0.66,375970,12398,W,,,
317,-0.6,-0.41,-0.81,-9.38,-25.19,-2.13,7.49,5.14,3.99,0.35,-0.55,-0.36,0.66,376010,12438,W,,,
318,-0.62,-0.6,-0.35,-9.38,-25.19,-2.13,7.49,5.14,3.99,0.35,-0.55,-0.36,0.66,376051,12479,W,,,
319,-0.69,-0.74,-0.22,-9.38,-25.19,-2.13,7.49,5.14,3.99,0.35,-0.55,-0.36,0.66,376091,12519,W,,,
320,-0.65,-0.72,-0.2,-9.38,-25.19,-2.13,7.49,5.14,3.99,0.35,-0.55,-0.36,0.66,376132,12560,W,,,
321,-0.65,-0.72,-0.2,-9.38,-25.19,-2.13,6.84,5.99,3.88,0.35,-0.55,-0.36,0.66,376172,12600,W,,,
322,-0.65,-0.72,-0.2,-9.38,-25.19,-2.13,6.72,6.03,3.88,0.35,-0.55,-0.36,0.66,376213,12641,W,,,
323,-0.65,-0.72,-0.2,1.81,-22.94,-17.38,6.72,6.03,3.88,0.35,-0.55,-0.36,0.66,376253,12681,W,,,
324,-0.7,-0.88,-0.25,1.81,-22.94,-17.38,6.72,6.03,3.88,0.35,-0.55,-0.36,0.66,376295,12723,W,,,
325,-0.7,-0.88,-0.25,1.81,-22.94,-17.38,6.84,5.61,3.8,0.35,-0.55,-0.36,0.66,376338,12766,W,,,
326,-0.67,-0.83,-0.31,1.81,-22.94,-17.38,6.84,5.61,3.8,0.35,-0.55,-0.36,0.66,376378,12806,W,,,
327,-0.67,-0.83,-0.31,1.81,-22.94,-17.38,8.14,5.68,3.92,0.35,-0.55,-0.36,0.66,376419,12847,W,,,
328,-0.67,-0.83,-0.31,1.81,-22.94,-17.38,8.14,5.8,3.8,0.35,-0.55,-0.36,0.66,376459,12887,W,,,
329,-0.65,-0.69,-0.2,1.81,-22.94,-17.38,8.14,5.8,3.8,0.35,-0.55,-0.36,0.66,376500,12928,W,,,
330,-0.78,-0.83,-0.13,1.81,-22.94,-17.38,8.14,5.8,3.8,0.35,-0.55,-0.36,0.66,376541,12969,W,,,
331,-0.78,-0.83,-0.13,1.81,-22.94,-17.38,7.22,5.18,2.31,0.35,-0.55,-0.36,0.66,376581,13009,W,,,
332,-0.78,-0.83,-0.13,1.81,-22.94,-17.38,7.95,5.64,2.31,0.35,-0.55,-0.36,0.66,376622,13050,W,,,
333,-0.78,-0.83,-0.13,1.81,-22.94,-17.38,8.25,6.14,1.66,0.35,-0.55,-0.36,0.66,376663,13091,W,,,
334,-0.78,-0.83,-0.13,0.94,-14.75,-25.5,8.25,6.14,1.66,0.35,-0.55,-0.36,0.66,376702,13130,W,,,
335,-0.78,-0.83,-0.13,0.94,-14.75,-25.5,8.18,5.07,2.15,0.35,-0.55,-0.36,0.66,376745,13173,W,,,
336,-1.11,-0.63,-0.28,0.94,-14.75,-25.5,8.18,5.07,2.15,0.35,-0.55,-0.36,0.66,376786,13214,W,,,
337,-1.11,-0.63,-0.28,0.94,-14.75,-25.5,8.48,5.07,2.46,0.35,-0.55,-0.36,0.66,376828,13256,W,,,
338,-1.11,-0.63,-0.28,0.94,-14.75,-25.5,8.29,5.14,2.46,0.35,-0.55,-0.36,0.66,376869,13297,W,,,
339,-1.11,-0.63,-0.28,0.94,-14.75,-25.5,8.1,4.84,2.57,0.35,-0.55,-0.36,0.66,376909,13337,W,,,
340,-1.16,-0.79,-0.33,0.94,-14.75,-25.5,8.1,4.84,2.57,0.35,-0.55,-0.36,0.66,376950,13378,W,,,
341,-1.16,-0.79,-0.33,0.94,-14.75,-25.5,7.95,4.27,2.57,0.35,-0.55,-0.36,0.66,376991,13419,W,,,
342,-0.77,-0.54,-0.5,0.94,-14.75,-25.5,7.95,4.27,2.57,0.35,-0.55,-0.36,0.66,377031,13459,W,,,
343,-0.77,-0.54,-0.5,0.94,-14.75,-25.5,8.21,4.38,3,0.35,-0.55,-0.36,0.66,377072,13500,W,,,
344,-0.77,-0.54,-0.5,0.94,-14.75,-25.5,8.1,4.53,2.96,0.35,-0.55,-0.36,0.66,377113,13541,W,,,
345,-0.77,-0.54,-0.5,-3.63,-7.06,-28.69,8.1,4.53,2.96,0.35,-0.55,-0.36,0.66,377154,13582,W,,,
346,-0.89,-0.43,-0.65,-3.63,-7.06,-28.69,8.1,4.53,2.96,0.35,-0.55,-0.36,0.66,377195,13623,W,,,
347,-0.89,-0.43,-0.65,-3.63,-7.06,-28.69,7.91,6.03,3.15,0.35,-0.55,-0.36,0.66,377237,13665,W,,,
348,-0.89,-0.43,-0.65,-3.63,-7.06,-28.69,7.34,6.03,3,0.35,-0.55,-0.36,0.66,377279,13707,W,,,
349,-0.89,-0.43,-0.65,-3.63,-7.06,-28.69,6.61,5.07,3,0.35,-0.55,-0.36,0.66,377320,13748,W,,,
350,-0.89,-0.43,-0.65,-3.63,-7.06,-28.69,6.49,6.06,3.15,0.35,-0.55,-0.36,0.66,377360,13788,W,,,
351,0.03,-0.44,-1.18,-3.63,-7.06,-28.69,6.49,6.06,3.15,0.35,-0.55,-0.36,0.66,377401,13829,W,,,
352,0.11,-0.57,-1.13,-3.63,-7.06,-28.69,6.49,6.06,3.15,0.35,-0.55,-0.36,0.66,377441,13869,W,,,
353,0.11,-0.57,-1.13,-3.63,-7.06,-28.69,5.65,7.45,2.69,0.35,-0.55,-0.36,0.66,377481,13909,W,,,
354,0.11,-0.57,-1.13,-3.63,-7.06,-28.69,5.54,7.37,2.5,0.35,-0.55,-0.36,0.66,377522,13950,W,,,
355,0.11,-0.57,-1.13,-3.63,-7.06,-28.69,5.8,7.6,2.46,0.35,-0.55,-0.36,0.66,377561,13989,W,,,
356,0.11,-0.57,-1.13,-6.19,-10.19,-26.63,5.8,7.6,2.46,0.35,-0.55,-0.36,0.66,377601,14029,W,,,
357,0.27,-0.68,-0.98,-6.19,-10.19,-26.63,5.8,7.6,2.46,0.35,-0.55,-0.36,0.66,377640,14068,W,,,
358,0.27,-0.68,-0.98,-6.19,-10.19,-26.63,6.34,7.21,2.31,0.35,-0.55,-0.36,0.66,377682,14110,W,,,
359,0.27,-0.68,-0.98,-6.19,-10.19,-26.63,6.07,7.25,2.8,0.35,-0.55,-0.36,0.66,377723,14151,W,,,
360,0.27,-0.68,-0.98,-6.19,-10.19,-26.63,6.38,7.71,3.23,0.35,-0.55,-0.36,0.66,377765,14193,W,,,
361,0.27,-0.68,-0.98,-6.19,-10.19,-26.63,6.8,8.09,3.65,0.35,-0.55,-0.36,0.66,377805,14233,W,,,
362,0.06,-0.21,0.07,-6.19,-10.19,-26.63,6.8,8.09,3.65,0.35,-0.55,-0.36,0.66,377846,14274,W,,,
363,-0.11,0.03,0.42,-6.19,-10.19,-26.63,6.8,8.09,3.65,0.35,-0.55,-0.36,0.66,377887,14315,W,,,
364,-0.11,0.03,0.42,-6.19,-10.19,-26.63,6.3,8.13,3,0.35,-0.55,-0.36,0.66,377928,14356,W,,,
365,-0.11,0.03,0.42,-6.19,-10.19,-26.63,6.57,8.36,2.5,0.35,-0.55,-0.36,0.66,377968,14396,W,,,
366,-0.11,0.03,0.42,-6.19,-10.19,-26.63,6.61,8.9,2.12,0.35,-0.55,-0.36,0.66,378007,14435,W,,,
367,-0.42,0.07,1.04,-6.19,-10.19,-26.63,6.61,8.9,2.12,0.35,-0.55,-0.36,0.66,378048,14476,W,,,
368,-0.42,0.07,1.04,-6.19,-10.19,-26.63,6.68,8.48,1.66,0.35,-0.55,-0.36,0.66,378089,14517,W,,,
369,-0.38,0.22,1.28,-6.19,-10.19,-26.63,6.68,8.48,1.66,0.35,-0.55,-0.36,0.66,378129,14557,W,,,
370,-0.38,0.22,1.28,-6.19,-10.19,-26.63,6.45,7.83,1.39,0.35,-0.55,-0.36,0.66,378170,14598,W,,,
371,-0.38,0.22,1.28,-6.19,-10.19,-26.63,6.72,8.36,1.54,0.35,-0.55,-0.36,0.66,378209,14637,W,,,
372,-0.25,0.19,0.75,-6.19,-10.19,-26.63,6.72,8.36,1.54,0.35,-0.55,-0.36,0.66,378250,14678,W,,,
373,-0.26,0.16,0.71,-6.19,-10.19,-26.63,6.72,8.36,1.54,0.35,-0.55,-0.36,0.66,378290,14718,W,,,
374,-0.26,0.16,0.71,-6.19,-10.19,-26.63,6.3,6.79,1.54,0.35,-0.55,-0.36,0.66,378330,14758,W,,,
375,-0.26,0.16,0.71,-6.19,-10.19,-26.63,6.26,6.91,1.62,0.35,-0.55,-0.36,0.66,378371,14799,W,,,
376,-0.26,0.16,0.71,-6.19,-10.19,-26.63,6.07,6.41,1.5,0.35,-0.55,-0.36,0.66,378411,14839,W,,,
377,-0.26,0.16,0.71,-3.94,1,-30.88,6.07,6.41,1.5,0.35,-0.55,-0.36,0.66,378449,14877,W,,,
378,-0.26,0.16,0.71,-3.94,1,-30.88,6.3,6.06,1.7,0.35,-0.55,-0.36,0.66,378489,14917,W,,,
379,-0.21,-0.17,-0.21,-3.94,1,-30.88,6.3,6.06,1.7,0.35,-0.55,-0.36,0.66,378529,14957,W,,,
380,-0.21,-0.17,-0.21,-3.94,1,-30.88,6.84,6.03,2,0.35,-0.55,-0.36,0.66,378569,14997,W,,,
381,-0.21,-0.17,-0.21,-3.94,1,-30.88,6.95,6.1,2.12,0.35,-0.55,-0.36,0.66,378608,15036,W,,,
382,0.03,-0.06,-0.65,-3.94,1,-30.88,6.95,6.1,2.12,0.35,-0.55,-0.36,0.66,378649,15077,W,,,
383,0.09,-0.04,-0.79,-3.94,1,-30.88,6.95,6.1,2.12,0.35,-0.55,-0.36,0.66,378689,15117,W,,,
384,0.09,-0.04,-0.79,-3.94,1,-30.88,6.91,6.52,2.38,0.35,-0.55,-0.36,0.66,378730,15158,W,,,
385,0.09,-0.04,-0.79,-3.94,1,-30.88,6.91,6.87,2.23,0.35,-0.55,-0.36,0.66,378770,15198,W,,,
386,0.09,-0.04,-0.79,-3.94,1,-30.88,6.76,7.75,2.08,0.35,-0.55,-0.36,0.66,378809,15237,W,,,
387,0.09,-0.04,-0.79,-5,-0.69,-29.56,6.76,7.75,2.08,0.35,-0.55,-0.36,0.66,378848,15276,W,,,
388,0.21,-0.63,-1.31,-5,-0.69,-29.56,6.76,7.75,2.08,0.35,-0.55,-0.36,0.66,378889,15317,W,,,
389,0.21,-0.63,-1.31,-5,-0.69,-29.56,6.61,9.63,1.7,0.35,-0.55,-0.36,0.66,378930,15358,W,,,
390,0.21,-0.63,-1.31,-5,-0.69,-29.56,6.15,7.52,1.39,0.35,-0.55,-0.36,0.66,378970,15398,W,,,
391,0.21,-0.63,-1.31,-5,-0.69,-29.56,5.88,7.79,1.73,0.35,-0.55,-0.36,0.66,379009,15437,W,,,
392,0.3,-0.27,-0.91,-5,-0.69,-29.56,5.88,7.79,1.73,0.35,-0.55,-0.36,0.66,379048,15476,W,,,
393,0.3,-0.27,-0.91,-5,-0.69,-29.56,4.88,8.29,1.35,0.35,-0.55,-0.36,0.66,379089,15517,W,,,
394,0.25,-0.46,-0.65,-5,-0.69,-29.56,4.88,8.29,1.35,0.35,-0.55,-0.36,0.66,379129,15557,W,,,
395,0.25,-0.46,-0.65,-5,-0.69,-29.56,4.58,8.71,1.2,0.35,-0.55,-0.36,0.66,379169,15597,W,,,
396,0.25,-0.46,-0.65,-5,-0.69,-29.56,4.46,8.44,1.2,0.35,-0.55,-0.36,0.66,379208,15636,W,,,
397,0.49,-0.13,-0.47,-5,-0.69,-29.56,4.46,8.44,1.2,0.35,-0.55,-0.36,0.66,379249,15677,W,,,
398,0.39,-0.4,-0.48,-5,-0.69,-29.56,4.46,8.44,1.2,0.35,-0.55,-0.36,0.66,379289,15717,W,,,
399,0.39,-0.4,-0.48,-5,-0.69,-29.56,3.54,8.79,1.23,0.35,-0.55,-0.36,0.66,379329,15757,W,,,
400,0.39,-0.4,-0.48,-5,-0.69,-29.56,3.89,8.67,1.31,0.35,-0.55,-0.36,0.66,379370,15798,W,,,
401,0.39,-0.4,-0.48,-5,-0.69,-29.56,3.85,8.79,1.62,0.35,-0.55,-0.36,0.66,379410,15838,W,,,
402,0.39,-0.4,-0.48,-10.94,-8.31,-25.38,3.85,8.79,1.62,0.35,-0.55,-0.36,0.66,379449,15877,W,,,
403,0.39,-0.4,-0.48,-10.94,-8.31,-25.38,3.77,9.02,1.7,0.35,-0.55,-0.36,0.66,379490,15918,W,,,
404,0.25,0.1,0.06,-10.94,-8.31,-25.38,3.77,9.02,1.7,0.35,-0.55,-0.36,0.66,379531,15959,W,,,
405,0.25,0.1,0.06,-10.94,-8.31,-25.38,3.77,10.09,0.43,0.35,-0.55,-0.36,0.66,379571,15999,W,,,
406,0.25,0.1,0.06,-10.94,-8.31,-25.38,3.96,11.01,0.24,0.35,-0.55,-0.36,0.66,379610,16038,W,,,
407,0.25,0.1,0.06,-10.06,-10.19,-26.19,3.96,11.01,0.24,0.35,-0.55,-0.36,0.66,379650,16078,W,,,
408,0.18,0.66,0.09,-10.06,-10.19,-26.19,3.96,11.01,0.24,0.35,-0.55,-0.36,0.66,379691,16119,W,,,
409,0.18,0.66,0.09,-10.06,-10.19,-26.19,3.54,10.39,-0.91,0.35,-0.55,-0.36,0.66,379730,16158,W,,,
410,0.18,0.66,0.09,-10.06,-10.19,-26.19,3.66,10.2,-1.48,0.35,-0.55,-0.36,0.66,379772,16200,W,,,
411,0.18,0.66,0.09,-10.06,-10.19,-26.19,2.93,9.05,-1.03,0.35,-0.55,-0.36,0.66,379814,16242,W,,,
412,0.18,0.66,0.09,-10.06,-10.19,-26.19,2.74,8.55,-1.06,0.35,-0.55,-0.36,0.66,379853,16281,W,,,
413,-0.13,0.67,0.72,-10.06,-10.19,-26.19,2.74,8.55,-1.06,0.35,-0.55,-0.36,0.66,379896,16324,W,,,
414,-0.33,0.49,0.8,-10.06,-10.19,-26.19,2.74,8.55,-1.06,0.35,-0.55,-0.36,0.66,379937,16365,W,,,
415,-0.33,0.49,0.8,-10.06,-10.19,-26.19,4.16,9.28,-1.37,0.35,-0.55,-0.36,0.66,379979,16407,W,,,
416,-0.33,0.49,0.8,-10.06,-10.19,-26.19,4.42,9.36,-1.03,0.35,-0.55,-0.36,0.66,380020,16448,W,,,
417,-0.33,0.49,0.8,-10.06,-10.19,-26.19,4.54,9.21,-0.95,0.35,-0.55,-0.36,0.66,380062,16490,W,,,
418,-0.33,0.49,0.8,-7.31,-0.13,-28.38,4.54,9.21,-0.95,0.35,-0.55,-0.36,0.66,380102,16530,W,,,
419,-0.6,-0.22,0.52,-7.31,-0.13,-28.38,4.54,9.21,-0.95,0.35,-0.55,-0.36,0.66,380143,16571,W,,,
420,-0.6,-0.22,0.52,-7.31,-0.13,-28.38,4.31,8.4,-0.07,0.35,-0.55,-0.36,0.66,380186,16614,W,,,
421,-0.6,-0.22,0.52,-7.31,-0.13,-28.38,4.8,8.13,0.32,0.35,-0.55,-0.36,0.66,380226,16654,W,,,
422,-0.6,-0.22,0.52,-7.31,-0.13,-28.38,5.23,7.9,0.32,0.35,-0.55,-0.36,0.66,380267,16695,W,,,
423,-0.6,-0.22,0.52,-7.31,-0.13,-28.38,5.88,7.75,0.51,0.35,-0.55,-0.36,0.66,380306,16734,W,,,
424,-0.29,-0.34,0,-7.31,-0.13,-28.38,5.88,7.75,0.51,0.35,-0.55,-0.36,0.66,380347,16775,W,,,
425,-0.36,-0.55,-0.03,-7.31,-0.13,-28.38,5.88,7.75,0.51,0.35,-0.55,-0.36,0.66,380387,16815,W,,,
426,-0.36,-0.55,-0.03,-7.31,-0.13,-28.38,6.95,7.18,0.93,0.35,-0.55,-0.36,0.66,380429,16857,W,,,
427,-0.36,-0.55,-0.03,-7.31,-0.13,-28.38,6.84,7.14,1.16,0.35,-0.55,-0.36,0.66,380469,16897,W,,,
428,-0.36,-0.55,-0.03,-7.31,-0.13,-28.38,7.03,7.25,1.2,0.35,-0.55,-0.36,0.66,380509,16937,W,,,
429,-0.42,-0.64,-0.3,-7.31,-0.13,-28.38,7.03,7.25,1.2,0.35,-0.55,-0.36,0.66,380550,16978,W,,,
430,-0.42,-0.64,-0.3,-7.31,-0.13,-28.38,6.26,7.56,1.5,0.35,-0.55,-0.36,0.66,380591,17019,W,,,
431,-3.73,-1.88,-1.08,-7.31,-0.13,-28.38,6.26,7.56,1.5,0.35,-0.55,-0.36,0.66,380632,17060,W,,,
432,-3.73,-1.88,-1.08,-7.31,-0.13,-28.38,5.65,8.44,2.65,0.35,-0.55,-0.36,0.66,380673,17101,W,,,
433,-3.73,-1.88,-1.08,-7.31,-0.13,-28.38,0.75,14.53,2,0.35,-0.55,-0.36,0.66,380715,17143,W,,,
434,-3.73,-1.88,-1.08,-7.31,-0.13,-28.38,4.58,9.13,2.08,0.35,-0.55,-0.36,0.66,380755,17183,W,,,
435,-1.03,-0.74,-0.1,-7.31,-0.13,-28.38,4.58,9.13,2.08,0.35,-0.55,-0.36,0.66,380796,17224,W,,,
436,-1.03,-0.74,-0.1,-7.31,-0.13,-28.38,2.55,8.63,2.88,0.35,-0.55,-0.36,0.66,380837,17265,W,,,
437,2.1,-0.03,0.03,-7.31,-0.13,-28.38,2.55,8.63,2.88,0.35,-0.55,-0.36,0.66,380878,17306,W,,,
438,2.1,-0.03,0.03,-7.31,-0.13,-28.38,3.31,8.59,1.58,0.35,-0.55,-0.36,0.66,380918,17346,W,,,
439,2.1,-0.03,0.03,-7.31,-0.13,-28.38,4.35,7.86,1.16,0.35,-0.55,-0.36,0.66,380957,17385,W,,,
440,1.37,1.64,-0.07,-7.31,-0.13,-28.38,4.35,7.86,1.16,0.35,-0.55,-0.36,0.66,380998,17426,T,,,
441,0.68,0.53,-0.17,-7.31,-0.13,-28.38,4.35,7.86,1.16,0.35,-0.55,-0.36,0.66,381038,17466,T,,,
442,0.68,0.53,-0.17,-7.31,-0.13,-28.38,5.34,7.41,2.42,0.35,-0.55,-0.36,0.66,381078,17506,T,,,
443,0.68,0.53,-0.17,-7.31,-0.13,-28.38,5.38,7.37,2.15,0.35,-0.55,-0.36,0.66,381119,17547,T,,,
444,0.68,0.53,-0.17,-7.31,-0.13,-28.38,4.54,7.41,2.27,0.35,-0.55,-0.36,0.66,381158,17586,T,,,
445,0.68,0.53,-0.17,-11.88,4.5,-22.06,4.54,7.41,2.27,0.35,-0.55,-0.36,0.66,381197,17625,T,,,
446,0.68,0.53,-0.17,-11.88,4.5,-22.06,4.88,8.21,1,0.35,-0.55,-0.36,0.66,381237,17665,T,,,
447,0.68,0.53,-0.17,-11.88,4.5,-22.06,5.27,8.94,0.28,0.35,-0.55,-0.36,0.66,381277,17705,T,,,
448,0.68,0.53,-0.17,-11.88,4.5,-22.06,4.84,9.51,0.16,0.35,-0.55,-0.36,0.66,381317,17745,T,,,
449,0.68,0.53,-0.17,-11.88,4.5,-22.06,5.27,9.82,0.74,0.35,-0.55,-0.36,0.66,381355,17783,T,,,
450,0.08,1.61,0.85,-11.88,4.5,-22.06,5.27,9.82,0.74,0.35,-0.55,-0.36,0.66,381396,17824,T,,,
451,-0.45,1.18,1,-11.88,4.5,-22.06,5.27,9.82,0.74,0.35,-0.55,-0.36,0.66,381436,17864,T,,,
452,-0.45,1.18,1,-11.88,4.5,-22.06,4.54,10.89,1,0.35,-0.55,-0.36,0.66,381476,17904,T,,,
453,-0.45,1.18,1,-11.88,4.5,-22.06,4.46,10.39,0.96,0.35,-0.55,-0.36,0.66,381517,17945,T,,,
454,-0.45,1.18,1,-11.88,4.5,-22.06,4.27,9.97,0.93,0.35,-0.55,-0.36,0.66,381556,17984,T,,,
455,-0.74,0.37,0.88,-11.88,4.5,-22.06,4.27,9.97,0.93,0.35,-0.55,-0.36,0.66,381596,18024,T,,,
456,-0.54,0.64,0.7,-11.88,4.5,-22.06,4.27,9.97,0.93,0.35,-0.55,-0.36,0.66,381637,18065,T,,,
457,-0.54,0.64,0.7,-11.88,4.5,-22.06,3.35,7.71,1.2,0.35,-0.55,-0.36,0.66,381677,18105,T,,,
458,-0.54,0.64,0.7,-11.88,4.5,-22.06,3.54,7.33,1.46,0.35,-0.55,-0.36,0.66,381717,18145,T,,,
459,-0.54,0.64,0.7,-11.88,4.5,-22.06,3.62,7.02,1.7,0.35,-0.55,-0.36,0.66,381756,18184,T,,,
460,0.02,-0.02,-0.29,-11.88,4.5,-22.06,3.62,7.02,1.7,0.35,-0.55,-0.36,0.66,381796,18224,T,,,
461,0.02,-0.02,-0.29,-11.88,4.5,-22.06,4.08,6.95,2.12,0.35,-0.55,-0.36,0.66,381838,18266,T,,,
462,0.45,0.01,-0.72,-11.88,4.5,-22.06,4.08,6.95,2.12,0.35,-0.55,-0.36,0.66,381879,18307,T,,,
463,0.45,0.01,-0.72,-11.88,4.5,-22.06,4.5,7.45,2.84,0.35,-0.55,-0.36,0.66,381919,18347,T,,,
464,0.45,0.01,-0.72,-11.88,4.5,-22.06,4.42,7.94,2.96,0.35,-0.55,-0.36,0.66,381958,18386,T,,,
465,0.72,-0.04,-0.88,-11.88,4.5,-22.06,4.42,7.94,2.96,0.35,-0.55,-0.36,0.66,381997,18425,T,,,
466,0.72,-0.08,-0.92,-11.88,4.5,-22.06,4.42,7.94,2.96,0.35,-0.55,-0.36,0.66,382038,18466,T,,,
467,0.72,-0.08,-0.92,-11.88,4.5,-22.06,5,9.05,3.11,0.35,-0.55,-0.36,0.66,382077,18505,T,,,
468,0.72,-0.08,-0.92,-11.88,4.5,-22.06,5,9.09,2.73,0.35,-0.55,-0.36,0.66,382119,18547,T,,,
469,0.72,-0.08,-0.92,-11.88,4.5,-22.06,5.23,9.78,1.85,0.35,-0.55,-0.36,0.66,382159,18587,T,,,
470,0.72,-0.08,-0.92,-0.56,11.38,-25.5,5.23,9.78,1.85,0.35,-0.55,-0.36,0.66,382198,18626,T,,,
471,0.47,-0.57,-0.62,-0.56,11.38,-25.5,5.23,9.78,1.85,0.35,-0.55,-0.36,0.66,382238,18666,T,,,
472,0.47,-0.57,-0.62,-0.56,11.38,-25.5,5.57,9.09,0.81,0.35,-0.55,-0.36,0.66,382279,18707,T,,,
473,0.47,-0.57,-0.62,-0.56,11.38,-25.5,5.11,8.67,1.12,0.35,-0.55,-0.36,0.66,382319,18747,T,,,
474,0.47,-0.57,-0.62,-0.56,11.38,-25.5,4.58,8.63,0.77,0.35,-0.55,-0.36,0.66,382359,18787,T,,,
475,0.47,-0.57,-0.62,-3.13,7.5,-27,4.58,8.63,0.77,0.35,-0.55,-0.36,0.66,382399,18827,T,,,
476,0.13,0.22,0.08,-3.13,7.5,-27,4.58,8.63,0.77,0.35,-0.55,-0.36,0.66,382438,18866,T,,,
477,-0.06,0.16,0.24,-3.13,7.5,-27,4.58,8.63,0.77,0.35,-0.55,-0.36,0.66,382477,18905,T,,,
478,-0.06,0.16,0.24,-3.13,7.5,-27,4.12,8.79,0.39,0.35,-0.55,-0.36,0.66,382517,18945,T,,,
479,-0.06,0.16,0.24,-3.13,7.5,-27,4.16,8.94,0.43,0.35,-0.55,-0.36,0.66,382555,18983,T,,,
480,-0.25,0.21,0.38,-3.13,7.5,-27,4.16,8.94,0.43,0.35,-0.55,-0.36,0.66,382595,19023,T,,,
481,-0.29,0.35,0.41,-3.13,7.5,-27,4.16,8.94,0.43,0.35,-0.55,-0.36,0.66,382635,19063,T,,,
482,-0.29,0.35,0.41,-3.13,7.5,-27,5.15,8.9,1.27,0.35,-0.55,-0.36,0.66,382674,19102,T,,,
483,-0.29,0.35,0.41,-3.13,7.5,-27,5.54,9.17,1.54,0.35,-0.55,-0.36,0.66,382715,19143,T,,,
484,-0.29,0.35,0.41,-3.13,7.5,-27,6.15,9.28,2.08,0.35,-0.55,-0.36,0.66,382753,19181,T,,,
485,-0.67,0.43,1.04,-3.13,7.5,-27,6.15,9.28,2.08,0.35,-0.55,-0.36,0.66,382792,19220,T,,,
486,-0.67,0.43,1.04,-3.13,7.5,-27,6.11,8.9,2.34,0.35,-0.55,-0.36,0.66,382833,19261,T,,,
487,-0.8,0.47,1.26,-3.13,7.5,-27,6.11,8.9,2.34,0.35,-0.55,-0.36,0.66,382873,19301,T,,,
488,-0.8,0.47,1.26,-3.13,7.5,-27,6.3,8.02,2.5,0.35,-0.55,-0.36,0.66,382913,19341,T,,,
489,-0.8,0.47,1.26,-3.13,7.5,-27,6.22,7.75,2.46,0.35,-0.55,-0.36,0.66,382951,19379,T,,,
490,-0.75,0.52,1.11,-3.13,7.5,-27,6.22,7.75,2.46,0.35,-0.55,-0.36,0.66,382992,19420,T,,,
491,-0.7,0.36,0.93,-3.13,7.5,-27,6.22,7.75,2.46,0.35,-0.55,-0.36,0.66,383031,19459,T,,,
492,-0.7,0.36,0.93,-3.13,7.5,-27,5.5,6.64,2.38,0.35,-0.55,-0.36,0.66,383070,19498,T,,,
493,-0.7,0.36,0.93,-3.13,7.5,-27,5.3,6.95,2.19,0.35,-0.55,-0.36,0.66,383109,19537,T,,,
494,-0.7,0.36,0.93,-3.13,7.5,-27,5.42,8.25,1.93,0.35,-0.55,-0.36,0.66,383148,19576,T,,,
495,-0.16,-0.19,-0.3,-3.13,7.5,-27,5.42,8.25,1.93,0.35,-0.55,-0.36,0.66,383186,19614,T,,,
496,0.26,0.16,-0.42,-3.13,7.5,-27,5.42,8.25,1.93,0.35,-0.55,-0.36,0.66,383226,19654,T,,,
497,0.26,0.16,-0.42,-3.13,7.5,-27,3.81,6.79,2.27,0.35,-0.55,-0.36,0.66,383266,19694,T,,,
498,0.26,0.16,-0.42,-3.13,7.5,-27,3.43,8.02,2.04,0.35,-0.55,-0.36,0.66,383304,19732,T,,,
499,0.4,-0.67,-1.11,-3.13,7.5,-27,3.43,8.02,2.04,0.35,-0.55,-0.36,0.66,383344,19772,T,,,
500,0.74,-0.38,-1.35,-3.13,7.5,-27,3.43,8.02,2.04,0.35,-0.55,-0.36,0.66,383385,19813,T,,,
501,0.74,-0.38,-1.35,-3.13,7.5,-27,3.66,8.71,2.5,0.35,-0.55,-0.36,0.66,383424,19852,T,,,
502,0.74,-0.38,-1.35,-3.13,7.5,-27,3.16,8.67,2.42,0.35,-0.55,-0.36,0.66,383465,19893,T,,,
503,0.74,-0.38,-1.35,-3.13,7.5,-27,3.31,9.17,2.15,0.35,-0.55,-0.36,0.66,383504,19932,T,,,
504,1.04,-0.29,-1.67,-3.13,7.5,-27,3.31,9.17,2.15,0.35,-0.55,-0.36,0.66,383543,19971,T,,,
505,1.04,-0.29,-1.67,-3.13,7.5,-27,4.5,9.86,2.57,0.35,-0.55,-0.36,0.66,383585,20013,T,,,
506,0.92,0.03,-1.24,-3.13,7.5,-27,4.5,9.86,2.57,0.35,-0.55,-0.36,0.66,383625,20053,T,,,
507,0.92,0.03,-1.24,-3.13,7.5,-27,4.58,9.4,3.11,0.35,-0.55,-0.36,0.66,383665,20093,T,,,
508,0.92,0.03,-1.24,-3.13,7.5,-27,4.58,9.24,2.96,0.35,-0.55,-0.36,0.66,383703,20131,T,,,
509,0.39,-0.3,-0.35,-3.13,7.5,-27,4.58,9.24,2.96,0.35,-0.55,-0.36,0.66,383744,20172,T,,,
510,0.22,-0.34,-0.05,-3.13,7.5,-27,4.58,9.24,2.96,0.35,-0.55,-0.36,0.66,383784,20212,T,,,
511,0.22,-0.34,-0.05,-3.13,7.5,-27,4.27,8.67,2.8,0.35,-0.55,-0.36,0.66,383824,20252,T,,,
512,0.22,-0.34,-0.05,-3.13,7.5,-27,4.12,8.59,2.38,0.35,-0.55,-0.36,0.66,383865,20293,T,,,
513,0.22,-0.34,-0.05,-3.13,7.5,-27,4.31,10.66,2.34,0.35,-0.55,-0.36,0.66,383903,20331,T,,,
514,0.22,-0.34,-0.05,9.31,12.25,-20.56,4.31,10.66,2.34,0.35,-0.55,-0.36,0.66,383944,20372,T,,,
515,0.07,1.21,0.61,9.31,12.25,-20.56,4.31,10.66,2.34,0.35,-0.55,-0.36,0.66,383985,20413,T,,,
516,0.07,1.21,0.61,9.31,12.25,-20.56,3.7,9.32,0.13,0.35,-0.55,-0.36,0.66,384026,20454,T,,,
517,0.07,1.21,0.61,9.31,12.25,-20.56,4.88,9.59,-0.61,0.35,-0.55,-0.36,0.66,384065,20493,T,,,
518,0.07,1.21,0.61,9.31,12.25,-20.56,5,9.51,-1.14,0.35,-0.55,-0.36,0.66,384103,20531,T,,,
519,-0.13,1.48,1.29,9.31,12.25,-20.56,5,9.51,-1.14,0.35,-0.55,-0.36,0.66,384143,20571,T,,,
520,-0.13,1.48,1.29,9.31,12.25,-20.56,4.77,9.21,-1.56,0.35,-0.55,-0.36,0.66,384185,20613,T,,,
521,-0.13,1.31,1.5,9.31,12.25,-20.56,4.77,9.21,-1.56,0.35,-0.55,-0.36,0.66,384225,20653,T,,,
522,-0.13,1.31,1.5,9.31,12.25,-20.56,4.88,8.82,-1.18,0.35,-0.55,-0.36,0.66,384266,20694,T,,,
523,-0.13,1.31,1.5,9.31,12.25,-20.56,4.8,8.36,-0.64,0.35,-0.55,-0.36,0.66,384305,20733,W,,,
524,0.01,0.96,0.93,9.31,12.25,-20.56,4.8,8.36,-0.64,0.35,-0.55,-0.36,0.66,384345,20773,W,,,
525,0.13,0.94,0.77,9.31,12.25,-20.56,4.8,8.36,-0.64,0.35,-0.55,-0.36,0.66,384385,20813,W,,,
526,0.13,0.94,0.77,9.31,12.25,-20.56,5.11,7.18,0.55,0.35,-0.55,-0.36,0.66,384424,20852,W,,,
527,0.13,0.94,0.77,9.31,12.25,-20.56,5.11,7.02,0.24,0.35,-0.55,-0.36,0.66,384465,20893,W,,,
528,0.13,0.94,0.77,9.31,12.25,-20.56,5.27,7.64,0.77,0.35,-0.55,-0.36,0.66,384502,20930,W,,,
529,0.94,1.41,0.19,9.31,12.25,-20.56,5.27,7.64,0.77,0.35,-0.55,-0.36,0.66,384542,20970,W,,,
530,0.94,1.41,0.19,9.31,12.25,-20.56,4.5,7.14,0.93,0.35,-0.55,-0.36,0.66,384581,21009,W,,,
531,0.94,1.41,0.19,9.31,12.25,-20.56,4.12,6.87,1.58,0.35,-0.55,-0.36,0.66,384621,21049,W,,,
532,0.94,1.41,0.19,9.31,12.25,-20.56,4.46,6.68,2.15,0.35,-0.55,-0.36,0.66,384660,21088,W,,,
533,0.94,1.41,0.19,9.31,12.25,-20.56,3.89,6.79,2.31,0.35,-0.55,-0.36,0.66,384698,21126,W,,,
534,0.75,0.56,-0.23,9.31,12.25,-20.56,3.89,6.79,2.31,0.35,-0.55,-0.36,0.66,384736,21164,W,,,
535,0.75,0.56,-0.23,9.31,12.25,-20.56,4.65,7.33,2.46,0.35,-0.55,-0.36,0.66,384777,21205,W,,,
536,0.75,0.56,-0.23,9.31,12.25,-20.56,4.84,8.21,2.27,0.35,-0.55,-0.36,0.66,384817,21245,W,,,
537,0.75,0.56,-0.23,9.31,12.25,-20.56,4.92,8.79,2.23,0.35,-0.55,-0.36,0.66,384855,21283,W,,,
538,0.73,0.67,-0.39,9.31,12.25,-20.56,4.92,8.79,2.23,0.35,-0.55,-0.36,0.66,384894,21322,W,,,
539,0.73,0.67,-0.39,9.31,12.25,-20.56,5.04,9.89,1.7,0.35,-0.55,-0.36,0.66,384935,21363,W,,,
540,0.52,0.54,-0.44,9.31,12.25,-20.56,5.04,9.89,1.7,0.35,-0.55,-0.36,0.66,384975,21403,W,,,
541,0.52,0.54,-0.44,9.31,12.25,-20.56,4.58,10.13,1.62,0.35,-0.55,-0.36,0.66,385014,21442,W,,,
542,0.52,0.54,-0.44,9.31,12.25,-20.56,4.35,9.74,1.39,0.35,-0.55,-0.36,0.66,385053,21481,W,,,
543,0.21,0.26,-0.09,9.31,12.25,-20.56,4.35,9.74,1.39,0.35,-0.55,-0.36,0.66,385093,21521,W,,,
544,0.12,0.21,-0.01,9.31,12.25,-20.56,4.35,9.74,1.39,0.35,-0.55,-0.36,0.66,385133,21561,W,,,
545,0.12,0.21,-0.01,9.31,12.25,-20.56,3.7,9.47,0.93,0.35,-0.55,-0.36,0.66,385173,21601,W,,,
546,0.12,0.21,-0.01,9.31,12.25,-20.56,3.73,9.66,1.12,0.35,-0.55,-0.36,0.66,385214,21642,W,,,
547,0.12,0.21,-0.01,9.31,12.25,-20.56,3.73,9.93,0.93,0.35,-0.55,-0.36,0.66,385252,21680,W,,,
548,0.07,-0.04,-0.07,9.31,12.25,-20.56,3.73,9.93,0.93,0.35,-0.55,-0.36,0.66,385292,21720,W,,,
549,0.07,-0.04,-0.07,9.31,12.25,-20.56,3.96,9.82,1.08,0.35,-0.55,-0.36,0.66,385332,21760,W,,,
550,0.07,-0.04,-0.07,9.31,12.25,-20.56,3.89,9.59,1.04,0.35,-0.55,-0.36,0.66,385374,21802,W,,,
551,0.07,-0.04,-0.07,9.31,12.25,-20.56,3.58,9.36,1.2,0.35,-0.55,-0.36,0.66,385414,21842,W,,,
552,0.07,-0.04,-0.07,9.31,12.25,-20.56,3.62,9.17,1.2,0.35,-0.55,-0.36,0.66,385453,21881,W,,,
553,0.11,-0.03,-0.11,9.31,12.25,-20.56,3.62,9.17,1.2,0.35,-0.55,-0.36,0.66,385494,21922,W,,,
554,0.03,-0.15,-0.09,9.31,12.25,-20.56,3.62,9.17,1.2,0.35,-0.55,-0.36,0.66,385534,21962,W,,,
555,0.03,-0.15,-0.09,9.31,12.25,-20.56,4,9.17,1.31,0.35,-0.55,-0.36,0.66,385574,22002,W,,,
556,0.03,-0.15,-0.09,9.31,12.25,-20.56,3.96,9.4,1.16,0.35,-0.55,-0.36,0.66,385615,22043,W,,,
557,0.03,-0.15,-0.09,9.31,12.25,-20.56,4.12,9.7,1.54,0.35,-0.55,-0.36,0.66,385654,22082,W,,,
558,0.07,0.17,-0.05,9.31,12.25,-20.56,4.12,9.7,1.54,0.35,-0.55,-0.36,0.66,385694,22122,W,,,
559,-0.28,-0.2,0.01,9.31,12.25,-20.56,4.12,9.7,1.54,0.35,-0.55,-0.36,0.66,385734,22162,W,,,
560,-0.28,-0.2,0.01,9.31,12.25,-20.56,2.78,10.13,1.54,0.35,-0.55,-0.36,0.66,385775,22203,W,,,
561,-0.28,-0.2,0.01,9.31,12.25,-20.56,2.66,9.05,1.62,0.35,-0.55,-0.36,0.66,385816,22244,W,,,
562,-0.28,-0.2,0.01,9.31,12.25,-20.56,2.78,8.55,1.54,0.35,-0.55,-0.36,0.66,385854,22282,W,,,
563,-0.35,-0.37,-0.28,9.31,12.25,-20.56,2.78,8.55,1.54,0.35,-0.55,-0.36,0.66,385895,22323,W,,,
564,-0.35,-0.37,-0.28,9.31,12.25,-20.56,3.12,8.17,1.46,0.35,-0.55,-0.36,0.66,385937,22365,W,,,
565,-0.05,0.03,-0.48,9.31,12.25,-20.56,3.12,8.17,1.46,0.35,-0.55,-0.36,0.66,385977,22405,W,,,
566,-0.05,0.03,-0.48,9.31,12.25,-20.56,4.16,8.48,1.7,0.35,-0.55,-0.36,0.66,386017,22445,W,,,
567,-0.05,0.03,-0.48,9.31,12.25,-20.56,4.35,8.75,1.73,0.35,-0.55,-0.36,0.66,386056,22484,W,,,
568,-0.13,-0.02,-0.11,9.31,12.25,-20.56,4.35,8.75,1.73,0.35,-0.55,-0.36,0.66,386096,22524,W,,,
569,-0.08,0.16,0.07,9.31,12.25,-20.56,4.35,8.75,1.73,0.35,-0.55,-0.36,0.66,386137,22565,W,,,
570,-0.08,0.16,0.07,9.31,12.25,-20.56,3.43,9.63,1.5,0.35,-0.55,-0.36,0.66,386176,22604,W,,,
571,-0.08,0.16,0.07,9.31,12.25,-20.56,2.89,9.97,1.16,0.35,-0.55,-0.36,0.66,386216,22644,W,,,
572,-0.08,0.16,0.07,9.31,12.25,-20.56,3.16,9.86,1.2,0.35,-0.55,-0.36,0.66,386254,22682,W,,,
573,0.11,0.06,-0.02,9.31,12.25,-20.56,3.16,9.86,1.2,0.35,-0.55,-0.36,0.66,386293,22721,W,,,
574,0.11,0.06,-0.02,9.31,12.25,-20.56,3.43,9.93,1.81,0.35,-0.55,-0.36,0.66,386335,22763,W,,,
575,-0.02,-0.52,0.07,9.31,12.25,-20.56,3.43,9.93,1.81,0.35,-0.55,-0.36,0.66,386374,22802,W,,,
576,-0.02,-0.52,0.07,9.31,12.25,-20.56,4.12,10.74,1.43,0.35,-0.55,-0.36,0.66,386415,22843,W,,,
577,-0.02,-0.52,0.07,9.31,12.25,-20.56,4.04,10.81,1.46,0.35,-0.55,-0.36,0.66,386454,22882,W,,,
578,0.11,0.04,0.23,9.31,12.25,-20.56,4.04,10.81,1.46,0.35,-0.55,-0.36,0.66,386496,22924,W,,,
579,-0.07,-0.4,0.36,9.31,12.25,-20.56,4.04,10.81,1.46,0.35,-0.55,-0.36,0.66,386535,22963,W,,,
580,-0.07,-0.4,0.36,9.31,12.25,-20.56,4.31,10.81,1.5,0.35,-0.55,-0.36,0.66,386576,23004,W,,,
581,-0.07,-0.4,0.36,9.31,12.25,-20.56,4.61,10.59,0.96,0.35,-0.55,-0.36,0.66,386617,23045,W,,,
582,-0.07,-0.4,0.36,9.31,12.25,-20.56,4.39,10.59,1.31,0.35,-0.55,-0.36,0.66,386656,23084,W,,,
583,-0.25,-0.24,0.74,9.31,12.25,-20.56,4.39,10.59,1.31,0.35,-0.55,-0.36,0.66,386697,23125,W,,,
584,-0.25,-0.04,0.62,9.31,12.25,-20.56,4.39,10.59,1.31,0.35,-0.55,-0.36,0.66,386737,23165,W,,,
585,-0.25,-0.04,0.62,9.31,12.25,-20.56,4.8,8.98,1.23,0.35,-0.55,-0.36,0.66,386778,23206,W,,,
586,-0.25,-0.04,0.62,9.31,12.25,-20.56,4.77,8.25,1.35,0.35,-0.55,-0.36,0.66,386817,23245,W,,,
587,-0.25,-0.04,0.62,9.31,12.25,-20.56,4.77,7.6,1.35,0.35,-0.55,-0.36,0.66,386855,23283,W,,,
588,0.07,0.29,0.76,9.31,12.25,-20.56,4.77,7.6,1.35,0.35,-0.55,-0.36,0.66,386895,23323,W,,,
589,0.07,0.29,0.76,9.31,12.25,-20.56,4.46,6.14,1.7,0.35,-0.55,-0.36,0.66,386935,23363,W,,,
590,0.62,0.88,0.86,9.31,12.25,-20.56,4.46,6.14,1.7,0.35,-0.55,-0.36,0.66,386974,23402,W,,,
591,0.62,0.88,0.86,9.31,12.25,-20.56,4.96,5.45,3.11,0.35,-0.55,-0.36,0.66,387013,23441,W,,,
592,0.62,0.88,0.86,9.31,12.25,-20.56,5.19,5.18,3.42,0.35,-0.55,-0.36,0.66,387051,23479,W,,,
593,0.89,1.21,0.82,9.31,12.25,-20.56,5.19,5.18,3.42,0.35,-0.55,-0.36,0.66,387091,23519,W,,,
594,0.84,1.47,0.81,9.31,12.25,-20.56,5.19,5.18,3.42,0.35,-0.55,-0.36,0.66,387130,23558,W,,,
595,0.84,1.47,0.81,9.31,12.25,-20.56,5.61,5.18,3.57,0.35,-0.55,-0.36,0.66,387168,23596,W,,,
596,0.84,1.47,0.81,9.31,12.25,-20.56,5.8,5.38,3.19,0.35,-0.55,-0.36,0.66,387207,23635,W,,,
597,0.84,1.47,0.81,9.63,-10.5,8,5.8,5.38,3.19,0.35,-0.55,-0.36,0.66,387245,23673,W,,,
598,0.67,1.24,0.38,9.63,-10.5,8,5.8,5.38,3.19,0.35,-0.55,-0.36,0.66,387283,23711,W,,,
599,0.67,1.24,0.38,9.63,-10.5,8,7.64,6.79,2.34,0.35,-0.55,-0.36,0.66,387322,23750,W,,,
600,0.67,1.24,0.38,9.63,-10.5,8,7.57,6.52,2.5,0.35,-0.55,-0.36,0.66,387361,23789,W,,,
601,0.67,1.24,0.38,9.63,-10.5,8,7.41,6.1,2.5,0.35,-0.55,-0.36,0.66,387399,23827,W,,,
602,0.55,0.89,0.3,9.63,-10.5,8,7.41,6.1,2.5,0.35,-0.55,-0.36,0.66,387437,23865,W,,,
603,0.6,0.81,0.36,9.63,-10.5,8,7.41,6.1,2.5,0.35,-0.55,-0.36,0.66,387476,23904,W,,,
604,0.6,0.81,0.36,9.63,-10.5,8,7.34,5.07,2.84,0.35,-0.55,-0.36,0.66,387515,23943,W,,,
605,0.6,0.81,0.36,9.63,-10.5,8,7.38,5.07,2.8,0.35,-0.55,-0.36,0.66,387552,23980,W,,,
606,0.88,0.79,0.52,9.63,-10.5,8,7.38,5.07,2.8,0.35,-0.55,-0.36,0.66,387592,24020,W,,,
607,1.04,0.91,0.63,9.63,-10.5,8,7.38,5.07,2.8,0.35,-0.55,-0.36,0.66,387631,24059,W,,,
608,1.04,0.91,0.63,9.63,-10.5,8,7.64,5.26,2.84,0.35,-0.55,-0.36,0.66,387668,24096,W,,,
609,1.04,0.91,0.63,9.63,-10.5,8,7.6,5.45,2.84,0.35,-0.55,-0.36,0.66,387706,24134,W,,,
610,1.04,0.91,0.63,9.63,-10.5,8,7.49,5.57,2.69,0.35,-0.55,-0.36,0.66,387744,24172,W,,,
611,1.21,1.18,0.82,9.63,-10.5,8,7.49,5.57,2.69,0.35,-0.55,-0.36,0.66,387783,24211,W,,,
612,1.21,1.18,0.82,9.63,-10.5,8,7.6,6.52,2.88,0.35,-0.55,-0.36,0.66,387822,24250,W,,,
613,1.21,1.18,0.82,9.63,-10.5,8,7.41,6.95,2.84,0.35,-0.55,-0.36,0.66,387861,24289,W,,,
614,1.21,1.18,0.82,9.63,-10.5,8,6.84,6.95,2.8,0.35,-0.55,-0.36,0.66,387899,24327,W,,,
615,0.76,0.62,0.17,9.63,-10.5,8,6.84,6.95,2.8,0.35,-0.55,-0.36,0.66,387937,24365,W,,,
616,0.68,0.38,0.05,9.63,-10.5,8,6.84,6.95,2.8,0.35,-0.55,-0.36,0.66,387976,24404,W,,,
617,0.68,0.38,0.05,9.63,-10.5,8,6.88,6.52,2.84,0.35,-0.55,-0.36,0.66,388015,24443,W,,,
618,0.68,0.38,0.05,9.63,-10.5,8,6.95,6.56,2.88,0.35,-0.55,-0.36,0.66,388051,24479,W,,,
619,0.59,0.51,-0.01,9.63,-10.5,8,6.95,6.56,2.88,0.35,-0.55,-0.36,0.66,388090,24518,W,,,
620,0.43,0.35,-0.06,9.63,-10.5,8,6.95,6.56,2.88,0.35,-0.55,-0.36,0.66,388130,24558,W,,,
621,0.43,0.35,-0.06,9.63,-10.5,8,6.8,6.29,2.96,0.35,-0.55,-0.36,0.66,388168,24596,W,,,
622,0.43,0.35,-0.06,9.63,-10.5,8,6.95,6.41,2.84,0.35,-0.55,-0.36,0.66,388207,24635,W,,,
623,0.43,0.35,-0.06,9.63,-10.5,8,7.07,6.45,2.96,0.35,-0.55,-0.36,0.66,388245,24673,W,,,
624,0.18,0.11,-0.08,9.63,-10.5,8,7.07,6.45,2.96,0.35,-0.55,-0.36,0.66,388285,24713,W,,,
625,0.18,0.11,-0.08,9.63,-10.5,8,7.34,7.02,3.07,0.35,-0.55,-0.36,0.66,388324,24752,W,,,
626,0.18,0.11,-0.08,9.63,-10.5,8,7.38,7.1,3.04,0.35,-0.55,-0.36,0.66,388363,24791,W,,,
627,0.18,0.11,-0.08,9.63,-10.5,8,7.34,7.06,3.15,0.35,-0.55,-0.36,0.66,388401,24829,W,,,
628,0.16,0.15,-0.05,9.63,-10.5,8,7.34,7.06,3.15,0.35,-0.55,-0.36,0.66,388441,24869,W,,,
629,0.2,0.39,0.03,9.63,-10.5,8,7.34,7.06,3.15,0.35,-0.55,-0.36,0.66,388480,24908,W,,,
630,0.2,0.39,0.03,9.63,-10.5,8,6.15,6.37,3.19,0.35,-0.55,-0.36,0.66,388517,24945,W,,,
631,0.2,0.39,0.03,9.63,-10.5,8,6.15,6.71,3.3,0.35,-0.55,-0.36,0.66,388556,24984,W,,,
632,0.2,0.39,0.03,0.63,-0.13,9.13,6.15,6.71,3.3,0.35,-0.55,-0.36,0.66,388593,25021,W,,,
633,0.17,0.27,0.09,0.63,-0.13,9.13,6.15,6.71,3.3,0.35,-0.55,-0.36,0.66,388632,25060,W,,,
634,0.17,0.27,0.09,0.63,-0.13,9.13,6.22,7.48,3.27,0.35,-0.55,-0.36,0.66,388670,25098,W,,,
635,0.17,0.27,0.09,0.63,-0.13,9.13,6.11,7.21,3.19,0.35,-0.55,-0.36,0.66,388710,25138,W,,,
636,0.17,0.27,0.09,0.63,-0.13,9.13,5.84,6.83,3.07,0.35,-0.55,-0.36,0.66,388746,25174,W,,,
637,0.47,0.56,0.15,0.63,-0.13,9.13,5.84,6.83,3.07,0.35,-0.55,-0.36,0.66,388785,25213,W,,,
638,0.47,0.56,0.15,0.63,-0.13,9.13,5.57,6.68,2.84,0.35,-0.55,-0.36,0.66,388823,25251,W,,,