,Xg,Yg,Zg,Xm,Ym,Zm,Xa,Ya,Za,Xq,Yq,Zq,Direction,Time
0,0.01,0.00,-0.01,30.69,18.44,43.63,-8.64,2.34,3.88,-0.28,0.47,0.60,0.58,2546659
1,0.01,0.00,-0.00,30.69,18.44,43.63,-8.64,2.34,3.88,-0.28,0.47,0.60,0.58,2546675
2,0.01,0.00,-0.00,30.69,18.44,43.63,-8.64,2.34,3.88,-0.28,0.47,0.60,0.58,2546693
3,0.01,0.00,-0.00,30.69,18.44,43.63,-8.67,2.34,3.84,-0.28,0.47,0.60,0.58,2546707
4,0.00,-0.01,-0.00,30.69,18.44,43.63,-8.67,2.34,3.84,-0.28,0.47,0.60,0.58,2546720
5,0.00,-0.01,-0.00,30.69,18.44,43.63,-8.67,2.34,3.84,-0.28,0.47,0.60,0.59,2546735
6,0.00,-0.01,-0.00,30.69,18.44,43.63,-8.64,2.34,3.88,-0.28,0.47,0.60,0.59,2546749
7,0.00,-0.01,-0.00,30.69,18.44,43.63,-8.64,2.34,3.88,-0.28,0.47,0.60,0.59,2546763
8,0.00,-0.01,-0.00,30.69,18.44,43.63,-8.64,2.34,3.88,-0.28,0.47,0.60,0.59,2546777
9,0.00,-0.01,-0.00,30.75,17.50,41.00,-8.64,2.34,3.88,-0.28,0.47,0.60,0.59,2546791
10,0.00,-0.01,-0.00,30.75,17.50,41.00,-8.60,2.34,3.92,-0.28,0.47,0.60,0.59,2547800
11,-0.00,0.01,-0.01,30.75,17.50,41.00,-8.60,2.34,3.92,-0.28,0.47,0.60,0.59,2548038
12,0.00,-0.00,-0.01,30.75,17.50,41.00,-8.60,2.34,3.92,-0.28,0.47,0.60,0.59,2548052
13,0.00,-0.00,-0.01,30.75,17.50,41.00,-8.64,2.30,3.92,-0.28,0.47,0.60,0.59,2548067
14,0.00,0.01,0.01,30.75,17.50,41.00,-8.64,2.30,3.92,-0.28,0.47,0.60,0.59,2548082
15,0.00,0.01,0.01,31.19,16.87,41.50,-8.64,2.30,3.92,-0.28,0.47,0.60,0.59,2548280
16,0.00,0.01,0.01,31.19,16.87,41.50,-8.64,2.34,3.88,-0.28,0.47,0.60,0.59,2548314
17,0.00,0.01,0.01,31.19,16.87,41.50,-8.79,2.38,3.76,-0.28,0.47,0.60,0.59,2548334
18,0.00,0.01,0.01,31.31,17.25,44.63,-8.79,2.38,3.76,-0.28,0.47,0.60,0.59,2548360
19,-0.05,-0.03,-0.11,31.31,17.25,44.63,-8.79,2.38,3.76,-0.28,0.47,0.60,0.59,2548384
20,-0.05,-0.03,-0.11,31.31,17.25,44.63,-8.79,2.38,3.76,-0.28,0.47,0.59,0.59,2548405
21,-0.05,-0.03,-0.11,31.31,17.25,44.63,-9.52,2.69,3.76,-0.28,0.47,0.59,0.59,2548421
22,-0.24,-0.66,-0.20,31.31,17.25,44.63,-9.52,2.69,3.76,-0.28,0.47,0.59,0.59,2548443
23,-0.24,-0.66,-0.20,31.31,17.25,44.63,-9.59,2.07,3.57,-0.28,0.47,0.59,0.59,2548462
24,-0.24,-0.66,-0.20,31.31,17.25,44.63,-8.21,1.92,4.37,-0.28,0.47,0.59,0.59,2548479
25,-0.19,-0.89,0.06,31.31,17.25,44.63,-8.21,1.92,4.37,-0.28,0.47,0.59,0.59,2548494
26,-0.19,-0.89,0.06,31.31,17.25,44.63,-8.10,2.04,4.64,-0.28,0.47,0.59,0.59,2548518
27,-0.20,-0.68,0.01,31.31,17.25,44.63,-8.10,2.04,4.64,-0.28,0.47,0.59,0.59,2548543
28,-0.20,-0.68,0.01,31.31,17.25,44.63,-8.02,2.15,5.03,-0.28,0.47,0.59,0.59,2548561
29,-0.20,-0.68,0.01,31.31,17.25,44.63,-7.48,1.77,4.91,-0.28,0.47,0.59,0.59,2548585
30,-0.12,-0.46,0.13,31.31,17.25,44.63,-7.48,1.77,4.91,-0.28,0.47,0.59,0.59,2548603
31,-0.12,-0.46,0.13,31.31,17.25,44.63,-7.56,1.88,5.11,-0.28,0.47,0.59,0.59,2548621
32,-0.04,-0.28,0.17,31.31,17.25,44.63,-7.56,1.88,5.11,-0.28,0.47,0.59,0.59,2548639
33,-0.04,-0.28,0.17,31.31,17.25,44.63,-8.18,2.27,5.26,-0.28,0.47,0.59,0.59,2548657
34,-0.08,-0.36,0.07,31.31,17.25,44.63,-8.18,2.27,5.26,-0.28,0.47,0.59,0.59,2548675
35,-0.08,-0.36,0.07,31.31,17.25,44.63,-8.18,2.27,5.26,-0.24,0.41,0.63,0.62,2548699
36,-0.08,-0.36,0.07,31.31,17.25,44.63,-8.21,2.19,5.22,-0.24,0.41,0.63,0.62,2548717
37,-0.19,-0.37,0.21,31.31,17.25,44.63,-8.21,2.19,5.22,-0.24,0.41,0.63,0.62,2548738
38,-0.19,-0.37,0.21,34.50,16.87,39.56,-8.21,2.19,5.22,-0.24,0.41,0.63,0.62,2548751
39,-0.19,-0.37,0.21,34.50,16.87,39.56,-8.18,3.45,5.33,-0.24,0.41,0.63,0.62,2548765
40,-0.60,-0.37,0.69,34.50,16.87,39.56,-8.18,3.45,5.33,-0.24,0.41,0.63,0.62,2548789
41,-0.60,-0.37,0.69,34.50,16.87,39.56,-8.18,3.45,5.33,-0.23,0.40,0.65,0.61,2548807
42,-0.60,-0.37,0.69,34.50,16.87,39.56,-8.83,2.30,5.75,-0.23,0.40,0.65,0.61,2548821
43,-0.46,-0.68,0.74,34.50,16.87,39.56,-8.83,2.30,5.75,-0.23,0.40,0.65,0.61,2548842
44,-0.46,-0.68,0.74,34.50,16.87,39.56,-8.67,1.80,6.10,-0.23,0.40,0.65,0.61,2548861
45,-0.04,-0.97,0.29,34.50,16.87,39.56,-8.67,1.80,6.10,-0.23,0.40,0.65,0.61,2548875
46,-0.04,-0.97,0.29,34.50,16.87,39.56,-8.67,1.80,6.10,-0.21,0.37,0.68,0.60,2548896
47,-0.04,-0.97,0.29,34.50,16.87,39.56,-6.18,1.61,6.18,-0.21,0.37,0.68,0.60,2548917
48,0.29,-0.49,0.15,34.50,16.87,39.56,-6.18,1.61,6.18,-0.21,0.37,0.68,0.60,2548935
49,0.29,-0.49,0.15,37.25,13.63,37.19,-6.18,1.61,6.18,-0.21,0.37,0.68,0.60,2548952
50,0.29,-0.49,0.15,37.25,13.63,37.19,-5.72,-3.14,-1.71,-0.21,0.37,0.68,0.60,2548970
51,1.73,1.18,-1.29,37.25,13.63,37.19,-5.72,-3.14,-1.71,-0.21,0.37,0.68,0.60,2548985
52,1.73,1.18,-1.29,37.25,13.63,37.19,-12.77,-1.03,3.15,-0.21,0.37,0.68,0.60,2549009
53,1.73,1.18,-1.29,37.25,13.63,37.19,-8.48,0.16,9.05,-0.21,0.37,0.68,0.60,2549030
54,0.14,0.37,-1.18,37.25,13.63,37.19,-8.48,0.16,9.05,-0.21,0.37,0.68,0.60,2549047
55,0.14,0.37,-1.18,37.25,13.63,37.19,-8.94,-0.11,7.67,-0.21,0.37,0.68,0.60,2549071
56,0.14,0.37,-1.18,37.25,13.63,37.19,-8.52,0.50,4.26,-0.21,0.37,0.68,0.60,2549089
57,0.14,0.37,-1.18,37.25,13.63,37.19,-9.75,0.62,3.73,-0.21,0.37,0.68,0.60,2549131
58,-0.06,0.81,-1.16,37.25,13.63,37.19,-9.75,0.62,3.73,-0.21,0.37,0.68,0.60,2549151
59,-0.06,0.81,-1.16,37.25,13.63,37.19,-9.17,1.65,6.18,-0.21,0.37,0.68,0.60,2549166
60,0.21,0.36,-1.20,37.25,13.63,37.19,-9.17,1.65,6.18,-0.21,0.37,0.68,0.60,2549184
61,0.21,0.36,-1.20,37.25,13.63,37.19,-9.17,1.65,6.18,-0.29,0.43,0.56,0.65,2549201
62,0.21,0.36,-1.20,37.25,13.63,37.19,-7.91,2.50,5.72,-0.29,0.43,0.56,0.65,2549216
63,-0.08,0.36,-0.66,37.25,13.63,37.19,-7.91,2.50,5.72,-0.29,0.43,0.56,0.65,2549316
64,-0.08,0.36,-0.66,37.25,13.63,37.19,-7.91,2.50,5.72,-0.30,0.43,0.55,0.66,2549347
65,-0.25,0.34,-0.38,37.25,13.63,37.19,-7.91,2.50,5.72,-0.30,0.43,0.55,0.66,2549370
66,-0.25,0.34,-0.38,37.25,13.63,37.19,-8.71,-0.49,4.37,-0.30,0.43,0.55,0.66,2549388
67,-0.25,0.34,-0.38,37.25,13.63,37.19,-8.52,-0.19,4.18,-0.30,0.43,0.55,0.66,2549405
68,-0.25,0.34,-0.38,37.25,13.63,37.19,-8.10,0.43,3.76,-0.30,0.43,0.55,0.66,2549425
69,0.08,0.15,-0.54,37.25,13.63,37.19,-8.10,0.43,3.76,-0.30,0.43,0.55,0.66,2549448
70,0.08,0.15,-0.54,37.25,13.63,37.19,-7.41,1.31,3.88,-0.30,0.43,0.55,0.66,2549462
71,0.13,0.17,-0.37,37.25,13.63,37.19,-7.41,1.31,3.88,-0.30,0.43,0.55,0.66,2549484
72,0.13,0.17,-0.37,37.25,13.63,37.19,-7.41,1.31,3.88,-0.36,0.42,0.50,0.67,2549504
73,0.13,0.17,-0.37,37.25,13.63,37.19,-6.11,3.80,3.27,-0.36,0.42,0.50,0.67,2549523
74,0.47,0.33,0.80,37.25,13.63,37.19,-6.11,3.80,3.27,-0.36,0.42,0.50,0.67,2549538
75,0.47,0.33,0.80,37.25,13.63,37.19,-5.04,5.45,2.69,-0.36,0.42,0.50,0.67,2549556
76,0.91,0.35,0.83,37.25,13.63,37.19,-5.04,5.45,2.69,-0.36,0.42,0.50,0.67,2549581
77,0.91,0.35,0.83,37.25,13.63,37.19,-5.04,5.45,2.69,-0.34,0.45,0.50,0.66,2549598
78,0.91,0.35,0.83,37.25,13.63,37.19,-8.67,1.35,5.26,-0.34,0.45,0.50,0.66,2549613
79,0.63,-0.05,1.92,37.25,13.63,37.19,-8.67,1.35,5.26,-0.34,0.45,0.50,0.66,2549633
80,0.63,-0.05,1.92,37.25,13.63,37.19,-8.67,1.35,5.26,-0.31,0.47,0.51,0.65,2549658
81,0.63,-0.05,1.92,37.25,13.63,37.19,-11.47,1.42,2.84,-0.31,0.47,0.51,0.65,2549677
82,0.68,-0.58,1.10,37.25,13.63,37.19,-11.47,1.42,2.84,-0.31,0.47,0.51,0.65,2549697
83,0.68,-0.58,1.10,37.25,13.63,37.19,-12.08,3.72,5.37,-0.31,0.47,0.51,0.65,2549719
84,0.68,-0.58,1.10,37.25,13.63,37.19,-9.86,3.26,4.57,-0.31,0.47,0.51,0.65,2549744
85,0.68,-0.58,1.10,-11.06,25.56,47.19,-9.86,3.26,4.57,-0.31,0.47,0.51,0.65,2549759
86,0.68,-0.58,1.10,-11.06,25.56,47.19,-8.64,2.07,4.11,-0.31,0.47,0.51,0.65,2549783
87,0.08,-0.05,0.12,-11.06,25.56,47.19,-8.64,2.07,4.11,-0.31,0.47,0.51,0.65,2549806
88,0.08,-0.05,0.12,-11.06,25.56,47.19,-8.90,2.07,3.76,-0.31,0.47,0.51,0.65,2549824
89,0.04,-0.15,0.05,-11.06,25.56,47.19,-8.90,2.07,3.76,-0.31,0.47,0.51,0.65,2549843
90,0.04,-0.15,0.05,-11.06,25.56,47.19,-8.90,2.11,3.84,-0.31,0.47,0.51,0.65,2549863
91,0.04,-0.15,0.05,-11.06,25.56,47.19,-8.79,2.11,4.07,-0.31,0.47,0.51,0.65,2549878
92,0.00,-0.02,0.01,-11.06,25.56,47.19,-8.79,2.11,4.07,-0.31,0.47,0.51,0.65,2549901
93,0.00,-0.02,0.01,-11.06,25.56,47.19,-8.86,2.07,3.95,-0.31,0.47,0.51,0.65,2549921
94,-0.04,-0.05,0.06,-11.06,25.56,47.19,-8.86,2.07,3.95,-0.31,0.47,0.51,0.65,2549943
95,-0.04,-0.05,0.06,-11.06,25.56,47.19,-8.83,2.11,3.95,-0.31,0.47,0.51,0.65,2549957
96,-0.04,-0.05,0.06,-11.06,25.56,47.19,-8.64,2.00,4.11,-0.31,0.47,0.51,0.65,2549971
97,-0.05,0.00,0.11,-11.06,25.56,47.19,-8.64,2.00,4.11,-0.31,0.47,0.51,0.65,2549988
98,-0.05,0.00,0.11,-11.06,25.56,47.19,-8.75,2.07,3.95,-0.31,0.47,0.51,0.65,2550003
99,-0.08,-0.08,0.13,-11.06,25.56,47.19,-8.75,2.07,3.95,-0.31,0.47,0.51,0.65,2550021
100,-0.08,-0.08,0.13,-11.06,25.56,47.19,-8.75,2.07,3.95,-0.25,0.49,0.55,0.64,2550035
101,-0.08,-0.08,0.13,-9.69,25.56,47.94,-8.75,2.07,3.95,-0.25,0.49,0.55,0.64,2550049
102,-0.08,-0.08,0.13,-9.69,25.56,47.94,-8.67,2.15,4.07,-0.25,0.49,0.55,0.64,2550060
103,-0.06,-0.09,0.09,-9.69,25.56,47.94,-8.67,2.15,4.07,-0.25,0.49,0.55,0.64,2550079
104,-0.06,-0.09,0.09,-9.69,25.56,47.94,-8.67,2.15,4.07,-0.25,0.48,0.55,0.64,2550096
105,-0.06,-0.09,0.09,-9.69,25.56,47.94,-8.75,2.11,3.99,-0.25,0.48,0.55,0.64,2550116
106,-0.06,-0.09,0.09,-9.69,25.56,47.94,-8.64,2.11,4.07,-0.25,0.48,0.55,0.64,2550133
107,-0.07,-0.11,0.16,-9.69,25.56,47.94,-8.64,2.11,4.07,-0.25,0.48,0.55,0.64,2550150
108,-0.07,-0.11,0.16,-9.69,25.56,47.94,-8.60,2.19,4.14,-0.25,0.48,0.55,0.64,2550165
109,-0.01,-0.03,0.20,-9.69,25.56,47.94,-8.60,2.19,4.14,-0.25,0.48,0.55,0.64,2550179
110,-0.01,-0.03,0.20,-9.69,25.56,47.94,-8.60,2.19,4.14,-0.24,0.48,0.56,0.63,2550329
111,-0.01,-0.03,0.20,-9.69,25.56,47.94,-8.60,2.27,4.14,-0.24,0.48,0.56,0.63,2550382
112,-0.01,-0.03,0.20,-9.69,25.56,47.94,-8.64,2.34,4.14,-0.24,0.48,0.56,0.63,2550407
113,-0.01,-0.03,0.20,-9.69,25.56,47.94,-9.21,2.73,4.18,-0.24,0.48,0.56,0.63,2550422
114,1.03,0.25,2.32,-9.69,25.56,47.94,-9.21,2.73,4.18,-0.24,0.48,0.56,0.63,2550443
115,1.03,0.25,2.32,-9.69,25.56,47.94,-9.44,3.26,4.30,-0.24,0.48,0.56,0.63,2550463
116,1.03,0.25,2.32,-9.69,25.56,47.94,-9.90,3.95,4.18,-0.24,0.48,0.56,0.63,2550477
117,2.03,-0.31,3.80,-9.69,25.56,47.94,-9.90,3.95,4.18,-0.24,0.48,0.56,0.63,2550493
118,2.03,-0.31,3.80,-9.69,25.56,47.94,-11.39,5.79,3.80,-0.24,0.48,0.56,0.63,2550506
119,2.21,-0.72,5.98,-9.69,25.56,47.94,-11.39,5.79,3.80,-0.24,0.48,0.56,0.63,2550522
120,2.21,-0.72,5.98,-9.69,25.56,47.94,-11.39,5.79,3.80,-0.03,0.59,0.65,0.48,2550536
121,2.21,-0.72,5.98,10.56,35.31,41.13,-11.39,5.79,3.80,-0.03,0.59,0.65,0.48,2550550
122,2.21,-0.72,5.98,10.56,35.31,41.13,-13.23,11.34,6.25,-0.03,0.59,0.65,0.48,2550565
123,2.46,0.66,6.17,10.56,35.31,41.13,-13.23,11.34,6.25,-0.03,0.59,0.65,0.48,2550578
124,2.46,0.66,6.17,10.56,35.31,41.13,-13.23,11.34,6.25,0.09,0.63,0.68,0.37,2550591
125,2.46,0.66,6.17,10.56,35.31,41.13,-15.41,4.37,6.10,0.09,0.63,0.68,0.37,2550608
126,-1.81,-0.43,-0.88,10.56,35.31,41.13,-15.41,4.37,6.10,0.09,0.63,0.68,0.37,2550622
127,-1.81,-0.43,-0.88,10.56,35.31,41.13,-15.41,4.37,6.10,0.12,0.63,0.70,0.32,2550737
128,-1.81,-0.43,-0.88,24.12,32.63,34.81,-15.41,4.37,6.10,0.12,0.63,0.70,0.32,2550789
129,-1.81,-0.43,-0.88,24.12,32.63,34.81,-4.84,5.45,3.19,0.12,0.63,0.70,0.32,2550809
130,-1.81,-0.43,-0.88,24.12,32.63,34.81,-14.65,7.86,0.97,0.12,0.63,0.70,0.32,2550826
131,-1.28,0.78,-4.82,24.12,32.63,34.81,-14.65,7.86,0.97,0.12,0.63,0.70,0.32,2550849
132,-1.28,0.78,-4.82,24.12,32.63,34.81,-12.08,8.82,-0.72,0.12,0.63,0.70,0.32,2550863
133,0.22,1.47,-3.85,24.12,32.63,34.81,-12.08,8.82,-0.72,0.12,0.63,0.70,0.32,2550882
134,0.22,1.47,-3.85,24.12,32.63,34.81,-12.08,8.82,-0.72,-0.24,0.52,0.58,0.58,2550898
135,0.22,1.47,-3.85,24.12,32.63,34.81,-12.81,12.07,6.87,-0.24,0.52,0.58,0.58,2550918
136,-0.05,0.74,-3.50,24.12,32.63,34.81,-12.81,12.07,6.87,-0.24,0.52,0.58,0.58,2550940
137,-0.05,0.74,-3.50,24.12,32.63,34.81,-12.81,12.07,6.87,-0.30,0.51,0.51,0.62,2550964
138,-0.05,0.74,-3.50,24.12,32.63,34.81,-7.45,15.18,7.71,-0.30,0.51,0.51,0.62,2551001
139,-1.35,0.61,-1.49,24.12,32.63,34.81,-7.45,15.18,7.71,-0.30,0.51,0.51,0.62,2551023
140,-1.35,0.61,-1.49,24.12,32.63,34.81,-0.86,17.78,3.84,-0.30,0.51,0.51,0.62,2551049
141,-1.35,0.61,-1.49,-26.44,-27.25,9.38,-0.86,17.78,3.84,-0.30,0.51,0.51,0.62,2551066
142,-1.35,0.61,-1.49,-26.44,-27.25,9.38,-11.05,1.50,6.02,-0.30,0.51,0.51,0.62,2551088
143,1.87,-1.98,2.00,-26.44,-27.25,9.38,-11.05,1.50,6.02,-0.30,0.51,0.51,0.62,2551115
144,1.87,-1.98,2.00,-26.44,-27.25,9.38,-14.57,6.25,10.35,-0.30,0.51,0.51,0.62,2551134
145,-0.02,-1.02,0.56,-26.44,-27.25,9.38,-14.57,6.25,10.35,-0.30,0.51,0.51,0.62,2551155
146,-0.02,-1.02,0.56,-26.44,-27.25,9.38,-8.21,2.23,4.72,-0.30,0.51,0.51,0.62,2551174
147,0.03,-0.25,0.13,-26.44,-27.25,9.38,-8.21,2.23,4.72,-0.30,0.51,0.51,0.62,2551194
148,0.03,-0.25,0.13,-26.44,-27.25,9.38,-8.56,2.27,4.22,-0.30,0.51,0.51,0.62,2551212
149,-0.09,-0.04,0.03,-26.44,-27.25,9.38,-8.56,2.27,4.22,-0.30,0.51,0.51,0.62,2551230
150,-0.09,-0.04,0.03,-26.44,-27.25,9.38,-8.56,2.27,4.22,-0.26,0.48,0.52,0.66,2551247
151,-0.09,-0.04,0.03,-26.44,-27.25,9.38,-9.02,2.19,3.92,-0.26,0.48,0.52,0.66,2551262
152,-0.07,-0.11,0.04,-26.44,-27.25,9.38,-9.02,2.19,3.92,-0.26,0.48,0.52,0.66,2551277
153,-0.07,-0.11,0.04,-26.44,-27.25,9.38,-9.02,2.19,3.92,-0.26,0.48,0.52,0.66,2551293
154,-0.07,-0.11,0.04,-26.44,-27.25,9.38,-8.75,2.15,4.11,-0.26,0.48,0.52,0.66,2551307
155,-0.08,-0.11,0.15,-26.44,-27.25,9.38,-8.75,2.15,4.11,-0.26,0.48,0.52,0.66,2551324
156,-0.08,-0.11,0.15,-26.44,-27.25,9.38,-8.75,2.15,4.11,-0.25,0.48,0.53,0.66,2551338
157,-0.08,-0.11,0.15,-35.13,-24.12,28.81,-8.75,2.15,4.11,-0.25,0.48,0.53,0.66,2551359
158,-0.08,-0.11,0.15,-35.13,-24.12,28.81,-8.48,2.15,4.26,-0.25,0.48,0.53,0.66,2551382
159,-0.05,-0.03,0.14,-35.13,-24.12,28.81,-8.48,2.15,4.26,-0.25,0.48,0.53,0.66,2551398
160,-0.05,-0.03,0.14,-35.13,-24.12,28.81,-8.60,2.27,4.18,-0.25,0.48,0.53,0.66,2551420
161,-0.05,-0.03,0.14,-35.13,-24.12,28.81,-8.52,2.23,4.22,-0.25,0.48,0.53,0.66,2551435
162,-0.06,-0.04,0.12,-35.13,-24.12,28.81,-8.52,2.23,4.22,-0.25,0.48,0.53,0.66,2551741
163,-0.06,-0.04,0.12,-35.13,-24.12,28.81,-8.56,2.15,4.14,-0.25,0.48,0.53,0.66,2551773
164,-0.06,-0.04,0.12,-35.13,-24.12,28.81,-9.86,2.76,4.76,-0.25,0.48,0.53,0.66,2551787
165,1.25,0.01,2.68,-35.13,-24.12,28.81,-9.86,2.76,4.76,-0.25,0.48,0.53,0.66,2551802
166,1.25,0.01,2.68,-35.13,-24.12,28.81,-10.28,3.64,4.72,-0.25,0.48,0.53,0.66,2551820
167,1.99,-0.63,4.46,-35.13,-24.12,28.81,-10.28,3.64,4.72,-0.25,0.48,0.53,0.66,2551845
168,1.99,-0.63,4.46,-35.13,-24.12,28.81,-10.28,3.64,4.72,-0.12,0.55,0.61,0.56,2551862
169,1.99,-0.63,4.46,-35.13,-24.12,28.81,-12.20,7.09,6.06,-0.12,0.55,0.61,0.56,2551876
170,2.50,-0.54,6.06,-35.13,-24.12,28.81,-12.20,7.09,6.06,-0.12,0.55,0.61,0.56,2551891
171,2.50,-0.54,6.06,-35.13,-24.12,28.81,-13.12,10.85,6.21,-0.12,0.55,0.61,0.56,2552192
172,-1.30,0.61,0.57,-35.13,-24.12,28.81,-13.12,10.85,6.21,-0.12,0.55,0.61,0.56,2552217
173,-1.30,0.61,0.57,-35.13,-24.12,28.81,-11.47,11.88,6.98,-0.12,0.55,0.61,0.56,2552248
174,0.50,0.62,-3.67,-35.13,-24.12,28.81,-11.47,11.88,6.98,-0.12,0.55,0.61,0.56,2552295
175,-0.38,0.70,-0.63,-35.13,-24.12,28.81,-11.47,11.88,6.98,-0.12,0.55,0.61,0.56,2552317
176,-0.38,0.70,-0.63,-35.13,-24.12,28.81,2.09,24.52,0.85,-0.12,0.55,0.61,0.56,2552331
177,1.22,-0.76,1.93,-35.13,-24.12,28.81,2.09,24.52,0.85,-0.12,0.55,0.61,0.56,2552346
178,1.22,-0.76,1.93,-35.13,-24.12,28.81,-7.18,10.50,4.34,-0.12,0.55,0.61,0.56,2552361
179,1.22,-0.76,1.93,-35.13,-24.12,28.81,-13.46,4.64,11.16,-0.12,0.55,0.61,0.56,2552375
180,-0.78,-0.34,1.00,-35.13,-24.12,28.81,-13.46,4.64,11.16,-0.12,0.55,0.61,0.56,2552400
181,-0.78,-0.34,1.00,-35.13,-24.12,28.81,-13.46,4.64,11.16,-0.26,0.50,0.51,0.65,2552443
182,-0.78,-0.34,1.00,-35.13,-24.12,28.81,-8.83,2.27,2.65,-0.26,0.50,0.51,0.65,2552465
183,-0.78,-0.34,1.00,-35.13,-24.12,28.81,-8.75,2.34,4.11,-0.26,0.50,0.51,0.65,2552487
184,-0.05,-0.04,0.00,-35.13,-24.12,28.81,-8.75,2.34,4.11,-0.26,0.50,0.51,0.65,2552507
185,-0.05,-0.04,0.00,-35.13,-24.12,28.81,-8.56,2.15,4.03,-0.26,0.50,0.51,0.65,2552522
186,-0.03,0.01,-0.01,-35.13,-24.12,28.81,-8.56,2.15,4.03,-0.26,0.50,0.51,0.65,2552540
187,-0.03,0.01,-0.01,-35.13,-24.12,28.81,-8.56,2.15,4.03,-0.25,0.49,0.52,0.66,2552560
188,-0.03,0.01,-0.01,-35.13,-24.12,28.81,-8.79,2.15,3.92,-0.25,0.49,0.52,0.66,2552573
189,-0.11,-0.11,0.14,-35.13,-24.12,28.81,-8.79,2.15,3.92,-0.25,0.49,0.52,0.66,2552588
190,-0.11,-0.11,0.14,-35.13,-24.12,28.81,-8.79,2.15,3.92,-0.25,0.49,0.52,0.66,2552603
191,-0.11,-0.11,0.14,-35.13,-24.12,28.81,-8.75,2.19,3.99,-0.25,0.49,0.52,0.66,2552625
192,-0.03,-0.07,0.16,-35.13,-24.12,28.81,-8.75,2.19,3.99,-0.25,0.49,0.52,0.66,2552655
193,-0.03,-0.07,0.16,88.12,-32.38,45.31,-8.75,2.19,3.99,-0.25,0.49,0.52,0.66,2552670
194,-0.03,-0.07,0.16,88.12,-32.38,45.31,-8.67,2.30,4.03,-0.25,0.49,0.52,0.66,2552694
195,-0.05,-0.13,0.19,88.12,-32.38,45.31,-8.67,2.30,4.03,-0.25,0.49,0.52,0.66,2552716
196,-0.05,-0.13,0.19,88.12,-32.38,45.31,-8.48,2.38,4.22,-0.25,0.49,0.52,0.66,2552740
197,-0.04,-0.03,0.15,88.12,-32.38,45.31,-8.48,2.38,4.22,-0.25,0.49,0.52,0.66,2552760
198,-0.04,-0.03,0.15,88.12,-32.38,45.31,-8.56,2.34,4.07,-0.25,0.49,0.52,0.66,2552774
199,-0.07,-0.12,0.22,88.12,-32.38,45.31,-8.56,2.34,4.07,-0.25,0.49,0.52,0.66,2552792
200,-0.07,-0.12,0.22,88.12,-32.38,45.31,-8.56,2.34,4.07,-0.23,0.48,0.54,0.65,2552809
201,-0.07,-0.12,0.22,88.12,-32.38,45.31,-8.29,2.54,4.37,-0.23,0.48,0.54,0.65,2552835
202,-0.13,0.00,0.19,88.12,-32.38,45.31,-8.29,2.54,4.37,-0.23,0.48,0.54,0.65,2552855
203,-0.13,0.00,0.19,88.12,-32.38,45.31,-8.45,2.54,4.26,-0.23,0.48,0.54,0.65,2552874
204,-0.17,0.00,0.36,88.12,-32.38,45.31,-8.45,2.54,4.26,-0.23,0.48,0.54,0.65,2552890
205,-0.17,0.00,0.36,88.12,-32.38,45.31,-8.45,2.54,4.26,-0.23,0.48,0.55,0.64,2552910
206,-0.17,0.00,0.36,88.12,-32.38,45.31,-8.45,2.42,4.34,-0.23,0.48,0.55,0.64,2552927
207,0.15,0.20,0.68,88.12,-32.38,45.31,-8.45,2.42,4.34,-0.23,0.48,0.55,0.64,2552946
208,0.15,0.20,0.68,81.50,-36.56,42.06,-8.45,2.42,4.34,-0.23,0.48,0.55,0.64,2552962
209,0.15,0.20,0.68,81.50,-36.56,42.06,-8.25,2.50,4.45,-0.23,0.48,0.55,0.64,2552980
210,0.43,0.42,1.39,81.50,-36.56,42.06,-8.25,2.50,4.45,-0.23,0.48,0.55,0.64,2552997
211,0.43,0.42,1.39,81.50,-36.56,42.06,-8.94,2.73,4.03,-0.23,0.48,0.55,0.64,2553011
212,0.43,0.42,1.39,81.50,-36.56,42.06,-9.79,2.76,4.30,-0.23,0.48,0.55,0.64,2553029
213,1.73,-0.13,3.01,81.50,-36.56,42.06,-9.79,2.76,4.30,-0.23,0.48,0.55,0.64,2553050
214,1.73,-0.13,3.01,81.50,-36.56,42.06,-10.40,3.45,4.80,-0.23,0.48,0.55,0.64,2553073
215,1.73,-0.13,3.01,81.50,-36.56,42.06,-11.55,5.18,5.07,-0.23,0.48,0.55,0.64,2553094
216,2.42,-0.18,5.52,81.50,-36.56,42.06,-11.55,5.18,5.07,-0.23,0.48,0.55,0.64,2553111
217,2.42,-0.18,5.52,81.50,-36.56,42.06,-12.08,8.36,5.64,-0.23,0.48,0.55,0.64,2553130
218,2.31,2.04,6.14,81.50,-36.56,42.06,-12.08,8.36,5.64,-0.23,0.48,0.55,0.64,2553150
219,2.31,2.04,6.14,81.50,-36.56,42.06,-14.34,11.46,4.95,-0.23,0.48,0.55,0.64,2553165
220,2.31,2.04,6.14,81.50,-36.56,42.06,-21.62,-2.68,10.96,-0.23,0.48,0.55,0.64,2553180
221,-3.02,0.46,0.13,81.50,-36.56,42.06,-21.62,-2.68,10.96,-0.23,0.48,0.55,0.64,2553200
222,-3.02,0.46,0.13,81.50,-36.56,42.06,-6.80,-3.82,0.62,-0.23,0.48,0.55,0.64,2553217
223,-2.09,0.17,-1.13,81.50,-36.56,42.06,-6.80,-3.82,0.62,-0.23,0.48,0.55,0.64,2553233
224,-2.09,0.17,-1.13,81.50,-36.56,42.06,-6.80,-3.82,0.62,0.02,0.58,0.73,0.36,2553251
225,-2.09,0.17,-1.13,81.50,-36.56,42.06,-8.71,-2.06,-0.68,0.02,0.58,0.73,0.36,2553265
226,-1.63,1.08,-3.13,81.50,-36.56,42.06,-8.71,-2.06,-0.68,0.02,0.58,0.73,0.36,2553277
227,-1.63,1.08,-3.13,81.50,-36.56,42.06,-8.71,-2.06,-0.68,-0.04,0.56,0.73,0.39,2553291
228,-1.63,1.08,-3.13,12.44,-42.50,9.00,-8.71,-2.06,-0.68,-0.04,0.56,0.73,0.39,2553304
229,-1.63,1.08,-3.13,12.44,-42.50,9.00,-8.25,2.23,1.81,-0.04,0.56,0.73,0.39,2553317
230,-1.43,1.27,-3.65,12.44,-42.50,9.00,-8.25,2.23,1.81,-0.04,0.56,0.73,0.39,2553333
231,-1.43,1.27,-3.65,12.44,-42.50,9.00,-8.25,2.23,1.81,-0.12,0.53,0.72,0.43,2553349
232,-1.43,1.27,-3.65,12.44,-42.50,9.00,-11.74,6.25,2.54,-0.12,0.53,0.72,0.43,2553372
233,-0.16,1.00,-4.48,12.44,-42.50,9.00,-11.74,6.25,2.54,-0.12,0.53,0.72,0.43,2553384
234,-0.16,1.00,-4.48,12.44,-42.50,9.00,-11.74,6.25,2.54,-0.20,0.51,0.68,0.49,2553615
235,-0.16,1.00,-4.48,12.44,-42.50,9.00,-12.93,7.09,3.61,-0.20,0.51,0.68,0.49,2553651
236,-0.19,-1.43,0.37,12.44,-42.50,9.00,-12.93,7.09,3.61,-0.20,0.51,0.68,0.49,2553668
237,0.18,-0.63,0.26,12.44,-42.50,9.00,-12.93,7.09,3.61,-0.20,0.51,0.68,0.49,2553683
238,0.18,-0.63,0.26,12.44,-42.50,9.00,-12.93,7.09,3.61,-0.32,0.45,0.60,0.58,2553706
239,0.18,-0.63,0.26,12.44,-42.50,9.00,-8.83,2.27,4.18,-0.32,0.45,0.60,0.58,2553720
240,-0.05,-0.25,0.14,12.44,-42.50,9.00,-8.83,2.27,4.18,-0.32,0.45,0.60,0.58,2553734
241,-0.05,-0.25,0.14,12.44,-42.50,9.00,-8.83,2.27,4.18,-0.31,0.45,0.61,0.58,2553749
242,-0.05,-0.25,0.14,12.44,-42.50,9.00,-8.37,1.92,4.07,-0.31,0.45,0.61,0.58,2553763
243,-0.05,-0.25,0.14,12.44,-42.50,9.00,-8.86,2.34,4.11,-0.31,0.45,0.61,0.58,2553777
244,-0.05,-0.20,0.07,12.44,-42.50,9.00,-8.86,2.34,4.11,-0.31,0.45,0.61,0.58,2553812
245,-0.05,-0.20,0.07,12.44,-42.50,9.00,-8.86,2.34,4.11,-0.30,0.45,0.61,0.58,2553829
246,-0.07,-0.14,0.15,12.44,-42.50,9.00,-8.86,2.34,4.11,-0.30,0.45,0.61,0.58,2553844
247,-0.07,-0.14,0.15,117.94,-36.13,-31.19,-8.86,2.34,4.11,-0.30,0.45,0.61,0.58,2553861
248,-0.07,-0.14,0.15,117.94,-36.13,-31.19,-8.45,2.19,4.37,-0.30,0.45,0.61,0.58,2553876
249,-0.02,-0.01,0.17,117.94,-36.13,-31.19,-8.45,2.19,4.37,-0.30,0.45,0.61,0.58,2553893
250,-0.02,-0.01,0.17,117.94,-36.13,-31.19,-8.45,2.19,4.37,-0.30,0.44,0.62,0.58,2553916
251,-0.02,-0.01,0.17,117.94,-36.13,-31.19,-8.52,2.19,4.22,-0.30,0.44,0.62,0.58,2553931
252,-0.07,-0.06,0.25,117.94,-36.13,-31.19,-8.52,2.19,4.22,-0.30,0.44,0.62,0.58,2553947
253,-0.07,-0.06,0.25,117.94,-36.13,-31.19,-8.45,2.30,4.30,-0.30,0.44,0.62,0.58,2554081
254,-0.07,-0.06,0.25,117.94,-36.13,-31.19,-8.37,2.42,4.37,-0.30,0.44,0.62,0.58,2554110
255,-0.07,-0.06,0.25,117.94,-36.13,-31.19,-8.33,2.42,4.49,-0.30,0.44,0.62,0.58,2554129
256,-0.07,-0.06,0.25,117.94,-36.13,-31.19,-8.41,2.57,4.30,-0.30,0.44,0.62,0.58,2554148
257,-0.07,-0.06,0.25,111.87,-39.00,-32.13,-8.41,2.57,4.30,-0.30,0.44,0.62,0.58,2554172
258,-0.07,-0.06,0.25,111.87,-39.00,-32.13,-8.25,2.92,4.26,-0.30,0.44,0.62,0.58,2554200
259,0.10,0.07,0.81,111.87,-39.00,-32.13,-8.25,2.92,4.26,-0.30,0.44,0.62,0.58,2554222
260,0.10,0.07,0.81,111.87,-39.00,-32.13,-8.21,3.34,4.18,-0.30,0.44,0.62,0.58,2554241
261,0.44,-0.08,0.97,111.87,-39.00,-32.13,-8.21,3.34,4.18,-0.30,0.44,0.62,0.58,2554261
262,0.44,-0.08,0.97,111.87,-39.00,-32.13,-7.98,3.45,4.45,-0.30,0.44,0.62,0.58,2554279
263,0.69,-0.02,1.52,111.87,-39.00,-32.13,-7.98,3.45,4.45,-0.30,0.44,0.62,0.58,2554295
264,0.69,-0.02,1.52,101.19,-46.19,-32.38,-7.98,3.45,4.45,-0.30,0.44,0.62,0.58,2554316
265,0.69,-0.02,1.52,101.19,-46.19,-32.38,-7.83,4.26,4.49,-0.30,0.44,0.62,0.58,2554338
266,0.96,0.19,1.92,101.19,-46.19,-32.38,-7.83,4.26,4.49,-0.30,0.44,0.62,0.58,2554362
267,0.96,0.19,1.92,101.19,-46.19,-32.38,-6.76,5.14,4.03,-0.30,0.44,0.62,0.58,2554377
268,0.94,0.34,1.72,101.19,-46.19,-32.38,-6.76,5.14,4.03,-0.30,0.44,0.62,0.58,2554391
269,0.94,0.34,1.72,101.19,-46.19,-32.38,-6.76,5.14,4.03,-0.17,0.54,0.69,0.45,2554412
270,0.94,0.34,1.72,101.19,-46.19,-32.38,-7.26,5.98,3.42,-0.17,0.54,0.69,0.45,2554435
271,1.09,0.37,2.08,101.19,-46.19,-32.38,-7.26,5.98,3.42,-0.17,0.54,0.69,0.45,2554456
272,1.09,0.37,2.08,101.19,-46.19,-32.38,-6.95,6.67,3.07,-0.17,0.54,0.69,0.45,2554475
273,1.09,0.37,2.08,101.19,-46.19,-32.38,-5.99,7.63,2.42,-0.17,0.54,0.69,0.45,2554490
274,1.00,0.80,2.38,101.19,-46.19,-32.38,-5.99,7.63,2.42,-0.17,0.54,0.69,0.45,2554509
275,1.00,0.80,2.38,101.19,-46.19,-32.38,-6.11,8.20,2.08,-0.17,0.54,0.69,0.45,2554524
276,0.88,1.19,2.52,101.19,-46.19,-32.38,-6.11,8.20,2.08,-0.17,0.54,0.69,0.45,2554536
277,0.88,1.19,2.52,101.19,-46.19,-32.38,-6.11,8.20,2.08,-0.08,0.63,0.71,0.32,2554550
278,0.88,1.19,2.52,101.19,-46.19,-32.38,-4.61,7.93,1.50,-0.08,0.63,0.71,0.32,2554567
279,0.88,1.19,2.52,101.19,-46.19,-32.38,-3.54,8.63,2.42,-0.08,0.63,0.71,0.32,2554578
280,0.91,1.14,1.77,101.19,-46.19,-32.38,-3.54,8.63,2.42,-0.08,0.63,0.71,0.32,2554593
281,0.91,1.14,1.77,101.19,-46.19,-32.38,-3.54,8.63,2.42,-0.06,0.66,0.71,0.26,2554608
282,0.91,1.14,1.77,101.19,-46.19,-32.38,-2.73,8.47,1.62,-0.06,0.66,0.71,0.26,2554624
283,0.85,0.44,0.92,101.19,-46.19,-32.38,-2.73,8.47,1.62,-0.06,0.66,0.71,0.26,2554638
284,0.85,0.44,0.92,101.19,-46.19,-32.38,-2.73,8.47,1.62,-0.04,0.68,0.70,0.22,2554828
285,0.85,0.44,0.92,101.19,-46.19,-32.38,-2.73,8.51,0.97,-0.04,0.68,0.70,0.22,2554858
286,-0.03,0.41,0.11,101.19,-46.19,-32.38,-2.73,8.51,0.97,-0.04,0.68,0.70,0.22,2554885
287,-0.13,0.39,0.02,101.19,-46.19,-32.38,-2.73,8.51,0.97,-0.04,0.68,0.70,0.22,2554902
288,-0.13,0.39,0.02,101.19,-46.19,-32.38,-2.70,9.47,-0.18,-0.04,0.68,0.70,0.22,2554919
289,-0.13,0.39,0.02,101.19,-46.19,-32.38,-2.39,9.43,-0.49,-0.04,0.68,0.70,0.22,2554937
290,-0.15,0.57,0.00,101.19,-46.19,-32.38,-2.39,9.43,-0.49,-0.04,0.68,0.70,0.22,2554954
291,-0.15,0.57,0.00,101.19,-46.19,-32.38,-2.96,9.39,0.13,-0.04,0.68,0.70,0.22,2554969
292,-0.24,0.45,-0.08,101.19,-46.19,-32.38,-2.96,9.39,0.13,-0.04,0.68,0.70,0.22,2554986
293,-0.24,0.45,-0.08,101.19,-46.19,-32.38,-2.96,9.39,0.13,-0.06,0.70,0.69,0.15,2555008
294,-0.24,0.45,-0.08,101.19,-46.19,-32.38,-1.82,9.27,-0.57,-0.06,0.70,0.69,0.15,2555031
295,-0.27,1.48,-0.36,101.19,-46.19,-32.38,-1.82,9.27,-0.57,-0.06,0.70,0.69,0.15,2555052
296,-0.27,1.48,-0.36,24.25,-62.81,8.44,-1.82,9.27,-0.57,-0.06,0.70,0.69,0.15,2555072
297,-0.27,1.48,-0.36,24.25,-62.81,8.44,-3.23,9.01,0.24,-0.06,0.70,0.69,0.15,2555090
298,-0.28,1.78,-0.67,24.25,-62.81,8.44,-3.23,9.01,0.24,-0.06,0.70,0.69,0.15,2555113
299,-0.28,1.78,-0.67,24.25,-62.81,8.44,-3.46,8.74,0.93,-0.06,0.70,0.69,0.15,2555132
300,-0.07,1.19,-0.94,24.25,-62.81,8.44,-3.46,8.74,0.93,-0.06,0.70,0.69,0.15,2555150
301,-0.07,1.19,-0.94,30.81,-61.50,7.31,-3.46,8.74,0.93,-0.06,0.70,0.69,0.15,2555171
302,-0.07,1.19,-0.94,30.81,-61.50,7.31,-4.34,8.74,-0.14,-0.06,0.70,0.69,0.15,2555192
303,0.18,0.81,-0.66,30.81,-61.50,7.31,-4.34,8.74,-0.14,-0.06,0.70,0.69,0.15,2555217
304,0.18,0.81,-0.66,30.81,-61.50,7.31,-4.80,9.43,-0.57,-0.06,0.70,0.69,0.15,2555234
305,0.07,0.72,-0.52,30.81,-61.50,7.31,-4.80,9.43,-0.57,-0.06,0.70,0.69,0.15,2555250
306,0.07,0.72,-0.52,30.81,-61.50,7.31,-4.80,9.31,-1.06,-0.06,0.70,0.69,0.15,2555280
307,0.07,0.72,-0.52,30.81,-61.50,7.31,-4.96,9.08,-1.25,-0.06,0.70,0.69,0.15,2555295
308,-0.13,0.50,-0.24,30.81,-61.50,7.31,-4.96,9.08,-1.25,-0.06,0.70,0.69,0.15,2555316
309,-0.13,0.50,-0.24,30.81,-61.50,7.31,-4.61,9.08,-1.14,-0.06,0.70,0.69,0.15,2555332
310,-0.31,0.40,-0.23,30.81,-61.50,7.31,-4.61,9.08,-1.14,-0.06,0.70,0.69,0.15,2555354
311,-0.31,0.40,-0.23,39.25,-62.75,9.25,-4.61,9.08,-1.14,-0.06,0.70,0.69,0.15,2555372
312,-0.31,0.40,-0.23,39.25,-62.75,9.25,-4.65,8.63,-0.80,-0.06,0.70,0.69,0.15,2555391
313,-0.36,0.01,-0.22,39.25,-62.75,9.25,-4.65,8.63,-0.80,-0.06,0.70,0.69,0.15,2555411
314,-0.36,0.01,-0.22,39.25,-62.75,9.25,-4.92,9.27,-0.49,-0.06,0.70,0.69,0.15,2555429
315,-0.36,0.01,-0.22,39.25,-62.75,9.25,-4.65,9.20,-0.41,-0.06,0.70,0.69,0.15,2555447
316,-0.57,-0.08,-0.70,39.25,-62.75,9.25,-4.65,9.20,-0.41,-0.06,0.70,0.69,0.15,2555468
317,-0.57,-0.08,-0.70,39.25,-62.75,9.25,-4.11,8.43,-0.49,-0.06,0.70,0.69,0.15,2555489
318,-0.62,-0.29,-1.01,39.25,-62.75,9.25,-4.11,8.43,-0.49,-0.06,0.70,0.69,0.15,2555509
319,-0.62,-0.29,-1.01,39.25,-62.75,9.25,-4.00,7.97,-0.68,-0.06,0.70,0.69,0.15,2555533
320,-0.62,-0.29,-1.01,39.25,-62.75,9.25,-4.61,8.36,-0.49,-0.06,0.70,0.69,0.15,2555551
321,-0.62,-0.29,-1.01,55.31,-61.94,-0.31,-4.61,8.36,-0.49,-0.06,0.70,0.69,0.15,2555574
322,-0.62,-0.29,-1.01,55.31,-61.94,-0.31,-5.07,8.47,-0.53,-0.06,0.70,0.69,0.15,2555594
323,-1.54,0.83,-1.85,55.31,-61.94,-0.31,-5.07,8.47,-0.53,-0.06,0.70,0.69,0.15,2555613
324,-1.54,0.83,-1.85,55.31,-61.94,-0.31,-4.34,11.07,2.42,-0.06,0.70,0.69,0.15,2555628
325,-3.54,0.43,-0.76,55.31,-61.94,-0.31,-4.34,11.07,2.42,-0.06,0.70,0.69,0.15,2555646
326,-3.54,0.43,-0.76,55.31,-61.94,-0.31,-4.34,11.07,2.42,-0.37,0.55,0.74,0.13,2555660
327,-3.54,0.43,-0.76,55.31,-61.94,-0.31,-5.07,12.45,4.14,-0.37,0.55,0.74,0.13,2555673
328,-5.17,0.24,0.38,55.31,-61.94,-0.31,-5.07,12.45,4.14,-0.37,0.55,0.74,0.13,2555686
329,-5.17,0.24,0.38,55.31,-61.94,-0.31,-5.07,12.45,4.14,-0.39,0.46,0.79,0.09,2555701
330,-5.17,0.24,0.38,55.31,-61.94,-0.31,-5.84,9.43,2.16,-0.39,0.46,0.79,0.09,2555716
331,-5.12,-0.51,1.90,55.31,-61.94,-0.31,-5.84,9.43,2.16,-0.39,0.46,0.79,0.09,2555738
332,-5.12,-0.51,1.90,55.31,-61.94,-0.31,-5.84,9.43,2.16,-0.39,0.36,0.85,0.01,2555753
333,-5.12,-0.51,1.90,55.31,-61.94,-0.31,-6.26,6.10,-0.14,-0.39,0.36,0.85,0.01,2555767
334,-5.12,-0.51,1.90,55.31,-61.94,-0.31,-6.22,4.26,-1.75,-0.39,0.36,0.85,0.01,2555979
335,-3.14,0.19,2.70,55.31,-61.94,-0.31,-6.22,4.26,-1.75,-0.39,0.36,0.85,0.01,2556014
336,-1.01,1.36,0.43,55.31,-61.94,-0.31,-6.22,4.26,-1.75,-0.39,0.36,0.85,0.01,2556028
337,0.50,0.84,-0.20,55.31,-61.94,-0.31,-6.22,4.26,-1.75,-0.39,0.36,0.85,0.01,2556041
338,0.50,0.84,-0.20,55.31,-61.94,-0.31,-6.22,4.26,-1.75,0.41,-0.12,-0.85,0.29,2556055
339,0.50,0.84,-0.20,55.31,-61.94,-0.31,-5.27,3.03,6.29,0.41,-0.12,-0.85,0.29,2556068
340,1.36,1.50,-0.05,55.31,-61.94,-0.31,-5.27,3.03,6.29,0.41,-0.12,-0.85,0.29,2556084
341,1.36,1.50,-0.05,55.31,-61.94,-0.31,-5.27,3.03,6.29,0.44,-0.13,-0.84,0.28,2556096
342,1.36,1.50,-0.05,36.56,-27.56,-120.69,-5.27,3.03,6.29,0.44,-0.13,-0.84,0.28,2556230
343,1.36,1.50,-0.05,36.56,-27.56,-120.69,-8.41,5.48,5.41,0.44,-0.13,-0.84,0.28,2556290
344,-6.04,0.11,1.46,36.56,-27.56,-120.69,-8.41,5.48,5.41,0.44,-0.13,-0.84,0.28,2556319
345,-6.04,0.11,1.46,36.56,-27.56,-120.69,-13.50,2.15,-2.14,0.44,-0.13,-0.84,0.28,2556334
346,-1.91,0.21,0.05,36.56,-27.56,-120.69,-13.50,2.15,-2.14,0.44,-0.13,-0.84,0.28,2556353
347,-1.91,0.21,0.05,48.13,-3.25,-120.00,-13.50,2.15,-2.14,0.44,-0.13,-0.84,0.28,2556370
348,-1.91,0.21,0.05,48.13,-3.25,-120.00,-6.95,0.66,6.37,0.44,-0.13,-0.84,0.28,2556393
349,-0.68,0.69,-0.63,48.13,-3.25,-120.00,-6.95,0.66,6.37,0.44,-0.13,-0.84,0.28,2556411
350,-0.68,0.69,-0.63,48.13,-3.25,-120.00,-7.41,1.08,6.14,0.44,-0.13,-0.84,0.28,2556431
351,-0.12,1.58,-0.82,48.13,-3.25,-120.00,-7.41,1.08,6.14,0.44,-0.13,-0.84,0.28,2556445
352,-0.12,1.58,-0.82,48.13,-3.25,-120.00,-7.41,1.08,6.14,0.46,0.12,-0.76,0.44,2556472
353,-0.12,1.58,-0.82,48.13,-3.25,-120.00,-11.16,2.92,4.07,0.46,0.12,-0.76,0.44,2556488
354,0.68,0.87,-0.35,48.13,-3.25,-120.00,-11.16,2.92,4.07,0.46,0.12,-0.76,0.44,2556503
355,0.68,0.87,-0.35,48.13,-3.25,-120.00,-10.40,2.07,2.38,0.46,0.12,-0.76,0.44,2556516
356,0.00,-0.17,-0.11,48.13,-3.25,-120.00,-10.40,2.07,2.38,0.46,0.12,-0.76,0.44,2556537
357,0.00,-0.17,-0.11,48.13,-3.25,-120.00,-10.40,2.07,2.38,0.51,0.14,-0.74,0.41,2556552
358,0.00,-0.17,-0.11,48.13,-3.25,-120.00,-8.98,2.42,3.76,0.51,0.14,-0.74,0.41,2556567
359,0.00,-0.17,-0.11,48.13,-3.25,-120.00,-8.06,2.00,4.64,0.51,0.14,-0.74,0.41,2556582
360,0.07,0.14,-0.05,48.13,-3.25,-120.00,-8.06,2.00,4.64,0.51,0.14,-0.74,0.41,2556595
361,0.07,0.14,-0.05,48.13,-3.25,-120.00,-8.06,2.00,4.64,0.51,0.14,-0.75,0.41,2556612
362,0.07,0.14,-0.05,48.13,-3.25,-120.00,-8.60,2.07,4.11,0.51,0.14,-0.75,0.41,2556728
363,-0.08,-0.02,0.10,48.13,-3.25,-120.00,-8.60,2.07,4.11,0.51,0.14,-0.75,0.41,2556763
364,-0.08,-0.02,0.10,48.13,-3.25,-120.00,-8.67,2.19,4.07,0.51,0.14,-0.75,0.41,2556779
365,-0.08,-0.02,0.10,48.13,-3.25,-120.00,-8.45,2.19,4.14,0.51,0.14,-0.75,0.41,2556795
366,-0.10,0.11,0.20,48.13,-3.25,-120.00,-8.45,2.19,4.14,0.51,0.14,-0.75,0.41,2556815
367,-0.10,0.11,0.20,48.13,-3.25,-120.00,-8.52,2.30,4.14,0.51,0.14,-0.75,0.41,2556832
368,-0.10,0.11,0.20,48.13,-3.25,-120.00,-8.75,2.34,3.95,0.51,0.14,-0.75,0.41,2556856
369,-0.10,0.01,0.18,48.13,-3.25,-120.00,-8.75,2.34,3.95,0.51,0.14,-0.75,0.41,2556877
370,-0.10,0.01,0.18,48.13,-3.25,-120.00,-8.56,2.34,4.07,0.51,0.14,-0.75,0.41,2556894
371,-0.11,0.00,0.22,48.13,-3.25,-120.00,-8.56,2.34,4.07,0.51,0.14,-0.75,0.41,2556914
372,-0.11,0.00,0.22,48.13,-3.25,-120.00,-8.60,2.54,4.07,0.51,0.14,-0.75,0.41,2556935
373,-0.20,-0.02,0.21,48.13,-3.25,-120.00,-8.60,2.54,4.07,0.51,0.14,-0.75,0.41,2556954
374,-0.20,-0.02,0.21,71.12,3.87,-103.25,-8.60,2.54,4.07,0.51,0.14,-0.75,0.41,2556970
375,-0.20,-0.02,0.21,71.12,3.87,-103.25,-8.48,2.50,4.14,0.51,0.14,-0.75,0.41,2556988
376,-0.24,0.02,0.26,71.12,3.87,-103.25,-8.48,2.50,4.14,0.51,0.14,-0.75,0.41,2557012
377,-0.24,0.02,0.26,71.12,3.87,-103.25,-8.56,2.46,4.03,0.51,0.14,-0.75,0.41,2557028
378,-0.12,0.03,0.38,71.12,3.87,-103.25,-8.56,2.46,4.03,0.51,0.14,-0.75,0.41,2557049
379,-0.12,0.03,0.38,71.12,3.87,-103.25,-8.56,2.46,4.03,0.51,0.14,-0.72,0.45,2557065
380,-0.12,0.03,0.38,71.12,3.87,-103.25,-8.25,2.65,4.26,0.51,0.14,-0.72,0.45,2557079
381,-0.12,0.03,0.38,71.12,3.87,-103.25,-8.45,2.65,4.07,0.51,0.14,-0.72,0.45,2557098
382,0.00,0.10,0.48,71.12,3.87,-103.25,-8.45,2.65,4.07,0.51,0.14,-0.72,0.45,2557123
383,0.00,0.10,0.48,71.12,3.87,-103.25,-8.41,2.73,4.03,0.51,0.14,-0.72,0.45,2557140
384,0.36,0.20,0.71,71.12,3.87,-103.25,-8.41,2.73,4.03,0.51,0.14,-0.72,0.45,2557155
385,0.36,0.20,0.71,71.12,3.87,-103.25,-8.06,2.88,4.37,0.51,0.14,-0.72,0.45,2557179
386,0.36,0.20,0.71,71.12,3.87,-103.25,-8.18,3.03,4.18,0.51,0.14,-0.72,0.45,2557201
387,0.76,0.31,1.12,71.12,3.87,-103.25,-8.18,3.03,4.18,0.51,0.14,-0.72,0.45,2557215
388,0.76,0.31,1.12,71.12,3.87,-103.25,-8.75,3.18,3.99,0.51,0.14,-0.72,0.45,2557231
389,1.39,0.25,2.14,71.12,3.87,-103.25,-8.75,3.18,3.99,0.51,0.14,-0.72,0.45,2557244
390,1.39,0.25,2.14,71.12,3.87,-103.25,-8.75,3.18,3.99,0.55,0.07,-0.67,0.49,2557256
391,1.39,0.25,2.14,71.12,3.87,-103.25,-8.52,3.64,3.88,0.55,0.07,-0.67,0.49,2557269
392,1.39,0.25,2.14,71.12,3.87,-103.25,-8.71,4.03,4.30,0.55,0.07,-0.67,0.49,2557282
393,2.56,0.78,3.88,71.12,3.87,-103.25,-8.71,4.03,4.30,0.55,0.07,-0.67,0.49,2557305
394,2.56,0.78,3.88,71.12,3.87,-103.25,-8.71,4.03,4.30,0.58,0.01,-0.63,0.51,2557365
395,3.03,1.64,5.61,71.12,3.87,-103.25,-8.71,4.03,4.30,0.58,0.01,-0.63,0.51,2557385
396,3.03,1.64,5.61,71.12,3.87,-103.25,-11.63,11.77,3.15,0.58,0.01,-0.63,0.51,2557402
397,2.32,3.66,6.11,71.12,3.87,-103.25,-11.63,11.77,3.15,0.58,0.01,-0.63,0.51,2557420
398,2.32,3.66,6.11,71.12,3.87,-103.25,-28.55,0.04,14.64,0.58,0.01,-0.63,0.51,2557434
399,-3.91,0.75,-2.39,71.12,3.87,-103.25,-28.55,0.04,14.64,0.58,0.01,-0.63,0.51,2557447
400,-3.91,0.75,-2.39,71.12,3.87,-103.25,-28.55,0.04,14.64,0.69,-0.20,-0.32,0.62,2557463
401,-3.91,0.75,-2.39,71.12,3.87,-103.25,-5.46,-0.80,3.27,0.69,-0.20,-0.32,0.62,2557480
402,-4.13,1.36,-2.11,71.12,3.87,-103.25,-5.46,-0.80,3.27,0.69,-0.20,-0.32,0.62,2557494
403,-4.13,1.36,-2.11,71.12,3.87,-103.25,-5.46,-0.80,3.27,0.64,-0.12,-0.36,0.67,2557551
404,-4.13,1.36,-2.11,71.12,3.87,-103.25,-6.34,-1.87,0.24,0.64,-0.12,-0.36,0.67,2557575
405,-4.13,1.36,-2.11,71.12,3.87,-103.25,-7.22,2.27,1.16,0.64,-0.12,-0.36,0.67,2557592
406,-1.98,0.84,-4.71,71.12,3.87,-103.25,-7.22,2.27,1.16,0.64,-0.12,-0.36,0.67,2557615
407,-1.98,0.84,-4.71,71.12,3.87,-103.25,-12.43,5.60,0.81,0.64,-0.12,-0.36,0.67,2557631
408,0.34,1.06,-5.19,71.12,3.87,-103.25,-12.43,5.60,0.81,0.64,-0.12,-0.36,0.67,2557655
409,0.34,1.06,-5.19,71.12,3.87,-103.25,-12.43,5.60,0.81,0.52,0.18,-0.55,0.62,2557673
410,0.47,0.60,-4.58,71.12,3.87,-103.25,-12.43,5.60,0.81,0.52,0.18,-0.55,0.62,2557693
411,0.47,0.60,-4.58,71.12,3.87,-103.25,-12.43,5.60,0.81,0.52,0.25,-0.62,0.53,2557711
412,0.47,0.60,-4.58,71.12,3.87,-103.25,-11.55,17.43,5.98,0.52,0.25,-0.62,0.53,2557728
413,-0.81,0.86,-2.87,71.12,3.87,-103.25,-11.55,17.43,5.98,0.52,0.25,-0.62,0.53,2557749
414,-0.81,0.86,-2.87,71.12,3.87,-103.25,-11.55,17.43,5.98,0.50,0.31,-0.66,0.47,2557773
415,-0.81,0.86,-2.87,71.12,3.87,-103.25,-1.66,21.54,2.69,0.50,0.31,-0.66,0.47,2557790
416,-0.81,0.86,-2.87,71.12,3.87,-103.25,6.69,29.43,3.00,0.50,0.31,-0.66,0.47,2557808
417,-0.81,0.86,-2.87,71.12,3.87,-103.25,-1.05,18.16,1.20,0.50,0.31,-0.66,0.47,2557823
418,-1.82,-2.10,1.05,71.12,3.87,-103.25,-1.05,18.16,1.20,0.50,0.31,-0.66,0.47,2557858
419,-1.82,-2.10,1.05,71.12,3.87,-103.25,-1.05,18.16,1.20,0.50,0.26,-0.66,0.49,2557876
420,-1.82,-2.10,1.05,71.12,3.87,-103.25,-9.40,2.19,1.66,0.50,0.26,-0.66,0.49,2557902
421,0.10,0.04,0.44,71.12,3.87,-103.25,-9.40,2.19,1.66,0.50,0.26,-0.66,0.49,2557923
422,0.10,0.04,0.44,71.12,3.87,-103.25,-9.05,2.34,3.95,0.50,0.26,-0.66,0.49,2557938
423,-0.03,-0.16,0.07,71.12,3.87,-103.25,-9.05,2.34,3.95,0.50,0.26,-0.66,0.49,2557956
424,-0.03,-0.16,0.07,5.19,34.00,-47.75,-9.05,2.34,3.95,0.50,0.26,-0.66,0.49,2557972
425,-0.03,-0.16,0.07,5.19,34.00,-47.75,-8.79,2.11,3.88,0.50,0.26,-0.66,0.49,2557994
426,-0.03,-0.15,0.09,5.19,34.00,-47.75,-8.79,2.11,3.88,0.50,0.26,-0.66,0.49,2558013
427,-0.03,-0.15,0.09,5.19,34.00,-47.75,-8.71,2.19,4.07,0.50,0.26,-0.66,0.49,2558028
428,-0.03,-0.15,0.09,5.19,34.00,-47.75,-8.79,2.15,3.95,0.50,0.26,-0.66,0.49,2558045
429,-0.09,-0.18,0.23,5.19,34.00,-47.75,-8.79,2.15,3.95,0.50,0.26,-0.66,0.49,2558067
430,-0.09,-0.18,0.23,5.19,34.00,-47.75,-8.56,2.23,4.14,0.50,0.26,-0.66,0.49,2558084
431,-0.03,-0.12,0.21,5.19,34.00,-47.75,-8.56,2.23,4.14,0.50,0.26,-0.66,0.49,2558099
432,-0.03,-0.12,0.21,5.19,34.00,-47.75,-8.56,2.23,4.14,0.47,0.24,-0.66,0.53,2558118
433,-0.03,-0.12,0.21,5.19,34.00,-47.75,-8.56,2.38,4.22,0.47,0.24,-0.66,0.53,2558138
434,-0.19,-0.10,0.26,5.19,34.00,-47.75,-8.56,2.38,4.22,0.47,0.24,-0.66,0.53,2558156
435,-0.19,-0.10,0.26,6.37,34.75,-44.44,-8.56,2.38,4.22,0.47,0.24,-0.66,0.53,2558175
436,-0.19,-0.10,0.26,6.37,34.75,-44.44,-8.29,2.34,4.41,0.47,0.24,-0.66,0.53,2558195
437,-0.09,0.08,0.29,6.37,34.75,-44.44,-8.29,2.34,4.41,0.47,0.24,-0.66,0.53,2558212
438,-0.09,0.08,0.29,6.37,34.75,-44.44,-8.45,2.54,4.18,0.47,0.24,-0.66,0.53,2558230
439,-0.01,0.12,0.38,6.37,34.75,-44.44,-8.45,2.54,4.18,0.47,0.24,-0.66,0.53,2558250
440,-0.01,0.12,0.38,6.37,34.75,-44.44,-8.45,2.54,4.18,0.47,0.24,-0.65,0.55,2558279
441,-0.01,0.12,0.38,6.37,34.75,-44.44,-8.33,2.57,4.22,0.47,0.24,-0.65,0.55,2558297
442,0.12,0.22,0.41,6.37,34.75,-44.44,-8.33,2.57,4.22,0.47,0.24,-0.65,0.55,2558315
443,0.12,0.22,0.41,6.37,34.75,-44.44,-8.25,2.88,4.03,0.47,0.24,-0.65,0.55,2558332
444,0.15,0.19,0.50,6.37,34.75,-44.44,-8.25,2.88,4.03,0.47,0.24,-0.65,0.55,2558345
445,0.15,0.19,0.50,6.37,34.75,-44.44,-8.25,2.88,4.03,0.49,0.23,-0.63,0.56,2558357
446,0.15,0.19,0.50,6.37,34.75,-44.44,-8.37,2.80,3.88,0.49,0.23,-0.63,0.56,2558393
447,0.15,0.19,0.50,6.37,34.75,-44.44,-8.18,2.84,4.22,0.49,0.23,-0.63,0.56,2558412
448,0.15,0.19,0.50,6.37,34.75,-44.44,-8.56,3.14,3.84,0.49,0.23,-0.63,0.56,2558430
449,0.91,0.16,1.53,6.37,34.75,-44.44,-8.56,3.14,3.84,0.49,0.23,-0.63,0.56,2558442
450,0.91,0.16,1.53,6.37,34.75,-44.44,-8.56,3.14,3.84,0.52,0.19,-0.61,0.57,2558479
451,0.91,0.16,1.53,6.37,34.75,-44.44,-9.17,3.49,3.61,0.52,0.19,-0.61,0.57,2558498
452,0.91,0.16,1.53,6.37,34.75,-44.44,-9.17,3.80,3.95,0.52,0.19,-0.61,0.57,2558517
453,0.91,0.16,1.53,6.37,34.75,-44.44,-10.93,4.79,4.53,0.52,0.19,-0.61,0.57,2558530
454,2.88,0.49,6.18,6.37,34.75,-44.44,-10.93,4.79,4.53,0.52,0.19,-0.61,0.57,2558547
455,2.88,0.49,6.18,6.37,34.75,-44.44,-10.93,4.79,4.53,0.60,0.04,-0.51,0.62,2558565
456,2.88,0.49,6.18,6.37,34.75,-44.44,-12.66,11.96,4.95,0.60,0.04,-0.51,0.62,2558578
457,2.49,2.89,6.53,6.37,34.75,-44.44,-12.66,11.96,4.95,0.60,0.04,-0.51,0.62,2558590
458,2.49,2.89,6.53,6.37,34.75,-44.44,-12.66,11.96,4.95,0.66,-0.07,-0.38,0.65,2558603
459,2.49,2.89,6.53,51.19,9.69,-47.38,-12.66,11.96,4.95,0.66,-0.07,-0.38,0.65,2558617
460,2.49,2.89,6.53,51.19,9.69,-47.38,-16.22,11.54,4.30,0.66,-0.07,-0.38,0.65,2558676
461,-2.70,-0.45,-1.64,51.19,9.69,-47.38,-16.22,11.54,4.30,0.66,-0.07,-0.38,0.65,2558695
462,-2.67,0.31,-1.41,51.19,9.69,-47.38,-16.22,11.54,4.30,0.66,-0.07,-0.38,0.65,2558714
463,-2.67,0.31,-1.41,51.19,9.69,-47.38,-9.63,-2.95,-0.07,0.66,-0.07,-0.38,0.65,2558731
464,-2.67,0.31,-1.41,51.19,9.69,-47.38,-9.82,-0.95,-0.34,0.66,-0.07,-0.38,0.65,2558758
465,-2.00,0.08,-4.09,51.19,9.69,-47.38,-9.82,-0.95,-0.34,0.66,-0.07,-0.38,0.65,2558773
466,-2.00,0.08,-4.09,51.19,9.69,-47.38,-8.10,3.57,0.77,0.66,-0.07,-0.38,0.65,2558788
467,-1.91,0.66,-4.72,51.19,9.69,-47.38,-8.10,3.57,0.77,0.66,-0.07,-0.38,0.65,2558800
468,-1.91,0.66,-4.72,51.19,9.69,-47.38,-8.10,3.57,0.77,0.55,0.09,-0.44,0.71,2558818
469,-1.91,0.66,-4.72,51.19,9.69,-47.38,-12.16,6.82,-1.45,0.55,0.09,-0.44,0.71,2558833
470,0.25,0.61,-5.01,51.19,9.69,-47.38,-12.16,6.82,-1.45,0.55,0.09,-0.44,0.71,2558881
471,0.25,0.61,-5.01,51.19,9.69,-47.38,-12.16,6.82,-1.45,0.52,0.18,-0.52,0.66,2558902
472,1.37,0.78,-4.84,51.19,9.69,-47.38,-12.16,6.82,-1.45,0.52,0.18,-0.52,0.66,2558926
473,1.37,0.78,-4.84,51.19,9.69,-47.38,-13.54,16.55,7.94,0.52,0.18,-0.52,0.66,2558945
474,-0.56,-0.34,-3.59,51.19,9.69,-47.38,-13.54,16.55,7.94,0.52,0.18,-0.52,0.66,2558963
475,-0.56,-0.34,-3.59,51.19,9.69,-47.38,-2.51,22.03,2.69,0.52,0.18,-0.52,0.66,2558984
476,0.35,0.34,0.45,51.19,9.69,-47.38,-2.51,22.03,2.69,0.52,0.18,-0.52,0.66,2559009
477,0.35,0.34,0.45,51.19,9.69,-47.38,-2.51,22.03,2.69,0.50,0.32,-0.65,0.48,2559027
478,0.35,0.34,0.45,51.19,9.69,-47.38,4.16,25.55,1.73,0.50,0.32,-0.65,0.48,2559043
479,1.83,-3.62,0.33,51.19,9.69,-47.38,4.16,25.55,1.73,0.50,0.32,-0.65,0.48,2559059
480,1.83,-3.62,0.33,51.19,9.69,-47.38,-22.89,7.13,12.38,0.50,0.32,-0.65,0.48,2559071
481,1.83,-3.62,0.33,51.19,9.69,-47.38,-8.83,2.76,2.65,0.50,0.32,-0.65,0.48,2559098
482,0.22,-0.33,0.23,51.19,9.69,-47.38,-8.83,2.76,2.65,0.50,0.32,-0.65,0.48,2559130
483,0.22,-0.33,0.23,51.19,9.69,-47.38,-9.02,2.46,3.65,0.50,0.32,-0.65,0.48,2559146
484,-0.01,-0.11,0.00,51.19,9.69,-47.38,-9.02,2.46,3.65,0.50,0.32,-0.65,0.48,2559169
485,-0.01,-0.11,0.00,51.19,9.69,-47.38,-9.05,2.46,3.69,0.50,0.32,-0.65,0.48,2559187
486,-0.01,-0.11,0.00,51.19,9.69,-47.38,-8.60,2.19,3.84,0.50,0.32,-0.65,0.48,2559207
487,-0.08,-0.20,0.03,51.19,9.69,-47.38,-8.60,2.19,3.84,0.50,0.32,-0.65,0.48,2559229
488,-0.08,-0.20,0.03,51.19,9.69,-47.38,-8.48,2.19,4.11,0.50,0.32,-0.65,0.48,2559247
489,-0.06,-0.08,0.10,51.19,9.69,-47.38,-8.48,2.19,4.11,0.50,0.32,-0.65,0.48,2559265
490,-0.06,-0.08,0.10,51.19,9.69,-47.38,-8.86,2.27,3.88,0.50,0.32,-0.65,0.48,2559283
491,-0.05,-0.15,0.17,51.19,9.69,-47.38,-8.86,2.27,3.88,0.50,0.32,-0.65,0.48,2559306
492,-0.05,-0.15,0.17,51.19,9.69,-47.38,-8.86,2.27,3.88,0.48,0.24,-0.65,0.53,2559326
493,-0.05,-0.15,0.17,51.19,9.69,-47.38,-8.64,2.27,3.95,0.48,0.24,-0.65,0.53,2559345
494,-0.04,-0.11,0.16,51.19,9.69,-47.38,-8.64,2.27,3.95,0.48,0.24,-0.65,0.53,2559364
495,-0.04,-0.11,0.16,51.19,9.69,-47.38,-8.48,2.46,4.11,0.48,0.24,-0.65,0.53,2559379
496,-0.03,-0.08,0.14,51.19,9.69,-47.38,-8.48,2.46,4.11,0.48,0.24,-0.65,0.53,2559395
497,-0.03,-0.08,0.14,51.19,9.69,-47.38,-8.48,2.46,4.11,0.48,0.24,-0.65,0.54,2559410
498,-0.03,-0.08,0.14,51.19,9.69,-47.38,-8.45,2.34,4.11,0.48,0.24,-0.65,0.54,2559426
499,-0.03,-0.08,0.14,51.19,9.69,-47.38,-8.48,2.50,4.14,0.48,0.24,-0.65,0.54,2559441
500,-0.12,-0.04,0.18,51.19,9.69,-47.38,-8.48,2.50,4.14,0.48,0.24,-0.65,0.54,2559457
501,-0.12,-0.04,0.18,17.50,27.87,45.56,-8.48,2.50,4.14,0.48,0.24,-0.65,0.54,2559474
502,-0.12,-0.04,0.18,17.50,27.87,45.56,-8.41,2.57,4.26,0.48,0.24,-0.65,0.54,2559489
503,-0.08,0.05,0.17,17.50,27.87,45.56,-8.41,2.57,4.26,0.48,0.24,-0.65,0.54,2559505
504,-0.08,0.05,0.17,17.50,27.87,45.56,-8.41,2.57,4.26,0.48,0.23,-0.64,0.55,2559521
505,-0.08,0.05,0.17,17.50,27.87,45.56,-8.52,2.46,4.11,0.48,0.23,-0.64,0.55,2559537
506,-0.03,0.08,0.32,17.50,27.87,45.56,-8.52,2.46,4.11,0.48,0.23,-0.64,0.55,2559553
507,-0.03,0.08,0.32,17.50,27.87,45.56,-8.52,2.46,4.11,0.48,0.23,-0.64,0.55,2560560
508,-0.03,0.08,0.32,17.50,27.87,45.56,-8.56,2.54,4.11,0.48,0.23,-0.64,0.55,2561572
509,-0.03,0.08,0.32,17.50,27.87,45.56,-8.60,2.27,4.22,0.48,0.23,-0.64,0.55,2562566
510,0.16,0.06,0.23,17.50,27.87,45.56,-8.60,2.27,4.22,0.48,0.23,-0.64,0.55,2562984
511,0.16,0.06,0.23,17.50,27.87,45.56,-7.14,6.29,2.16,0.48,0.23,-0.64,0.55,2563003
512,-0.19,1.43,2.00,17.50,27.87,45.56,-7.14,6.29,2.16,0.48,0.23,-0.64,0.55,2563023
513,-0.19,1.43,2.00,17.50,27.87,45.56,-7.60,8.66,-0.07,0.48,0.23,-0.64,0.55,2563040
514,-0.19,1.43,2.00,17.50,27.87,45.56,-8.67,8.78,2.42,0.48,0.23,-0.64,0.55,2563061
515,-0.80,0.80,1.84,17.50,27.87,45.56,-8.67,8.78,2.42,0.48,0.23,-0.64,0.55,2563083
516,-0.80,0.80,1.84,17.50,27.87,45.56,-7.26,7.21,0.62,0.48,0.23,-0.64,0.55,2563103
517,-0.80,0.80,1.84,17.50,27.87,45.56,-7.56,5.64,-1.02,0.48,0.23,-0.64,0.55,2563125
518,-0.80,0.80,1.84,17.50,27.87,45.56,-9.55,5.14,-2.02,0.48,0.23,-0.64,0.55,2563140
519,-1.28,1.85,0.78,17.50,27.87,45.56,-9.55,5.14,-2.02,0.48,0.23,-0.64,0.55,2563158
520,-1.28,1.85,0.78,17.50,27.87,45.56,-9.55,5.14,-2.02,0.61,0.11,-0.33,0.71,2563175
521,-1.28,1.85,0.78,17.50,27.87,45.56,-9.52,4.33,-2.14,0.61,0.11,-0.33,0.71,2563194
522,-1.81,1.87,0.17,17.50,27.87,45.56,-9.52,4.33,-2.14,0.61,0.11,-0.33,0.71,2563220
523,-1.81,1.87,0.17,17.50,27.87,45.56,-9.52,4.33,-2.14,0.60,0.14,-0.29,0.73,2563239
524,-1.81,1.87,0.17,17.50,27.87,45.56,-7.64,4.49,-1.91,0.60,0.14,-0.29,0.73,2563262
525,-2.57,2.17,-0.23,17.50,27.87,45.56,-7.64,4.49,-1.91,0.60,0.14,-0.29,0.73,2563278
526,-2.57,2.17,-0.23,17.50,27.87,45.56,-8.71,5.33,1.70,0.60,0.14,-0.29,0.73,2563303
527,-3.84,1.70,-0.22,17.50,27.87,45.56,-8.71,5.33,1.70,0.60,0.14,-0.29,0.73,2563322
528,-3.84,1.70,-0.22,17.50,27.87,45.56,-7.22,4.95,0.24,0.60,0.14,-0.29,0.73,2563337
529,-3.74,2.23,0.53,17.50,27.87,45.56,-7.22,4.95,0.24,0.60,0.14,-0.29,0.73,2563354
530,-3.74,2.23,0.53,17.50,27.87,45.56,-7.22,4.95,0.24,0.45,0.31,-0.16,0.82,2563378
531,-3.74,2.23,0.53,17.50,27.87,45.56,-8.83,4.52,0.81,0.45,0.31,-0.16,0.82,2563394
532,-3.36,2.26,0.52,17.50,27.87,45.56,-8.83,4.52,0.81,0.45,0.31,-0.16,0.82,2563410
533,-3.36,2.26,0.52,17.50,27.87,45.56,-8.83,4.52,0.81,0.39,0.37,-0.09,0.84,2563430
534,-3.36,2.26,0.52,17.50,27.87,45.56,-6.03,4.60,1.46,0.39,0.37,-0.09,0.84,2563447
535,-3.36,2.26,0.52,17.50,27.87,45.56,-6.68,4.37,1.39,0.39,0.37,-0.09,0.84,2563465
536,-2.71,2.46,1.37,17.50,27.87,45.56,-6.68,4.37,1.39,0.39,0.37,-0.09,0.84,2563489
537,-2.71,2.46,1.37,17.50,27.87,45.56,-6.68,3.49,1.12,0.39,0.37,-0.09,0.84,2563517
538,-4.87,1.87,-0.49,17.50,27.87,45.56,-6.68,3.49,1.12,0.39,0.37,-0.09,0.84,2563535
539,-4.87,1.87,-0.49,17.50,27.87,45.56,-9.17,0.85,8.97,0.39,0.37,-0.09,0.84,2563552
540,-2.73,0.08,-1.50,17.50,27.87,45.56,-9.17,0.85,8.97,0.39,0.37,-0.09,0.84,2563570
541,-2.73,0.08,-1.50,17.50,27.87,45.56,-4.92,-1.57,10.09,0.39,0.37,-0.09,0.84,2563592
542,-0.08,2.12,-1.95,17.50,27.87,45.56,-4.92,-1.57,10.09,0.39,0.37,-0.09,0.84,2563606
543,-0.08,2.12,-1.95,17.50,27.87,45.56,-4.92,-1.57,10.09,0.15,0.50,0.07,0.85,2563624
544,-0.08,2.12,-1.95,17.50,27.87,45.56,-9.25,2.57,5.83,0.15,0.50,0.07,0.85,2563638
545,-0.08,2.12,-1.95,17.50,27.87,45.56,-11.78,3.72,1.62,0.15,0.50,0.07,0.85,2563650
546,-0.03,-0.24,-0.96,17.50,27.87,45.56,-11.78,3.72,1.62,0.15,0.50,0.07,0.85,2563665
547,-0.03,-0.24,-0.96,-43.44,31.31,8.44,-11.78,3.72,1.62,0.15,0.50,0.07,0.85,2563679
548,-0.03,-0.24,-0.96,-43.44,31.31,8.44,-10.66,2.69,2.38,0.15,0.50,0.07,0.85,2563693
549,-0.03,-0.24,-0.96,-43.44,31.31,8.44,-7.83,1.80,4.57,0.15,0.50,0.07,0.85,2563707
550,0.64,-0.25,-0.72,-43.44,31.31,8.44,-7.83,1.80,4.57,0.15,0.50,0.07,0.85,2563733
551,0.64,-0.25,-0.72,-43.44,31.31,8.44,-8.25,1.92,4.45,0.15,0.50,0.07,0.85,2563748
552,0.34,0.10,-0.43,-43.44,31.31,8.44,-8.25,1.92,4.45,0.15,0.50,0.07,0.85,2563761
553,0.34,0.10,-0.43,-43.44,31.31,8.44,-8.25,1.92,4.45,0.13,0.52,-0.00,0.85,2563776
554,0.34,0.10,-0.43,-43.44,31.31,8.44,-8.48,1.92,4.11,0.13,0.52,-0.00,0.85,2564380
555,0.12,0.03,-0.10,-43.44,31.31,8.44,-8.48,1.92,4.11,0.13,0.52,-0.00,0.85,2564409
556,0.12,0.03,-0.10,-43.44,31.31,8.44,-9.13,2.76,2.65,0.13,0.52,-0.00,0.85,2564423
557,0.12,0.03,-0.10,-43.44,31.31,8.44,-8.98,2.73,2.92,0.13,0.52,-0.00,0.85,2564438
558,-0.13,-0.04,0.25,-43.44,31.31,8.44,-8.98,2.73,2.92,0.13,0.52,-0.00,0.85,2564458
559,-0.13,-0.04,0.25,-43.44,31.31,8.44,-8.98,2.73,2.92,0.16,0.56,0.01,0.81,2564471
560,-0.13,-0.04,0.25,-43.44,31.31,8.44,-8.90,2.73,2.88,0.16,0.56,0.01,0.81,2564483
561,-0.13,-0.04,0.25,-43.44,31.31,8.44,-8.67,2.73,3.07,0.16,0.56,0.01,0.81,2564498
562,0.14,0.29,0.19,-43.44,31.31,8.44,-8.67,2.73,3.07,0.16,0.56,0.01,0.81,2564512
563,0.14,0.29,0.19,-43.44,31.31,8.44,-8.67,2.73,3.07,0.16,0.56,0.02,0.81,2564527
564,0.14,0.29,0.19,-43.44,31.31,8.44,-8.48,2.76,3.34,0.16,0.56,0.02,0.81,2564544
565,0.37,0.93,0.25,-43.44,31.31,8.44,-8.48,2.76,3.34,0.16,0.56,0.02,0.81,2564567
566,0.37,0.93,0.25,-43.44,31.31,8.44,-8.48,2.76,3.34,0.17,0.57,0.02,0.80,2564582
567,0.37,0.93,0.25,-43.44,31.31,8.44,-9.05,2.11,2.16,0.17,0.57,0.02,0.80,2564596
568,0.54,1.32,1.83,-43.44,31.31,8.44,-9.05,2.11,2.16,0.17,0.57,0.02,0.80,2564610
569,0.54,1.32,1.83,-43.44,31.31,8.44,-9.05,2.11,2.16,0.19,0.60,0.04,0.78,2564785
570,0.54,1.32,1.83,-43.44,31.31,8.44,-10.02,3.07,2.31,0.19,0.60,0.04,0.78,2564804
571,-8.19,0.75,-0.91,-43.44,31.31,8.44,-10.02,3.07,2.31,0.19,0.60,0.04,0.78,2564972
572,-8.19,0.75,-0.91,-43.44,31.31,8.44,-14.61,5.98,15.33,0.19,0.60,0.04,0.78,2564994
573,-0.88,-0.13,-3.55,-43.44,31.31,8.44,-14.61,5.98,15.33,0.19,0.60,0.04,0.78,2565046
574,-0.88,-0.13,-3.55,-43.44,31.31,8.44,-14.61,5.98,15.33,-0.13,0.57,0.57,0.58,2565062
575,-0.23,-0.35,-3.36,-43.44,31.31,8.44,-14.61,5.98,15.33,-0.13,0.57,0.57,0.58,2565077
576,-0.23,-0.35,-3.36,-43.44,31.31,8.44,-11.55,5.33,3.34,-0.13,0.57,0.57,0.58,2565090
577,-0.23,-0.35,-3.36,-43.44,31.31,8.44,-11.78,8.20,4.41,-0.13,0.57,0.57,0.58,2565105
578,0.05,0.07,-3.27,-43.44,31.31,8.44,-11.78,8.20,4.41,-0.13,0.57,0.57,0.58,2565141
579,0.05,0.07,-3.27,-43.44,31.31,8.44,-8.10,11.27,5.26,-0.13,0.57,0.57,0.58,2565168
580,-1.35,-0.12,-1.54,-43.44,31.31,8.44,-8.10,11.27,5.26,-0.13,0.57,0.57,0.58,2565184
581,-1.35,-0.12,-1.54,-43.44,31.31,8.44,-0.97,18.62,1.93,-0.13,0.57,0.57,0.58,2565198
582,-0.80,0.02,0.99,-43.44,31.31,8.44,-0.97,18.62,1.93,-0.13,0.57,0.57,0.58,2565215
583,-0.80,0.02,0.99,-43.44,31.31,8.44,-0.97,18.62,1.93,-0.30,0.49,0.44,0.69,2565230
584,-0.80,0.02,0.99,-43.44,31.31,8.44,1.32,20.04,-3.09,-0.30,0.49,0.44,0.69,2565244
585,2.23,-0.48,1.17,-43.44,31.31,8.44,1.32,20.04,-3.09,-0.30,0.49,0.44,0.69,2565259
586,2.23,-0.48,1.17,-43.44,31.31,8.44,1.32,20.04,-3.09,-0.27,0.51,0.46,0.68,2565274
587,2.23,-0.48,1.17,-43.44,31.31,8.44,-14.46,6.40,10.73,-0.27,0.51,0.46,0.68,2565291
588,-0.30,-0.52,0.37,-43.44,31.31,8.44,-14.46,6.40,10.73,-0.27,0.51,0.46,0.68,2565304
589,-0.30,-0.52,0.37,-43.44,31.31,8.44,-14.46,6.40,10.73,-0.23,0.50,0.48,0.68,2565807
590,-0.30,-0.52,0.37,-38.94,-13.25,17.56,-14.46,6.40,10.73,-0.23,0.50,0.48,0.68,2565831
591,-0.30,-0.52,0.37,-38.94,-13.25,17.56,-8.45,2.42,4.22,-0.23,0.50,0.48,0.68,2565845
592,-0.10,0.04,0.34,-38.94,-13.25,17.56,-8.45,2.42,4.22,-0.23,0.50,0.48,0.68,2565860
593,-0.10,0.04,0.34,-38.94,-13.25,17.56,-8.45,2.42,4.22,-0.21,0.49,0.52,0.67,2565875
594,-0.10,0.04,0.34,-38.94,-13.25,17.56,-8.48,2.46,4.26,-0.21,0.49,0.52,0.67,2565925
595,-0.10,0.04,0.34,-38.94,-13.25,17.56,-8.45,2.46,4.22,-0.21,0.49,0.52,0.67,2565973
596,-0.10,0.04,0.34,-38.94,-13.25,17.56,-8.45,2.46,4.18,-0.21,0.49,0.52,0.67,2565996
597,-0.10,0.04,0.34,-38.94,-13.25,17.56,-8.94,2.88,4.45,-0.21,0.49,0.52,0.67,2566016
598,1.81,0.32,2.74,-38.94,-13.25,17.56,-8.94,2.88,4.45,-0.21,0.49,0.52,0.67,2566032
599,1.81,0.32,2.74,-38.94,-13.25,17.56,-9.94,3.53,3.95,-0.21,0.49,0.52,0.67,2566046
600,1.81,0.32,2.74,-38.94,-13.25,17.56,-11.70,5.21,3.76,-0.21,0.49,0.52,0.67,2566065
601,2.53,-0.37,5.40,-38.94,-13.25,17.56,-11.70,5.21,3.76,-0.21,0.49,0.52,0.67,2566124
602,2.53,-0.37,5.40,-38.94,-13.25,17.56,-11.97,7.63,5.68,-0.21,0.49,0.52,0.67,2566143
603,2.53,-0.37,5.40,-38.94,-13.25,17.56,-12.62,8.13,2.57,-0.21,0.49,0.52,0.67,2566157
604,1.18,1.94,4.15,-38.94,-13.25,17.56,-12.62,8.13,2.57,-0.21,0.49,0.52,0.67,2566176
605,1.18,1.94,4.15,-38.94,-13.25,17.56,-26.91,-1.34,12.23,-0.21,0.49,0.52,0.67,2566190
606,-2.60,0.22,-1.38,-38.94,-13.25,17.56,-26.91,-1.34,12.23,-0.21,0.49,0.52,0.67,2566211
607,-2.60,0.22,-1.38,-38.94,-13.25,17.56,-26.91,-1.34,12.23,0.13,0.64,0.68,0.33,2566227
608,-2.60,0.22,-1.38,-38.94,-13.25,17.56,-4.15,-3.48,0.20,0.13,0.64,0.68,0.33,2566241
609,-2.60,0.22,-1.38,-38.94,-13.25,17.56,-8.06,-2.87,0.32,0.13,0.64,0.68,0.33,2566303
610,-1.90,0.20,-3.26,-38.94,-13.25,17.56,-8.06,-2.87,0.32,0.13,0.64,0.68,0.33,2566329
611,-2.23,1.22,-4.69,-38.94,-13.25,17.56,-8.06,-2.87,0.32,0.13,0.64,0.68,0.33,2566352
612,-2.23,1.22,-4.69,-38.94,-13.25,17.56,-11.36,6.52,4.61,0.13,0.64,0.68,0.33,2566367
613,-1.76,0.10,-4.90,-38.94,-13.25,17.56,-11.36,6.52,4.61,0.13,0.64,0.68,0.33,2566382
614,-1.76,0.10,-4.90,-38.94,-13.25,17.56,-11.47,6.90,0.85,0.13,0.64,0.68,0.33,2566396
615,-1.76,0.10,-4.90,-38.94,-13.25,17.56,-13.77,7.21,1.58,0.13,0.64,0.68,0.33,2566410
616,0.58,1.18,-5.07,-38.94,-13.25,17.56,-13.77,7.21,1.58,0.13,0.64,0.68,0.33,2566425
617,0.58,1.18,-5.07,-38.94,-13.25,17.56,-14.34,12.34,6.98,0.13,0.64,0.68,0.33,2566440
618,-0.34,0.40,-4.26,-38.94,-13.25,17.56,-14.34,12.34,6.98,0.13,0.64,0.68,0.33,2566457
619,-0.34,0.40,-4.26,-38.94,-13.25,17.56,-14.34,12.34,6.98,-0.29,0.51,0.51,0.62,2566506
620,-0.34,0.40,-4.26,82.06,-38.25,42.50,-14.34,12.34,6.98,-0.29,0.51,0.51,0.62,2566528
621,-0.34,0.40,-4.26,82.06,-38.25,42.50,-3.04,17.74,2.27,-0.29,0.51,0.51,0.62,2566545
622,0.82,-1.00,2.87,82.06,-38.25,42.50,-3.04,17.74,2.27,-0.29,0.51,0.51,0.62,2566559
623,0.82,-1.00,2.87,82.06,-38.25,42.50,-3.04,17.74,2.27,-0.32,0.50,0.47,0.64,2566575
624,0.82,-1.00,2.87,82.06,-38.25,42.50,7.30,26.13,-2.63,-0.32,0.50,0.47,0.64,2566590
625,0.82,-1.00,2.87,82.06,-38.25,42.50,-18.14,4.22,11.77,-0.32,0.50,0.47,0.64,2566604
626,-0.84,-0.54,1.60,82.06,-38.25,42.50,-18.14,4.22,11.77,-0.32,0.50,0.47,0.64,2566619
627,-0.84,-0.54,1.60,82.06,-38.25,42.50,-18.14,4.22,11.77,-0.26,0.50,0.50,0.66,2566632
628,-0.84,-0.54,1.60,82.06,-38.25,42.50,-12.93,6.86,7.02,-0.26,0.50,0.50,0.66,2567077
629,0.28,-0.64,0.41,82.06,-38.25,42.50,-12.93,6.86,7.02,-0.26,0.50,0.50,0.66,2567102
630,0.28,-0.64,0.41,82.06,-38.25,42.50,-8.41,2.46,4.26,-0.26,0.50,0.50,0.66,2567124
631,-0.19,-0.07,0.20,82.06,-38.25,42.50,-8.41,2.46,4.26,-0.26,0.50,0.50,0.66,2567147
632,-0.19,-0.07,0.20,82.06,-38.25,42.50,-8.41,2.54,4.34,-0.26,0.50,0.50,0.66,2567164
633,-0.21,-0.00,0.33,82.06,-38.25,42.50,-8.41,2.54,4.34,-0.26,0.50,0.50,0.66,2567190
634,-0.21,-0.00,0.33,82.06,-38.25,42.50,-8.33,2.54,4.37,-0.26,0.50,0.50,0.66,2567205
635,-0.21,-0.00,0.33,82.06,-38.25,42.50,-8.33,2.42,4.45,-0.26,0.50,0.50,0.66,2567221
636,0.16,0.31,0.70,82.06,-38.25,42.50,-8.33,2.42,4.45,-0.26,0.50,0.50,0.66,2567236
637,0.16,0.31,0.70,82.06,-38.25,42.50,-8.75,2.73,4.18,-0.26,0.50,0.50,0.66,2567357
638,0.63,0.27,1.41,82.06,-38.25,42.50,-8.75,2.73,4.18,-0.26,0.50,0.50,0.66,2567379
639,2.07,-0.68,4.70,82.06,-38.25,42.50,-8.75,2.73,4.18,-0.26,0.50,0.50,0.66,2567396
640,2.07,-0.68,4.70,82.06,-38.25,42.50,-10.89,7.21,5.91,-0.26,0.50,0.50,0.66,2567414
641,2.45,0.43,5.55,82.06,-38.25,42.50,-10.89,7.21,5.91,-0.26,0.50,0.50,0.66,2567432
642,2.45,0.43,5.55,82.06,-38.25,42.50,-11.59,11.07,5.60,-0.26,0.50,0.50,0.66,2567446
643,2.45,0.43,5.55,82.06,-38.25,42.50,-18.67,-1.34,8.89,-0.26,0.50,0.50,0.66,2567466
644,-1.23,0.56,0.08,82.06,-38.25,42.50,-18.67,-1.34,8.89,-0.26,0.50,0.50,0.66,2567488
645,-1.23,0.56,0.08,82.06,-38.25,42.50,-11.36,-2.71,3.57,-0.26,0.50,0.50,0.66,2567527
646,-1.60,0.42,-1.17,82.06,-38.25,42.50,-11.36,-2.71,3.57,-0.26,0.50,0.50,0.66,2567544
647,-1.60,0.42,-1.17,82.06,-38.25,42.50,-9.86,-1.11,1.73,-0.26,0.50,0.50,0.66,2567564
648,-2.17,0.71,-3.09,82.06,-38.25,42.50,-9.86,-1.11,1.73,-0.26,0.50,0.50,0.66,2567585
649,-2.17,0.71,-3.09,82.06,-38.25,42.50,-6.37,2.69,2.23,-0.26,0.50,0.50,0.66,2567602
650,-2.15,0.92,-3.34,82.06,-38.25,42.50,-6.37,2.69,2.23,-0.26,0.50,0.50,0.66,2567620
651,-2.15,0.92,-3.34,82.06,-38.25,42.50,-6.37,2.69,2.23,-0.07,0.53,0.70,0.48,2567638
652,-2.15,0.92,-3.34,82.06,-38.25,42.50,-9.63,6.21,1.54,-0.07,0.53,0.70,0.48,2567652
653,-0.46,1.18,-3.66,82.06,-38.25,42.50,-9.63,6.21,1.54,-0.07,0.53,0.70,0.48,2567666
654,-0.46,1.18,-3.66,82.06,-38.25,42.50,-9.63,6.21,1.54,-0.15,0.51,0.67,0.52,2567681
655,-0.46,1.18,-3.66,82.06,-38.25,42.50,-11.09,6.17,2.88,-0.15,0.51,0.67,0.52,2567695
656,-0.46,1.18,-3.66,82.06,-38.25,42.50,-11.16,7.48,5.22,-0.15,0.51,0.67,0.52,2567710
657,0.08,1.15,-3.54,82.06,-38.25,42.50,-11.16,7.48,5.22,-0.15,0.51,0.67,0.52,2567740
658,0.08,1.15,-3.54,77.62,-47.94,-2.62,-11.16,7.48,5.22,-0.15,0.51,0.67,0.52,2567838
659,-0.36,0.75,-3.37,77.62,-47.94,-2.62,-11.16,7.48,5.22,-0.15,0.51,0.67,0.52,2567884
660,-0.46,-0.11,0.62,77.62,-47.94,-2.62,-11.16,7.48,5.22,-0.15,0.51,0.67,0.52,2567904
661,-0.46,-0.11,0.62,77.62,-47.94,-2.62,-2.58,12.53,1.89,-0.15,0.51,0.67,0.52,2567918
662,2.51,-2.15,1.43,77.62,-47.94,-2.62,-2.58,12.53,1.89,-0.15,0.51,0.67,0.52,2567939
663,2.51,-2.15,1.43,77.62,-47.94,-2.62,-12.23,4.22,12.73,-0.15,0.51,0.67,0.52,2567952
664,-0.60,-0.85,0.31,77.62,-47.94,-2.62,-12.23,4.22,12.73,-0.15,0.51,0.67,0.52,2567965
665,-0.60,-0.85,0.31,77.62,-47.94,-2.62,-12.23,4.22,12.73,-0.27,0.47,0.57,0.62,2567981
666,-0.60,-0.85,0.31,77.62,-47.94,-2.62,-7.83,2.00,4.84,-0.27,0.47,0.57,0.62,2567997
667,-0.02,0.04,0.10,77.62,-47.94,-2.62,-7.83,2.00,4.84,-0.27,0.47,0.57,0.62,2568013
668,-0.02,0.04,0.10,77.62,-47.94,-2.62,-7.83,2.00,4.84,-0.27,0.47,0.57,0.62,2568359
669,-0.02,0.04,0.10,77.62,-47.94,-2.62,-8.98,2.50,3.80,-0.27,0.47,0.57,0.62,2568396
670,-0.10,-0.11,0.24,77.62,-47.94,-2.62,-8.98,2.50,3.80,-0.27,0.47,0.57,0.62,2568410
671,-0.10,-0.11,0.24,77.62,-47.94,-2.62,-8.18,2.54,4.64,-0.27,0.47,0.57,0.62,2568437
672,-0.10,-0.11,0.24,114.50,-40.69,-26.81,-8.18,2.54,4.64,-0.27,0.47,0.57,0.62,2568459
673,-0.10,-0.11,0.24,114.50,-40.69,-26.81,-7.95,2.76,4.80,-0.27,0.47,0.57,0.62,2568474
674,0.04,0.07,0.33,114.50,-40.69,-26.81,-7.95,2.76,4.80,-0.27,0.47,0.57,0.62,2568496
675,0.04,0.07,0.33,114.50,-40.69,-26.81,-8.18,2.99,4.37,-0.27,0.47,0.57,0.62,2568512
676,0.00,-0.10,0.45,114.50,-40.69,-26.81,-8.18,2.99,4.37,-0.27,0.47,0.57,0.62,2568528
677,0.00,-0.10,0.45,111.37,-42.88,-27.62,-8.18,2.99,4.37,-0.27,0.47,0.57,0.62,2568543
678,0.00,-0.10,0.45,111.37,-42.88,-27.62,-8.02,2.88,4.68,-0.27,0.47,0.57,0.62,2568557
679,0.23,0.00,0.74,111.37,-42.88,-27.62,-8.02,2.88,4.68,-0.27,0.47,0.57,0.62,2568577
680,0.23,0.00,0.74,111.37,-42.88,-27.62,-8.02,2.88,4.68,-0.22,0.47,0.63,0.59,2568598
681,0.23,0.00,0.74,111.37,-42.88,-27.62,-8.06,3.41,4.72,-0.22,0.47,0.63,0.59,2568620
682,0.53,-0.11,1.09,111.37,-42.88,-27.62,-8.06,3.41,4.72,-0.22,0.47,0.63,0.59,2568642
683,0.53,-0.11,1.09,111.37,-42.88,-27.62,-7.91,3.84,4.61,-0.22,0.47,0.63,0.59,2568659
684,0.90,0.10,1.64,111.37,-42.88,-27.62,-7.91,3.84,4.61,-0.22,0.47,0.63,0.59,2568674
685,0.90,0.10,1.64,111.37,-42.88,-27.62,-7.91,3.84,4.61,-0.17,0.50,0.64,0.56,2568690
686,0.90,0.10,1.64,111.37,-42.88,-27.62,-7.87,4.22,5.18,-0.17,0.50,0.64,0.56,2568714
687,1.44,0.33,2.63,111.37,-42.88,-27.62,-7.87,4.22,5.18,-0.17,0.50,0.64,0.56,2568734
688,1.44,0.33,2.63,111.37,-42.88,-27.62,-8.45,5.75,4.22,-0.17,0.50,0.64,0.56,2568749
689,1.44,0.33,2.63,111.37,-42.88,-27.62,-7.18,5.79,3.80,-0.17,0.50,0.64,0.56,2568766
690,1.67,0.32,3.18,111.37,-42.88,-27.62,-7.18,5.79,3.80,-0.17,0.50,0.64,0.56,2568782
691,1.67,0.32,3.18,111.37,-42.88,-27.62,-4.73,7.25,3.38,-0.17,0.50,0.64,0.56,2568802
692,1.40,1.01,2.12,111.37,-42.88,-27.62,-4.73,7.25,3.38,-0.17,0.50,0.64,0.56,2568822
693,1.40,1.01,2.12,111.37,-42.88,-27.62,-4.73,7.25,3.38,-0.03,0.60,0.68,0.42,2568838
694,1.40,1.01,2.12,111.37,-42.88,-27.62,-4.04,8.63,1.35,-0.03,0.60,0.68,0.42,2568857
695,0.86,1.26,1.30,111.37,-42.88,-27.62,-4.04,8.63,1.35,-0.03,0.60,0.68,0.42,2568870
696,0.86,1.26,1.30,111.37,-42.88,-27.62,-4.04,8.63,1.35,-0.01,0.63,0.68,0.37,2568887
697,0.86,1.26,1.30,111.37,-42.88,-27.62,-3.96,8.59,1.23,-0.01,0.63,0.68,0.37,2568901
698,0.42,0.54,1.06,111.37,-42.88,-27.62,-3.96,8.59,1.23,-0.01,0.63,0.68,0.37,2568920
699,0.42,0.54,1.06,111.37,-42.88,-27.62,-3.96,8.59,1.23,0.00,0.65,0.68,0.34,2568936
700,0.42,0.54,1.06,111.37,-42.88,-27.62,-3.58,8.93,0.81,0.00,0.65,0.68,0.34,2568950
701,0.11,0.55,0.80,111.37,-42.88,-27.62,-3.58,8.93,0.81,0.00,0.65,0.68,0.34,2568964
702,0.11,0.55,0.80,111.37,-42.88,-27.62,-3.58,8.93,0.81,0.01,0.66,0.68,0.31,2568977
703,0.11,0.55,0.80,111.37,-42.88,-27.62,-3.31,8.89,0.85,0.01,0.66,0.68,0.31,2568992
704,0.11,0.55,0.80,111.37,-42.88,-27.62,-2.89,8.78,0.97,0.01,0.66,0.68,0.31,2570000
705,-0.02,0.67,0.45,111.37,-42.88,-27.62,-2.89,8.78,0.97,0.01,0.66,0.68,0.31,2570169
706,-0.18,-0.08,-0.07,111.37,-42.88,-27.62,-2.89,8.78,0.97,0.01,0.66,0.68,0.31,2570183
707,-0.18,-0.08,-0.07,111.37,-42.88,-27.62,-6.41,8.01,2.23,0.01,0.66,0.68,0.31,2570198
708,-1.35,1.14,-0.65,111.37,-42.88,-27.62,-6.41,8.01,2.23,0.01,0.66,0.68,0.31,2570230
709,-1.35,1.14,-0.65,111.37,-42.88,-27.62,-6.41,8.01,2.23,-0.20,0.59,0.73,0.30,2570247
710,-1.35,1.14,-0.65,111.37,-42.88,-27.62,-5.11,9.35,1.62,-0.20,0.59,0.73,0.30,2570266
711,-2.21,0.69,-0.01,111.37,-42.88,-27.62,-5.11,9.35,1.62,-0.20,0.59,0.73,0.30,2570287
712,-2.21,0.69,-0.01,111.37,-42.88,-27.62,-2.89,12.11,2.92,-0.20,0.59,0.73,0.30,2570306
713,-3.05,0.89,1.07,111.37,-42.88,-27.62,-2.89,12.11,2.92,-0.20,0.59,0.73,0.30,2570324
714,-3.05,0.89,1.07,111.37,-42.88,-27.62,-2.89,12.11,2.92,-0.27,0.51,0.78,0.25,2570341
715,-3.05,0.89,1.07,111.37,-42.88,-27.62,-5.99,9.16,0.77,-0.27,0.51,0.78,0.25,2570355
716,-2.51,1.21,1.11,111.37,-42.88,-27.62,-5.99,9.16,0.77,-0.27,0.51,0.78,0.25,2570368
717,-2.51,1.21,1.11,111.37,-42.88,-27.62,-5.99,9.16,0.77,-0.29,0.47,0.81,0.19,2570381
718,-2.51,1.21,1.11,111.37,-42.88,-27.62,-7.56,6.29,0.55,-0.29,0.47,0.81,0.19,2570394
719,-2.51,1.21,1.11,111.37,-42.88,-27.62,-7.83,4.71,0.97,-0.29,0.47,0.81,0.19,2570412
720,-1.44,1.06,1.12,111.37,-42.88,-27.62,-7.83,4.71,0.97,-0.29,0.47,0.81,0.19,2570435
721,-1.44,1.06,1.12,111.37,-42.88,-27.62,-7.83,4.71,0.97,-0.30,0.45,0.83,0.14,2570452
722,-1.44,1.06,1.12,111.37,-42.88,-27.62,-8.98,3.99,2.42,-0.30,0.45,0.83,0.14,2570472
723,-1.58,0.97,0.68,111.37,-42.88,-27.62,-8.98,3.99,2.42,-0.30,0.45,0.83,0.14,2570488
724,-1.58,0.97,0.68,111.37,-42.88,-27.62,-8.64,3.95,3.57,-0.30,0.45,0.83,0.14,2570502
725,-1.58,0.97,0.68,111.37,-42.88,-27.62,-8.67,4.03,4.26,-0.30,0.45,0.83,0.14,2570662
726,-2.80,1.09,0.46,111.37,-42.88,-27.62,-8.67,4.03,4.26,-0.30,0.45,0.83,0.14,2570687
727,-2.80,1.09,0.46,111.37,-42.88,-27.62,-6.11,3.68,-1.33,-0.30,0.45,0.83,0.14,2570706
728,-2.80,1.09,0.46,111.37,-42.88,-27.62,-8.94,7.13,10.43,-0.30,0.45,0.83,0.14,2570722
729,-3.17,1.99,0.79,111.37,-42.88,-27.62,-8.94,7.13,10.43,-0.30,0.45,0.83,0.14,2570752
730,-3.17,1.99,0.79,111.37,-42.88,-27.62,-11.16,0.20,5.30,-0.30,0.45,0.83,0.14,2570767
731,-3.17,1.99,0.79,111.37,-42.88,-27.62,-8.45,-0.45,8.05,-0.30,0.45,0.83,0.14,2570788
732,-3.17,1.99,0.79,111.37,-42.88,-27.62,-7.29,0.08,7.29,-0.30,0.45,0.83,0.14,2570805
733,-0.44,0.63,-0.52,111.37,-42.88,-27.62,-7.29,0.08,7.29,-0.30,0.45,0.83,0.14,2570823
734,-0.44,0.63,-0.52,111.37,-42.88,-27.62,-7.29,0.08,7.29,0.46,-0.01,-0.84,0.30,2570838
735,-0.44,0.63,-0.52,111.37,-42.88,-27.62,-6.72,0.31,6.75,0.46,-0.01,-0.84,0.30,2570853
736,-0.44,0.63,-0.52,111.37,-42.88,-27.62,-7.10,2.30,6.48,0.46,-0.01,-0.84,0.30,2570873
737,-0.09,1.83,-0.57,111.37,-42.88,-27.62,-7.10,2.30,6.48,0.46,-0.01,-0.84,0.30,2570890
738,-0.09,1.83,-0.57,111.37,-42.88,-27.62,-9.44,3.76,4.72,0.46,-0.01,-0.84,0.30,2570908
739,0.00,0.60,-0.44,111.37,-42.88,-27.62,-9.44,3.76,4.72,0.46,-0.01,-0.84,0.30,2570924
740,0.00,0.60,-0.44,111.37,-42.88,-27.62,-9.44,3.76,4.72,0.51,0.03,-0.81,0.28,2570944
741,0.00,0.60,-0.44,111.37,-42.88,-27.62,-9.32,2.46,3.54,0.51,0.03,-0.81,0.28,2570958
742,0.13,0.01,-0.20,111.37,-42.88,-27.62,-9.32,2.46,3.54,0.51,0.03,-0.81,0.28,2570972
743,0.13,0.01,-0.20,111.37,-42.88,-27.62,-9.32,2.46,3.54,0.52,0.03,-0.81,0.27,2570987
744,0.13,0.01,-0.20,111.37,-42.88,-27.62,-8.37,2.30,4.26,0.52,0.03,-0.81,0.27,2571001
745,0.13,0.01,-0.20,111.37,-42.88,-27.62,-8.41,2.34,4.30,0.52,0.03,-0.81,0.27,2571016
746,0.12,0.10,-0.07,111.37,-42.88,-27.62,-8.41,2.34,4.30,0.52,0.03,-0.81,0.27,2571043
747,0.12,0.10,-0.07,58.31,-11.44,-112.75,-8.41,2.34,4.30,0.52,0.03,-0.81,0.27,2571066
748,0.12,0.10,-0.07,58.31,-11.44,-112.75,-8.64,2.50,4.14,0.52,0.03,-0.81,0.27,2571085
749,0.08,0.05,-0.09,58.31,-11.44,-112.75,-8.64,2.50,4.14,0.52,0.03,-0.81,0.27,2571106
750,0.08,0.05,-0.09,58.31,-11.44,-112.75,-8.56,2.30,4.14,0.52,0.03,-0.81,0.27,2571127
751,0.00,0.05,0.03,58.31,-11.44,-112.75,-8.56,2.30,4.14,0.52,0.03,-0.81,0.27,2571143
752,0.00,0.05,0.03,58.31,-11.44,-112.75,-8.75,2.46,4.07,0.52,0.03,-0.81,0.27,2571222
753,-0.09,-0.08,0.10,58.31,-11.44,-112.75,-8.75,2.46,4.07,0.52,0.03,-0.81,0.27,2571243
754,-0.09,-0.06,0.08,58.31,-11.44,-112.75,-8.75,2.46,4.07,0.52,0.03,-0.81,0.27,2571268
755,-0.08,-0.04,0.09,58.31,-11.44,-112.75,-8.75,2.46,4.07,0.52,0.03,-0.81,0.27,2571286
756,-0.08,-0.04,0.09,57.25,-11.69,-114.44,-8.75,2.46,4.07,0.52,0.03,-0.81,0.27,2571303
757,-0.08,-0.04,0.09,57.25,-11.69,-114.44,-8.45,2.50,4.26,0.52,0.03,-0.81,0.27,2571327
758,-0.06,-0.06,0.05,57.25,-11.69,-114.44,-8.45,2.50,4.26,0.52,0.03,-0.81,0.27,2571346
759,-0.06,-0.06,0.05,57.25,-11.69,-114.44,-8.45,2.42,4.30,0.52,0.03,-0.81,0.27,2571362
760,-0.06,-0.06,0.05,57.25,-11.69,-114.44,-8.48,2.54,4.22,0.52,0.03,-0.81,0.27,2571382
761,-0.09,-0.12,0.07,57.25,-11.69,-114.44,-8.48,2.54,4.22,0.52,0.03,-0.81,0.27,2571401
762,-0.09,-0.12,0.07,57.25,-11.69,-114.44,-8.25,2.42,4.34,0.52,0.03,-0.81,0.27,2571421
763,-0.03,-0.04,0.08,57.25,-11.69,-114.44,-8.25,2.42,4.34,0.52,0.03,-0.81,0.27,2571440
764,-0.03,-0.04,0.08,57.25,-11.69,-114.44,-8.25,2.46,4.37,0.52,0.03,-0.81,0.27,2571457
765,-0.03,-0.04,0.08,57.25,-11.69,-114.44,-8.29,2.57,4.37,0.52,0.03,-0.81,0.27,2571474
766,-0.20,-0.02,0.11,57.25,-11.69,-114.44,-8.29,2.57,4.37,0.52,0.03,-0.81,0.27,2571495
767,-0.20,-0.02,0.11,57.25,-11.69,-114.44,-8.29,2.54,4.45,0.52,0.03,-0.81,0.27,2571512
768,-0.14,0.10,0.19,57.25,-11.69,-114.44,-8.29,2.54,4.45,0.52,0.03,-0.81,0.27,2571531
769,-0.14,0.10,0.19,57.25,-11.69,-114.44,-8.29,2.54,4.45,0.51,0.03,-0.81,0.28,2571553
770,-0.14,0.10,0.19,57.25,-11.69,-114.44,-8.33,2.65,4.34,0.51,0.03,-0.81,0.28,2571570
771,-0.04,0.05,0.20,57.25,-11.69,-114.44,-8.33,2.65,4.34,0.51,0.03,-0.81,0.28,2571588
772,-0.04,0.05,0.20,57.25,-11.69,-114.44,-8.33,2.65,4.30,0.51,0.03,-0.81,0.28,2571607
773,0.06,0.15,0.27,57.25,-11.69,-114.44,-8.33,2.65,4.30,0.51,0.03,-0.81,0.28,2571624
774,0.06,0.15,0.27,57.25,-11.69,-114.44,-8.33,2.65,4.30,0.52,0.02,-0.80,0.29,2571643
775,0.06,0.15,0.27,57.25,-11.69,-114.44,-8.14,2.76,4.41,0.52,0.02,-0.80,0.29,2571663
776,0.12,0.25,0.30,57.25,-11.69,-114.44,-8.14,2.76,4.41,0.52,0.02,-0.80,0.29,2571682
777,0.12,0.25,0.30,57.25,-11.69,-114.44,-8.14,2.76,4.41,0.52,0.02,-0.80,0.30,2571697
778,0.12,0.25,0.30,57.25,-11.69,-114.44,-8.29,2.92,4.22,0.52,0.02,-0.80,0.30,2571710
779,0.12,0.25,0.30,57.25,-11.69,-114.44,-8.37,3.07,3.99,0.52,0.02,-0.80,0.30,2571725
780,0.09,0.13,0.39,57.25,-11.69,-114.44,-8.37,3.07,3.99,0.52,0.02,-0.80,0.30,2571738
781,0.09,0.13,0.39,57.25,-11.69,-114.44,-8.18,2.99,4.14,0.52,0.02,-0.80,0.30,2571777
782,0.18,0.20,0.45,57.25,-11.69,-114.44,-8.18,2.99,4.14,0.52,0.02,-0.80,0.30,2571796
783,0.18,0.20,0.45,57.25,-11.69,-114.44,-8.02,3.14,4.18,0.52,0.02,-0.80,0.30,2571826
784,0.18,0.20,0.45,57.25,-11.69,-114.44,-8.14,3.18,4.07,0.52,0.02,-0.80,0.30,2571848
785,0.18,0.20,0.45,57.25,-11.69,-114.44,-8.37,3.53,3.88,0.52,0.02,-0.80,0.30,2571873
786,0.80,0.44,1.07,57.25,-11.69,-114.44,-8.37,3.53,3.88,0.52,0.02,-0.80,0.30,2571897
787,0.80,0.44,1.07,57.25,-11.69,-114.44,-8.45,3.37,3.76,0.52,0.02,-0.80,0.30,2571920
788,0.80,0.44,1.07,57.25,-11.69,-114.44,-8.21,3.61,3.95,0.52,0.02,-0.80,0.30,2571938
789,0.80,0.44,1.07,57.25,-11.69,-114.44,-8.25,4.03,3.84,0.52,0.02,-0.80,0.30,2571953
790,2.59,2.06,3.30,57.25,-11.69,-114.44,-8.25,4.03,3.84,0.52,0.02,-0.80,0.30,2571977
791,2.59,2.06,3.30,57.25,-11.69,-114.44,-8.25,4.03,3.84,0.61,-0.12,-0.70,0.35,2571993
792,2.59,2.06,3.30,57.25,-11.69,-114.44,-10.13,7.55,3.04,0.61,-0.12,-0.70,0.35,2572011
793,2.35,4.87,3.73,57.25,-11.69,-114.44,-10.13,7.55,3.04,0.61,-0.12,-0.70,0.35,2572027
794,2.35,4.87,3.73,57.25,-11.69,-114.44,-10.13,7.55,3.04,0.67,-0.20,-0.60,0.38,2572043
795,2.35,4.87,3.73,57.25,-11.69,-114.44,-9.25,10.23,0.01,0.67,-0.20,-0.60,0.38,2572056
796,2.35,4.87,3.73,57.25,-11.69,-114.44,-8.94,11.23,-1.33,0.67,-0.20,-0.60,0.38,2572079
797,0.03,7.90,4.76,57.25,-11.69,-114.44,-8.94,11.23,-1.33,0.67,-0.20,-0.60,0.38,2572108
798,0.03,7.90,4.76,57.25,-11.69,-114.44,-19.90,5.56,6.94,0.67,-0.20,-0.60,0.38,2572124
799,-5.59,-0.91,-1.74,57.25,-11.69,-114.44,-19.90,5.56,6.94,0.67,-0.20,-0.60,0.38,2572148
800,-5.59,-0.91,-1.74,57.25,-11.69,-114.44,-14.92,3.22,9.66,0.67,-0.20,-0.60,0.38,2572162
801,-5.59,-0.91,-1.74,57.25,-11.69,-114.44,-4.50,-0.38,-0.37,0.67,-0.20,-0.60,0.38,2572184
802,-5.12,0.04,-1.82,57.25,-11.69,-114.44,-4.50,-0.38,-0.37,0.67,-0.20,-0.60,0.38,2572206
803,-5.12,0.04,-1.82,57.25,-11.69,-114.44,-12.27,-1.37,-0.76,0.67,-0.20,-0.60,0.38,2572222
804,-2.99,0.40,-3.43,57.25,-11.69,-114.44,-12.27,-1.37,-0.76,0.67,-0.20,-0.60,0.38,2572243
805,-2.99,0.40,-3.43,57.25,-11.69,-114.44,-6.14,1.65,-0.37,0.67,-0.20,-0.60,0.38,2572263
806,-2.99,0.40,-3.43,57.25,-11.69,-114.44,-10.47,4.60,3.04,0.67,-0.20,-0.60,0.38,2572278
807,-2.30,0.06,-3.87,57.25,-11.69,-114.44,-10.47,4.60,3.04,0.67,-0.20,-0.60,0.38,2572298
808,-2.30,0.06,-3.87,57.25,-11.69,-114.44,-9.09,6.25,2.00,0.67,-0.20,-0.60,0.38,2572317
809,-0.58,0.50,-3.64,57.25,-11.69,-114.44,-9.09,6.25,2.00,0.67,-0.20,-0.60,0.38,2572333
810,-0.58,0.50,-3.64,57.25,-11.69,-114.44,-9.09,6.25,2.00,0.54,0.15,-0.57,0.60,2572354
811,-0.58,0.50,-3.64,57.25,-11.69,-114.44,-11.39,6.10,3.19,0.54,0.15,-0.57,0.60,2572379
812,0.29,0.58,-3.51,57.25,-11.69,-114.44,-11.39,6.10,3.19,0.54,0.15,-0.57,0.60,2572396
813,0.29,0.58,-3.51,57.25,-11.69,-114.44,-11.97,6.94,4.64,0.54,0.15,-0.57,0.60,2572418
814,0.29,0.58,-3.51,57.25,-11.69,-114.44,-11.32,7.97,5.79,0.54,0.15,-0.57,0.60,2572437
815,0.06,0.45,-3.04,57.25,-11.69,-114.44,-11.32,7.97,5.79,0.54,0.15,-0.57,0.60,2572454
816,0.06,0.45,-3.04,57.25,-11.69,-114.44,-9.02,10.73,7.86,0.54,0.15,-0.57,0.60,2572479
817,-1.71,0.08,-1.75,57.25,-11.69,-114.44,-9.02,10.73,7.86,0.54,0.15,-0.57,0.60,2572499
818,-1.71,0.08,-1.75,57.25,-11.69,-114.44,-0.59,17.13,2.38,0.54,0.15,-0.57,0.60,2572517
819,-1.14,-0.28,0.80,57.25,-11.69,-114.44,-0.59,17.13,2.38,0.54,0.15,-0.57,0.60,2572537
820,-1.14,-0.28,0.80,57.25,-11.69,-114.44,-0.59,17.13,2.38,0.48,0.34,-0.66,0.46,2572560
821,-1.14,-0.28,0.80,57.25,-11.69,-114.44,0.75,19.66,-1.33,0.48,0.34,-0.66,0.46,2572580
822,2.16,-0.12,1.21,57.25,-11.69,-114.44,0.75,19.66,-1.33,0.48,0.34,-0.66,0.46,2572600
823,2.16,-0.12,1.21,57.25,-11.69,-114.44,-15.03,5.18,13.42,0.48,0.34,-0.66,0.46,2572628
824,-0.77,-0.88,0.49,57.25,-11.69,-114.44,-15.03,5.18,13.42,0.48,0.34,-0.66,0.46,2572650
825,-0.77,-0.88,0.49,57.25,-11.69,-114.44,-11.70,4.33,3.15,0.48,0.34,-0.66,0.46,2572673
826,-0.77,-0.88,0.49,57.25,-11.69,-114.44,-7.68,1.54,4.84,0.48,0.34,-0.66,0.46,2572697
827,-0.77,-0.88,0.49,57.25,-11.69,-114.44,-9.75,2.46,3.38,0.48,0.34,-0.66,0.46,2572713
828,0.03,-0.15,0.03,57.25,-11.69,-114.44,-9.75,2.46,3.38,0.48,0.34,-0.66,0.46,2572732
829,0.03,-0.15,0.03,57.25,-11.69,-114.44,-9.75,2.46,3.38,0.49,0.25,-0.66,0.51,2572748
830,0.03,-0.15,0.03,57.25,-11.69,-114.44,-8.79,2.15,3.95,0.49,0.25,-0.66,0.51,2572768
831,0.03,-0.15,0.03,57.25,-11.69,-114.44,-8.83,2.11,3.92,0.49,0.25,-0.66,0.51,2572785
832,0.02,-0.10,-0.03,57.25,-11.69,-114.44,-8.83,2.11,3.92,0.49,0.25,-0.66,0.51,2572806
833,0.02,-0.10,-0.03,57.25,-11.69,-114.44,-8.83,2.04,3.88,0.49,0.25,-0.66,0.51,2572820
834,-0.11,-0.19,0.13,57.25,-11.69,-114.44,-8.83,2.04,3.88,0.49,0.25,-0.66,0.51,2572845
835,-0.11,-0.19,0.13,57.25,-11.69,-114.44,-8.83,2.04,3.88,0.48,0.25,-0.67,0.51,2572868
836,-0.11,-0.19,0.13,57.25,-11.69,-114.44,-8.64,2.04,4.03,0.48,0.25,-0.67,0.51,2572887
837,-0.05,-0.13,0.16,57.25,-11.69,-114.44,-8.64,2.04,4.03,0.48,0.25,-0.67,0.51,2572908
838,-0.05,-0.13,0.16,57.25,-11.69,-114.44,-8.67,2.04,3.95,0.48,0.25,-0.67,0.51,2572925
839,-0.06,-0.19,0.18,57.25,-11.69,-114.44,-8.67,2.04,3.95,0.48,0.25,-0.67,0.51,2572950
840,-0.06,-0.19,0.18,57.25,-11.69,-114.44,-8.41,2.30,4.37,0.48,0.25,-0.67,0.51,2572969
841,-0.04,-0.06,0.12,57.25,-11.69,-114.44,-8.41,2.30,4.37,0.48,0.25,-0.67,0.51,2572983
842,-0.04,-0.06,0.12,57.25,-11.69,-114.44,-8.41,2.30,4.37,0.48,0.24,-0.66,0.52,2572999
843,-0.04,-0.06,0.12,57.25,-11.69,-114.44,-8.60,2.19,4.11,0.48,0.24,-0.66,0.52,2573018
844,-0.04,-0.06,0.12,57.25,-11.69,-114.44,-8.60,2.19,4.14,0.48,0.24,-0.66,0.52,2573032
845,-0.06,-0.15,0.21,57.25,-11.69,-114.44,-8.60,2.19,4.14,0.48,0.24,-0.66,0.52,2573047
846,-0.06,-0.15,0.21,57.25,-11.69,-114.44,-8.37,2.27,4.37,0.48,0.24,-0.66,0.52,2573060
847,-0.13,0.02,0.21,57.25,-11.69,-114.44,-8.37,2.27,4.37,0.48,0.24,-0.66,0.52,2573075
848,-0.13,0.02,0.21,57.25,-11.69,-114.44,-8.37,2.27,4.37,0.47,0.23,-0.66,0.53,2573090
849,-0.13,0.02,0.21,57.25,-11.69,-114.44,-8.33,2.34,4.41,0.47,0.23,-0.66,0.53,2573108
850,-0.13,0.02,0.21,57.25,-11.69,-114.44,-8.48,2.38,4.26,0.47,0.23,-0.66,0.53,2573122
851,-0.15,0.05,0.35,57.25,-11.69,-114.44,-8.48,2.38,4.26,0.47,0.23,-0.66,0.53,2573141
852,-0.15,0.05,0.35,57.25,-11.69,-114.44,-8.60,2.23,4.18,0.47,0.23,-0.66,0.53,2573155
853,0.16,0.19,0.75,57.25,-11.69,-114.44,-8.60,2.23,4.18,0.47,0.23,-0.66,0.53,2573172
854,0.16,0.19,0.75,57.25,-11.69,-114.44,-8.60,2.23,4.18,0.48,0.23,-0.65,0.55,2573201
855,0.16,0.19,0.75,11.25,35.81,-43.88,-8.60,2.23,4.18,0.48,0.23,-0.65,0.55,2573236
856,0.16,0.19,0.75,11.25,35.81,-43.88,-8.41,2.65,4.30,0.48,0.23,-0.65,0.55,2573270
857,0.16,0.19,0.75,11.25,35.81,-43.88,-9.32,2.46,4.14,0.48,0.23,-0.65,0.55,2573314
858,1.72,-0.07,2.87,11.25,35.81,-43.88,-9.32,2.46,4.14,0.48,0.23,-0.65,0.55,2573330
859,2.27,-0.23,5.30,11.25,35.81,-43.88,-9.32,2.46,4.14,0.48,0.23,-0.65,0.55,2573346
860,2.27,-0.23,5.30,11.25,35.81,-43.88,-12.08,6.29,5.14,0.48,0.23,-0.65,0.55,2573362
861,2.27,-0.23,5.30,11.25,35.81,-43.88,-11.36,9.35,5.26,0.48,0.23,-0.65,0.55,2573376
862,2.55,1.39,6.34,11.25,35.81,-43.88,-11.36,9.35,5.26,0.48,0.23,-0.65,0.55,2573400
863,2.55,1.39,6.34,11.25,35.81,-43.88,-14.57,9.58,5.30,0.48,0.23,-0.65,0.55,2573415
864,-1.78,0.69,0.57,11.25,35.81,-43.88,-14.57,9.58,5.30,0.48,0.23,-0.65,0.55,2573431
865,-1.78,0.69,0.57,11.25,35.81,-43.88,-14.57,9.58,5.30,0.64,-0.10,-0.35,0.68,2573455
866,-1.78,0.69,0.57,11.25,35.81,-43.88,-21.12,-2.60,10.54,0.64,-0.10,-0.35,0.68,2573470
867,-1.78,0.69,0.57,11.25,35.81,-43.88,-5.80,-3.82,0.32,0.64,-0.10,-0.35,0.68,2573490
868,-2.45,0.71,-0.82,11.25,35.81,-43.88,-5.80,-3.82,0.32,0.64,-0.10,-0.35,0.68,2573509
869,-2.45,0.71,-0.82,11.25,35.81,-43.88,-9.52,-3.82,-0.45,0.64,-0.10,-0.35,0.68,2573524
870,-1.50,0.41,-3.07,11.25,35.81,-43.88,-9.52,-3.82,-0.45,0.64,-0.10,-0.35,0.68,2573549
871,-1.50,0.41,-3.07,11.25,35.81,-43.88,-8.79,-1.11,0.36,0.64,-0.10,-0.35,0.68,2573567
872,-1.50,0.41,-3.07,11.25,35.81,-43.88,-8.67,2.23,2.23,0.64,-0.10,-0.35,0.68,2573588
873,-1.71,1.05,-4.18,11.25,35.81,-43.88,-8.67,2.23,2.23,0.64,-0.10,-0.35,0.68,2573610
874,-1.71,1.05,-4.18,11.25,35.81,-43.88,-11.16,4.71,2.84,0.64,-0.10,-0.35,0.68,2573631
875,-0.37,0.67,-4.66,11.25,35.81,-43.88,-11.16,4.71,2.84,0.64,-0.10,-0.35,0.68,2573656
876,-0.37,0.67,-4.66,11.25,35.81,-43.88,-12.96,6.06,2.46,0.64,-0.10,-0.35,0.68,2573674
877,0.87,1.07,-4.66,11.25,35.81,-43.88,-12.96,6.06,2.46,0.64,-0.10,-0.35,0.68,2573692
878,0.87,1.07,-4.66,11.25,35.81,-43.88,-15.11,9.70,6.25,0.64,-0.10,-0.35,0.68,2573706
879,0.87,1.07,-4.66,11.25,35.81,-43.88,-13.65,14.91,6.75,0.64,-0.10,-0.35,0.68,2573724
880,-0.05,0.21,-4.02,11.25,35.81,-43.88,-13.65,14.91,6.75,0.64,-0.10,-0.35,0.68,2573757
881,-0.05,0.21,-4.02,11.25,35.81,-43.88,-6.84,17.59,2.04,0.64,-0.10,-0.35,0.68,2573775
882,0.17,1.90,-0.28,11.25,35.81,-43.88,-6.84,17.59,2.04,0.64,-0.10,-0.35,0.68,2573797
883,0.17,1.90,-0.28,11.25,35.81,-43.88,1.17,18.74,1.85,0.64,-0.10,-0.35,0.68,2573820
884,0.17,1.90,-0.28,11.25,35.81,-43.88,-1.01,26.21,3.76,0.64,-0.10,-0.35,0.68,2573840
885,0.81,-0.93,1.89,11.25,35.81,-43.88,-1.01,26.21,3.76,0.64,-0.10,-0.35,0.68,2573862
886,0.81,-0.93,1.89,11.25,35.81,-43.88,-1.32,11.77,0.81,0.64,-0.10,-0.35,0.68,2573879
887,0.14,-3.32,1.20,11.25,35.81,-43.88,-1.32,11.77,0.81,0.64,-0.10,-0.35,0.68,2573897
888,0.14,-3.32,1.20,11.25,35.81,-43.88,-11.51,4.37,2.84,0.64,-0.10,-0.35,0.68,2573917
889,0.29,-0.91,0.19,11.25,35.81,-43.88,-11.51,4.37,2.84,0.64,-0.10,-0.35,0.68,2573933
890,0.29,-0.91,0.19,11.25,35.81,-43.88,-11.51,4.37,2.84,0.49,0.25,-0.66,0.51,2573955
891,0.29,-0.91,0.19,11.25,35.81,-43.88,-7.79,1.88,4.76,0.49,0.25,-0.66,0.51,2573969
892,-0.05,-0.06,0.02,11.25,35.81,-43.88,-7.79,1.88,4.76,0.49,0.25,-0.66,0.51,2573985
893,-0.05,-0.06,0.02,11.25,35.81,-43.88,-7.79,1.88,4.76,0.49,0.24,-0.67,0.51,2574004
894,-0.05,-0.06,0.02,11.25,35.81,-43.88,-8.64,2.07,3.92,0.49,0.24,-0.67,0.51,2574025
895,-0.05,-0.12,0.07,11.25,35.81,-43.88,-8.64,2.07,3.92,0.49,0.24,-0.67,0.51,2574045
896,-0.05,-0.12,0.07,11.25,35.81,-43.88,-8.79,2.19,3.95,0.49,0.24,-0.67,0.51,2574065
897,-0.05,-0.12,0.07,11.25,35.81,-43.88,-8.71,2.19,4.03,0.49,0.24,-0.67,0.51,2574088
898,-0.06,-0.12,0.12,11.25,35.81,-43.88,-8.71,2.19,4.03,0.49,0.24,-0.67,0.51,2574110
899,-0.06,-0.12,0.12,11.25,35.81,-43.88,-8.64,2.19,4.11,0.49,0.24,-0.67,0.51,2574128
900,-0.04,-0.05,0.17,11.25,35.81,-43.88,-8.64,2.19,4.11,0.49,0.24,-0.67,0.51,2574143
901,-0.04,-0.05,0.17,11.25,35.81,-43.88,-8.56,2.27,4.14,0.49,0.24,-0.67,0.51,2574164
902,-0.04,-0.05,0.17,11.25,35.81,-43.88,-8.67,2.27,4.07,0.49,0.24,-0.67,0.51,2574182
903,-0.04,-0.13,0.23,11.25,35.81,-43.88,-8.67,2.27,4.07,0.49,0.24,-0.67,0.51,2574203
904,-0.04,-0.13,0.23,11.25,35.81,-43.88,-8.41,2.34,4.30,0.49,0.24,-0.67,0.51,2574222
905,-0.10,-0.02,0.17,11.25,35.81,-43.88,-8.41,2.34,4.30,0.49,0.24,-0.67,0.51,2574236
906,-0.10,-0.02,0.17,11.25,35.81,-43.88,-8.41,2.34,4.30,0.48,0.23,-0.66,0.53,2574267
907,-0.10,-0.02,0.17,11.25,35.81,-43.88,-8.48,2.46,4.26,0.48,0.23,-0.66,0.53,2574282
908,-0.15,-0.02,0.20,11.25,35.81,-43.88,-8.48,2.46,4.26,0.48,0.23,-0.66,0.53,2574302
909,-0.15,-0.02,0.20,11.25,35.81,-43.88,-8.41,2.38,4.26,0.48,0.23,-0.66,0.53,2574318
910,-0.04,0.07,0.28,11.25,35.81,-43.88,-8.41,2.38,4.26,0.48,0.23,-0.66,0.53,2574336
911,-0.04,0.07,0.28,11.25,35.81,-43.88,-8.41,2.38,4.26,0.48,0.23,-0.65,0.54,2574351
912,-0.04,0.07,0.28,11.25,35.81,-43.88,-8.37,2.54,4.26,0.48,0.23,-0.65,0.54,2574363
913,-0.02,0.09,0.34,11.25,35.81,-43.88,-8.37,2.54,4.26,0.48,0.23,-0.65,0.54,2574382
914,-0.02,0.09,0.34,11.25,35.81,-43.88,-8.37,2.54,4.26,0.48,0.22,-0.65,0.55,2574395
915,-0.02,0.09,0.34,11.25,35.81,-43.88,-8.45,2.57,4.18,0.48,0.22,-0.65,0.55,2574408
916,-0.02,0.09,0.34,11.25,35.81,-43.88,-8.37,2.61,4.30,0.48,0.22,-0.65,0.55,2574423
917,0.13,0.19,0.52,11.25,35.81,-43.88,-8.37,2.61,4.30,0.48,0.22,-0.65,0.55,2574437
918,0.13,0.19,0.52,11.25,35.81,-43.88,-8.37,2.61,4.30,0.49,0.22,-0.64,0.55,2574454
919,0.13,0.19,0.52,11.25,35.81,-43.88,-8.14,2.73,4.26,0.49,0.22,-0.64,0.55,2574492
920,0.37,0.35,0.78,11.25,35.81,-43.88,-8.14,2.73,4.26,0.49,0.22,-0.64,0.55,2574552
921,0.37,0.35,0.78,11.25,35.81,-43.88,-9.02,2.80,4.07,0.49,0.22,-0.64,0.55,2574578
922,2.23,0.04,3.91,11.25,35.81,-43.88,-9.02,2.80,4.07,0.49,0.22,-0.64,0.55,2574596
923,2.23,0.04,3.91,11.25,35.81,-43.88,-11.13,5.98,5.11,0.49,0.22,-0.64,0.55,2574621
924,2.55,0.63,5.65,11.25,35.81,-43.88,-11.13,5.98,5.11,0.49,0.22,-0.64,0.55,2574638
925,2.55,0.63,5.65,11.25,35.81,-43.88,-11.13,5.98,5.11,0.61,0.02,-0.50,0.62,2574653
926,2.55,0.63,5.65,11.25,35.81,-43.88,-12.12,9.54,5.41,0.61,0.02,-0.50,0.62,2574669
927,2.55,0.63,5.65,11.25,35.81,-43.88,-12.16,10.23,3.23,0.61,0.02,-0.50,0.62,2574687
928,2.24,2.49,5.38,11.25,35.81,-43.88,-12.16,10.23,3.23,0.61,0.02,-0.50,0.62,2574712
929,2.24,2.49,5.38,11.25,35.81,-43.88,-23.46,-3.44,12.04,0.61,0.02,-0.50,0.62,2574733
930,-2.80,-0.78,-0.57,11.25,35.81,-43.88,-23.46,-3.44,12.04,0.61,0.02,-0.50,0.62,2574752
931,-2.80,-0.78,-0.57,11.25,35.81,-43.88,-5.07,-2.18,1.58,0.61,0.02,-0.50,0.62,2574774
932,-2.80,-0.78,-0.57,11.25,35.81,-43.88,-9.29,-3.14,-0.76,0.61,0.02,-0.50,0.62,2574794
933,-1.90,-0.64,-2.11,11.25,35.81,-43.88,-9.29,-3.14,-0.76,0.61,0.02,-0.50,0.62,2574813
934,-1.90,-0.64,-2.11,11.25,35.81,-43.88,-10.78,-1.64,-1.06,0.61,0.02,-0.50,0.62,2574832
935,-1.26,0.56,-3.80,11.25,35.81,-43.88,-10.78,-1.64,-1.06,0.61,0.02,-0.50,0.62,2574850
936,-1.26,0.56,-3.80,11.25,35.81,-43.88,-7.26,2.46,0.13,0.61,0.02,-0.50,0.62,2574868
937,-1.26,0.56,-3.80,11.25,35.81,-43.88,-11.01,5.68,2.57,0.61,0.02,-0.50,0.62,2574884
938,-1.50,0.36,-4.28,11.25,35.81,-43.88,-11.01,5.68,2.57,0.61,0.02,-0.50,0.62,2574904
939,-1.50,0.36,-4.28,11.25,35.81,-43.88,-11.70,7.97,0.93,0.61,0.02,-0.50,0.62,2574919
940,0.63,0.35,-4.53,11.25,35.81,-43.88,-11.70,7.97,0.93,0.61,0.02,-0.50,0.62,2574939
941,0.63,0.35,-4.53,11.25,35.81,-43.88,-11.70,7.97,0.93,0.53,0.16,-0.57,0.61,2574962
942,0.63,0.35,-4.53,11.25,35.81,-43.88,-12.39,9.20,2.65,0.53,0.16,-0.57,0.61,2574977
943,0.95,0.38,-4.02,11.25,35.81,-43.88,-12.39,9.20,2.65,0.53,0.16,-0.57,0.61,2575004
944,0.95,0.38,-4.02,11.25,35.81,-43.88,-12.96,11.73,5.60,0.53,0.16,-0.57,0.61,2575021
945,0.95,0.38,-4.02,11.25,35.81,-43.88,-9.63,10.62,3.95,0.53,0.16,-0.57,0.61,2575039
946,0.21,-0.12,-2.96,11.25,35.81,-43.88,-9.63,10.62,3.95,0.53,0.16,-0.57,0.61,2575057
947,0.21,-0.12,-2.96,11.25,35.81,-43.88,-5.19,13.95,3.57,0.53,0.16,-0.57,0.61,2575075
948,-0.14,0.62,-0.69,11.25,35.81,-43.88,-5.19,13.95,3.57,0.53,0.16,-0.57,0.61,2575093
949,-0.14,0.62,-0.69,11.25,35.81,-43.88,-5.19,13.95,3.57,0.51,0.28,-0.69,0.43,2575112
