,Xg,Yg,Zg,Xm,Ym,Zm,Xa,Ya,Za,Xq,Yq,Zq,Direction
0,2.00,1.37,-1.25,2.62,8.38,-0.17,0.00,0.00,0.00,0.07,-0.26,0.31,0.91
1,2.00,1.37,-1.25,2.62,8.38,-0.17,0.00,0.00,0.00,0.03,0.02,0.33,0.94
2,2.00,1.37,-1.25,1.80,5.43,0.32,0.00,0.00,0.00,0.03,0.02,0.33,0.94
3,4.37,0.81,3.69,1.80,5.43,0.32,0.00,0.00,0.00,0.03,0.02,0.33,0.94
4,4.37,0.81,3.69,0.30,0.12,0.48,0.00,0.00,0.00,0.03,0.02,0.33,0.94
5,4.37,0.81,3.69,0.30,0.12,0.48,0.00,0.00,0.00,0.03,0.29,0.34,0.90
6,4.37,0.81,3.69,-1.14,-3.37,0.14,0.00,0.00,0.00,0.03,0.29,0.34,0.90
7,4.37,-0.25,2.94,-1.14,-3.37,0.14,0.00,0.00,0.00,0.03,0.29,0.34,0.90
8,4.37,-0.25,2.94,-2.01,-5.95,-0.02,0.00,0.00,0.00,0.03,0.29,0.34,0.90
9,4.37,-0.25,2.94,-2.01,-5.95,-0.02,0.00,0.00,0.00,0.04,0.12,0.35,0.93
10,4.37,-0.25,2.94,-2.16,-6.92,-0.35,0.00,0.00,0.00,0.04,0.12,0.35,0.93
11,4.00,-0.69,0.25,-2.16,-6.92,-0.35,0.00,0.00,0.00,0.04,0.12,0.35,0.93
12,4.00,-0.69,0.25,-0.79,-4.53,-0.44,0.00,0.00,0.00,0.04,0.12,0.35,0.93
13,4.00,-0.69,0.25,-0.79,-4.53,-0.44,0.00,0.00,0.00,0.07,-0.21,0.32,0.92
14,4.00,-0.69,0.25,0.65,-0.69,-0.71,0.00,0.00,0.00,0.07,-0.21,0.32,0.92
15,-0.06,1.75,-0.44,0.65,-0.69,-0.71,0.00,0.00,0.00,0.07,-0.21,0.32,0.92
16,-0.06,1.75,-0.44,0.46,4.66,-0.11,0.00,0.00,0.00,0.07,-0.21,0.32,0.92
17,-0.06,1.75,-0.44,0.46,4.66,-0.11,0.00,0.00,0.00,0.10,-0.22,0.29,0.93
18,-0.06,1.75,-0.44,1.88,7.99,-0.16,0.00,0.00,0.00,0.10,-0.22,0.29,0.93
19,2.81,-0.31,0.25,1.88,7.99,-0.16,0.00,0.00,0.00,0.10,-0.22,0.29,0.93
20,2.81,-0.31,0.25,2.27,8.47,0.67,0.00,0.00,0.00,0.10,-0.22,0.29,0.93
21,2.81,-0.31,0.25,2.27,8.47,0.67,0.00,0.00,0.00,0.04,0.17,0.33,0.93
22,2.81,-0.31,0.25,0.67,3.12,0.49,0.00,0.00,0.00,0.04,0.17,0.33,0.93
23,4.37,-1.25,4.44,0.67,3.12,0.49,0.00,0.00,0.00,0.04,0.17,0.33,0.93
24,4.37,-1.25,4.44,-1.29,-2.75,0.05,0.00,0.00,0.00,0.04,0.17,0.33,0.93
25,4.37,-1.25,4.44,-1.29,-2.75,0.05,0.00,0.00,0.00,0.03,0.31,0.35,0.88
26,4.37,-1.25,4.44,-2.06,-6.77,-0.42,0.00,0.00,0.00,0.03,0.31,0.35,0.88
27,3.94,2.44,3.00,-2.06,-6.77,-0.42,0.00,0.00,0.00,0.03,0.31,0.35,0.88
28,3.94,2.44,3.00,-2.16,-7.77,-1.00,0.00,0.00,0.00,0.03,0.31,0.35,0.88
29,3.94,2.44,3.00,-2.16,-7.77,-1.00,0.00,0.00,0.00,0.05,-0.02,0.33,0.94
30,3.94,2.44,3.00,-1.20,-4.31,-0.01,0.00,0.00,0.00,0.05,-0.02,0.33,0.94
31,3.25,0.00,-0.50,-1.20,-4.31,-0.01,0.00,0.00,0.00,0.05,-0.02,0.33,0.94
32,3.25,0.00,-0.50,-0.22,0.81,0.09,0.00,0.00,0.00,0.05,-0.02,0.33,0.94
33,3.25,0.00,-0.50,-0.22,0.81,0.09,0.00,0.00,0.00,0.06,-0.23,0.31,0.92
34,3.25,0.00,-0.50,0.84,4.53,0.10,0.00,0.00,0.00,0.06,-0.23,0.31,0.92
35,2.00,0.75,-0.06,0.84,4.53,0.10,0.00,0.00,0.00,0.06,-0.23,0.31,0.92
36,2.00,0.75,-0.06,1.83,6.62,-0.26,0.00,0.00,0.00,0.06,-0.23,0.31,0.92
37,2.00,0.75,-0.06,1.83,6.62,-0.26,0.00,0.00,0.00,0.03,-0.02,0.32,0.95
38,2.00,0.75,-0.06,2.08,6.17,0.10,0.00,0.00,0.00,0.03,-0.02,0.32,0.95
39,5.69,-1.31,3.62,2.08,6.17,0.10,0.00,0.00,0.00,0.03,-0.02,0.32,0.95
40,5.69,-1.31,3.62,1.27,2.55,0.29,0.00,0.00,0.00,0.03,-0.02,0.32,0.95
41,5.69,-1.31,3.62,1.27,2.55,0.29,0.00,0.00,0.00,0.03,0.27,0.32,0.91
42,5.69,-1.31,3.62,-0.75,-2.75,-0.31,0.00,0.00,0.00,0.03,0.27,0.32,0.91
43,3.12,2.87,4.87,-0.75,-2.75,-0.31,0.00,0.00,0.00,0.03,0.27,0.32,0.91
44,3.12,2.87,4.87,-2.21,-7.01,0.34,0.00,0.00,0.00,0.03,0.27,0.32,0.91
45,3.12,2.87,4.87,-2.21,-7.01,0.34,0.00,0.00,0.00,0.04,0.13,0.33,0.93
46,3.12,2.87,4.87,-1.60,-5.22,0.04,0.00,0.00,0.00,0.04,0.13,0.33,0.93
47,3.62,0.06,1.00,-1.60,-5.22,0.04,0.00,0.00,0.00,0.04,0.13,0.33,0.93
48,3.62,0.06,1.00,-0.83,-2.43,0.16,0.00,0.00,0.00,0.04,0.13,0.33,0.93
49,3.62,0.06,1.00,-0.83,-2.43,0.16,0.00,0.00,0.00,0.05,-0.14,0.32,0.93
50,3.62,0.06,1.00,0.49,1.56,0.02,0.00,0.00,0.00,0.05,-0.14,0.32,0.93
51,4.00,-0.31,-0.13,0.49,1.56,0.02,0.00,0.00,0.00,0.05,-0.14,0.32,0.93
52,4.00,-0.31,-0.13,1.37,4.87,0.04,0.00,0.00,0.00,0.05,-0.14,0.32,0.93
53,4.00,-0.31,-0.13,1.37,4.87,0.04,0.00,0.00,0.00,0.04,-0.06,0.33,0.94
54,4.00,-0.31,-0.13,1.65,5.80,-0.10,0.00,0.00,0.00,0.04,-0.06,0.33,0.94
55,4.37,1.37,2.19,1.65,5.80,-0.10,0.00,0.00,0.00,0.04,-0.06,0.33,0.94
56,4.37,1.37,2.19,1.83,5.22,0.04,0.00,0.00,0.00,0.04,-0.06,0.33,0.94
57,4.37,1.37,2.19,1.83,5.22,0.04,0.00,0.00,0.00,0.03,0.22,0.33,0.92
58,4.37,1.37,2.19,1.17,2.67,0.06,0.00,0.00,0.00,0.03,0.22,0.33,0.92
59,4.37,0.13,6.00,1.17,2.67,0.06,0.00,0.00,0.00,0.03,0.22,0.33,0.92
60,4.37,0.13,6.00,-1.05,-3.37,-0.30,0.00,0.00,0.00,0.03,0.22,0.33,0.92
61,4.37,0.13,6.00,-1.05,-3.37,-0.30,0.00,0.00,0.00,0.04,0.32,0.32,0.89
62,4.37,0.13,6.00,-2.46,-7.90,-0.02,0.00,0.00,0.00,0.04,0.32,0.32,0.89
63,3.94,0.44,2.94,-2.46,-7.90,-0.02,0.00,0.00,0.00,0.04,0.32,0.32,0.89
64,3.94,0.44,2.94,-2.14,-9.15,-0.42,0.00,0.00,0.00,0.04,0.32,0.32,0.89
65,3.94,0.44,2.94,-2.14,-9.15,-0.42,0.00,0.00,0.00,0.05,-0.05,0.31,0.95
66,3.94,0.44,2.94,-0.79,-5.63,0.44,0.00,0.00,0.00,0.05,-0.05,0.31,0.95
67,1.56,-1.00,-0.88,-0.79,-5.63,0.44,0.00,0.00,0.00,0.05,-0.05,0.31,0.95
68,1.56,-1.00,-0.88,0.58,2.96,0.35,0.00,0.00,0.00,0.05,-0.05,0.31,0.95
69,1.56,-1.00,-0.88,0.58,2.96,0.35,0.00,0.00,0.00,0.08,-0.27,0.31,0.91
70,1.56,-1.00,-0.88,2.05,7.74,-0.33,0.00,0.00,0.00,0.08,-0.27,0.31,0.91
71,4.44,-0.69,-0.13,2.05,7.74,-0.33,0.00,0.00,0.00,0.08,-0.27,0.31,0.91
72,4.44,-0.69,-0.13,2.30,7.23,-0.48,0.00,0.00,0.00,0.08,-0.27,0.31,0.91
73,4.44,-0.69,-0.13,2.30,7.23,-0.48,0.00,0.00,0.00,0.06,0.08,0.32,0.94
74,4.44,-0.69,-0.13,1.69,4.61,0.09,0.00,0.00,0.00,0.06,0.08,0.32,0.94
75,5.69,-1.94,2.87,1.69,4.61,0.09,0.00,0.00,0.00,0.06,0.08,0.32,0.94
76,5.69,-1.94,2.87,0.02,0.14,0.02,0.00,0.00,0.00,0.06,0.08,0.32,0.94
77,5.69,-1.94,2.87,0.02,0.14,0.02,0.00,0.00,0.00,0.06,0.29,0.32,0.90
78,5.69,-1.94,2.87,-1.91,-4.27,-0.08,0.00,0.00,0.00,0.06,0.29,0.32,0.90
79,3.56,1.44,3.37,-1.91,-4.27,-0.08,0.00,0.00,0.00,0.06,0.29,0.32,0.90
80,3.56,1.44,3.37,-2.33,-7.02,0.26,0.00,0.00,0.00,0.06,0.29,0.32,0.90
81,3.56,1.44,3.37,-2.33,-7.02,0.26,0.00,0.00,0.00,0.05,0.08,0.33,0.94
82,3.56,1.44,3.37,-1.38,-5.94,-0.28,0.00,0.00,0.00,0.05,0.08,0.33,0.94
83,3.25,-1.00,-0.13,-1.38,-5.94,-0.28,0.00,0.00,0.00,0.05,0.08,0.33,0.94
84,3.25,-1.00,-0.13,0.28,-3.17,-0.31,0.00,0.00,0.00,0.05,0.08,0.33,0.94
85,3.25,-1.00,-0.13,0.28,-3.17,-0.31,0.00,0.00,0.00,0.08,-0.21,0.31,0.92
86,3.25,-1.00,-0.13,0.43,1.48,-0.18,0.00,0.00,0.00,0.08,-0.21,0.31,0.92
87,1.12,1.06,-1.25,0.43,1.48,-0.18,0.00,0.00,0.00,0.08,-0.21,0.31,0.92
88,1.12,1.06,-1.25,-0.17,6.87,0.31,0.00,0.00,0.00,0.08,-0.21,0.31,0.92
89,1.12,1.06,-1.25,-0.17,6.87,0.31,0.00,0.00,0.00,0.07,-0.13,0.31,0.94
90,1.12,1.06,-1.25,2.63,8.81,0.27,0.00,0.00,0.00,0.07,-0.13,0.31,0.94
91,4.37,2.06,1.44,2.63,8.81,0.27,0.00,0.00,0.00,0.07,-0.13,0.31,0.94
92,4.37,2.06,1.44,1.67,5.47,0.19,0.00,0.00,0.00,0.07,-0.13,0.31,0.94
93,4.37,2.06,1.44,1.67,5.47,0.19,0.00,0.00,0.00,0.04,0.28,0.33,0.90
94,4.37,2.06,1.44,-0.55,-1.51,-0.09,0.00,0.00,0.00,0.04,0.28,0.33,0.90
95,3.94,0.81,5.62,-0.55,-1.51,-0.09,0.00,0.00,0.00,0.04,0.28,0.33,0.90
96,3.94,0.81,5.62,-1.94,-6.31,-0.06,0.00,0.00,0.00,0.04,0.28,0.33,0.90
97,3.94,0.81,5.62,-1.94,-6.31,-0.06,0.00,0.00,0.00,0.04,0.22,0.33,0.92
98,3.94,0.81,5.62,-1.88,-8.29,-0.10,0.00,0.00,0.00,0.04,0.22,0.33,0.92
99,4.00,0.06,1.00,-1.88,-8.29,-0.10,0.00,0.00,0.00,0.04,0.22,0.33,0.92
100,4.00,0.06,1.00,-0.73,-5.30,0.33,0.00,0.00,0.00,0.04,0.22,0.33,0.92
101,4.00,0.06,1.00,-0.73,-5.30,0.33,0.00,0.00,0.00,0.07,-0.15,0.31,0.94
102,4.00,0.06,1.00,0.16,-1.18,0.24,0.00,0.00,0.00,0.07,-0.15,0.31,0.94
103,2.44,0.00,-3.56,0.16,-1.18,0.24,0.00,0.00,0.00,0.07,-0.15,0.31,0.94
104,2.44,0.00,-3.56,0.39,4.60,0.46,0.00,0.00,0.00,0.07,-0.15,0.31,0.94
105,2.44,0.00,-3.56,0.39,4.60,0.46,0.00,0.00,0.00,0.08,-0.19,0.32,0.92
106,2.44,0.00,-3.56,2.23,8.66,0.09,0.00,0.00,0.00,0.08,-0.19,0.32,0.92
107,4.00,-0.62,0.62,2.23,8.66,0.09,0.00,0.00,0.00,0.08,-0.19,0.32,0.92
108,4.00,-0.62,0.62,2.16,7.19,0.09,0.00,0.00,0.00,0.08,-0.19,0.32,0.92
109,4.00,-0.62,0.62,2.16,7.19,0.09,0.00,0.00,0.00,0.02,0.19,0.35,0.92
110,4.00,-0.62,0.62,0.61,1.89,-0.15,0.00,0.00,0.00,0.02,0.19,0.35,0.92
111,5.25,0.06,3.69,0.61,1.89,-0.15,0.00,0.00,0.00,0.02,0.19,0.35,0.92
112,5.25,0.06,3.69,-1.03,-3.62,-0.57,0.00,0.00,0.00,0.02,0.19,0.35,0.92
113,5.25,0.06,3.69,-1.03,-3.62,-0.57,0.00,0.00,0.00,0.01,0.29,0.33,0.90
114,5.25,0.06,3.69,-2.58,-8.54,-0.37,0.00,0.00,0.00,0.01,0.29,0.33,0.90
115,5.69,-1.31,2.87,-2.58,-8.54,-0.37,0.00,0.00,0.00,0.01,0.29,0.33,0.90
116,5.69,-1.31,2.87,-0.87,-8.00,-0.00,0.00,0.00,0.00,0.01,0.29,0.33,0.90
117,5.69,-1.31,2.87,-0.87,-8.00,-0.00,0.00,0.00,0.00,0.05,-0.08,0.31,0.95
118,5.69,-1.31,2.87,0.00,-3.44,0.12,0.00,0.00,0.00,0.05,-0.08,0.31,0.95
119,2.81,-0.31,-0.50,0.00,-3.44,0.12,0.00,0.00,0.00,0.05,-0.08,0.31,0.95
120,2.81,-0.31,-0.50,0.40,1.66,0.21,0.00,0.00,0.00,0.05,-0.08,0.31,0.95
121,2.81,-0.31,-0.50,0.40,1.66,0.21,0.00,0.00,0.00,0.09,-0.24,0.31,0.92
122,2.81,-0.31,-0.50,0.69,5.99,-0.04,0.00,0.00,0.00,0.09,-0.24,0.31,0.92
123,3.25,-0.69,-0.56,0.69,5.99,-0.04,0.00,0.00,0.00,0.09,-0.24,0.31,0.92
124,3.25,-0.69,-0.56,0.52,7.46,-0.18,0.00,0.00,0.00,0.09,-0.24,0.31,0.92
125,3.25,-0.69,-0.56,0.52,7.46,-0.18,0.00,0.00,0.00,0.03,0.02,0.33,0.94
126,3.25,-0.69,-0.56,1.70,5.69,0.04,0.00,0.00,0.00,0.03,0.02,0.33,0.94
127,3.94,1.81,4.50,1.70,5.69,0.04,0.00,0.00,0.00,0.03,0.02,0.33,0.94
128,3.94,1.81,4.50,0.33,1.04,0.12,0.00,0.00,0.00,0.03,0.02,0.33,0.94
129,3.94,1.81,4.50,0.33,1.04,0.12,0.00,0.00,0.00,0.01,0.29,0.32,0.90
130,3.94,1.81,4.50,-0.83,-3.13,-0.10,0.00,0.00,0.00,0.01,0.29,0.32,0.90
131,5.25,-1.00,2.87,-0.83,-3.13,-0.10,0.00,0.00,0.00,0.01,0.29,0.32,0.90
132,5.25,-1.00,2.87,-2.57,-8.68,0.22,0.00,0.00,0.00,0.01,0.29,0.32,0.90
133,5.25,-1.00,2.87,-2.57,-8.68,0.22,0.00,0.00,0.00,0.03,0.11,0.33,0.94
134,5.25,-1.00,2.87,-0.91,-8.62,-0.08,0.00,0.00,0.00,0.03,0.11,0.33,0.94
135,3.62,1.69,0.25,-0.91,-8.62,-0.08,0.00,0.00,0.00,0.03,0.11,0.33,0.94
136,3.62,1.69,0.25,0.02,-3.28,-0.03,0.00,0.00,0.00,0.03,0.11,0.33,0.94
137,3.62,1.69,0.25,0.02,-3.28,-0.03,0.00,0.00,0.00,0.09,-0.26,0.31,0.91
138,3.62,1.69,0.25,0.46,2.60,0.29,0.00,0.00,0.00,0.09,-0.26,0.31,0.91
139,1.62,0.00,-2.75,0.46,2.60,0.29,0.00,0.00,0.00,0.09,-0.26,0.31,0.91
140,1.62,0.00,-2.75,0.84,6.87,-0.04,0.00,0.00,0.00,0.09,-0.26,0.31,0.91
141,1.62,0.00,-2.75,0.84,6.87,-0.04,0.00,0.00,0.00,0.08,-0.15,0.33,0.93
142,1.62,0.00,-2.75,3.24,7.83,-0.42,0.00,0.00,0.00,0.08,-0.15,0.33,0.93
143,4.37,0.06,2.12,3.24,7.83,-0.42,0.00,0.00,0.00,0.08,-0.15,0.33,0.93
144,4.37,0.06,2.12,1.05,3.14,-0.14,0.00,0.00,0.00,0.08,-0.15,0.33,0.93
145,4.37,0.06,2.12,1.05,3.14,-0.14,0.00,0.00,0.00,0.03,0.19,0.33,0.93
146,4.37,0.06,2.12,-0.35,-1.80,-0.31,0.00,0.00,0.00,0.03,0.19,0.33,0.93
147,3.19,0.44,2.94,-0.35,-1.80,-0.31,0.00,0.00,0.00,0.03,0.19,0.33,0.93
148,3.19,0.44,2.94,-1.61,-5.92,0.00,0.00,0.00,0.00,0.03,0.19,0.33,0.93
149,3.19,0.44,2.94,-1.61,-5.92,0.00,0.00,0.00,0.00,0.04,0.11,0.32,0.94
150,3.62,1.69,-1.25,-1.61,-5.92,0.00,0.00,0.00,0.00,0.04,0.11,0.32,0.94
151,3.62,1.69,-1.25,-1.49,-6.54,0.24,0.00,0.00,0.00,0.04,0.11,0.32,0.94
152,3.62,1.69,-1.25,-0.45,-3.36,0.29,0.00,0.00,0.00,0.04,0.11,0.32,0.94
153,3.62,1.69,-1.25,-0.45,-3.36,0.29,0.00,0.00,0.00,0.07,-0.20,0.31,0.93
154,3.62,1.69,-1.25,0.57,2.01,0.19,0.00,0.00,0.00,0.07,-0.20,0.31,0.93
155,1.56,0.75,-0.06,0.57,2.01,0.19,0.00,0.00,0.00,0.07,-0.20,0.31,0.93
156,1.56,0.75,-0.06,0.80,6.99,0.06,0.00,0.00,0.00,0.07,-0.20,0.31,0.93
157,1.56,0.75,-0.06,0.80,6.99,0.06,0.00,0.00,0.00,0.05,-0.10,0.33,0.94
158,1.56,0.75,-0.06,1.85,7.63,-0.23,0.00,0.00,0.00,0.05,-0.10,0.33,0.94
159,5.62,1.06,1.81,1.85,7.63,-0.23,0.00,0.00,0.00,0.05,-0.10,0.33,0.94
160,5.62,1.06,1.81,0.95,3.22,0.07,0.00,0.00,0.00,0.05,-0.10,0.33,0.94
161,5.62,1.06,1.81,0.95,3.22,0.07,0.00,0.00,0.00,0.00,0.24,0.32,0.92
162,5.62,1.06,1.81,-0.41,-1.92,-0.23,0.00,0.00,0.00,0.00,0.24,0.32,0.92
163,4.37,1.19,4.87,-0.41,-1.92,-0.23,0.00,0.00,0.00,0.00,0.24,0.32,0.92
164,4.37,1.19,4.87,-1.33,-5.53,-0.29,0.00,0.00,0.00,0.00,0.24,0.32,0.92
165,4.37,1.19,4.87,-1.33,-5.53,-0.29,0.00,0.00,0.00,0.01,0.16,0.32,0.93
166,4.37,1.19,4.87,-1.29,-6.93,0.36,0.00,0.00,0.00,0.01,0.16,0.32,0.93
167,4.00,0.75,1.37,-1.29,-6.93,0.36,0.00,0.00,0.00,0.01,0.16,0.32,0.93
168,4.00,0.75,1.37,-0.61,-4.16,0.46,0.00,0.00,0.00,0.01,0.16,0.32,0.93
169,4.00,0.75,1.37,-0.61,-4.16,0.46,0.00,0.00,0.00,0.05,-0.16,0.32,0.93
170,4.00,0.75,1.37,0.44,0.99,0.50,0.00,0.00,0.00,0.05,-0.16,0.32,0.93
171,1.56,-0.31,-1.62,0.44,0.99,0.50,0.00,0.00,0.00,0.05,-0.16,0.32,0.93
172,1.56,-0.31,-1.62,1.53,6.14,-0.04,0.00,0.00,0.00,0.05,-0.16,0.32,0.93
173,1.56,-0.31,-1.62,1.53,6.14,-0.04,0.00,0.00,0.00,0.05,-0.11,0.35,0.93
174,1.56,-0.31,-1.62,1.86,7.44,-0.57,0.00,0.00,0.00,0.05,-0.11,0.35,0.93
175,4.37,1.37,2.56,1.86,7.44,-0.57,0.00,0.00,0.00,0.05,-0.11,0.35,0.93
176,4.37,1.37,2.56,1.08,4.49,-0.20,0.00,0.00,0.00,0.05,-0.11,0.35,0.93
177,4.37,1.37,2.56,1.08,4.49,-0.20,0.00,0.00,0.00,0.01,0.24,0.33,0.91
178,4.37,1.37,2.56,-0.20,-0.17,-0.38,0.00,0.00,0.00,0.01,0.24,0.33,0.91
179,3.94,0.81,5.25,-0.20,-0.17,-0.38,0.00,0.00,0.00,0.01,0.24,0.33,0.91
180,3.94,0.81,5.25,-1.30,-4.71,-0.29,0.00,0.00,0.00,0.01,0.24,0.33,0.91
181,3.94,0.81,5.25,-1.30,-4.71,-0.29,0.00,0.00,0.00,0.00,0.23,0.32,0.92
182,3.94,0.81,5.25,-1.83,-8.04,0.08,0.00,0.00,0.00,0.00,0.23,0.32,0.92
183,5.19,1.37,2.56,-1.83,-8.04,0.08,0.00,0.00,0.00,0.00,0.23,0.32,0.92
184,5.19,1.37,2.56,-1.26,-6.31,0.24,0.00,0.00,0.00,0.00,0.23,0.32,0.92
185,5.19,1.37,2.56,-1.26,-6.31,0.24,0.00,0.00,0.00,0.04,-0.13,0.32,0.94
186,5.19,1.37,2.56,0.00,-1.26,0.34,0.00,0.00,0.00,0.04,-0.13,0.32,0.94
187,2.44,-0.31,-1.31,0.00,-1.26,0.34,0.00,0.00,0.00,0.04,-0.13,0.32,0.94
188,2.44,-0.31,-1.31,1.56,4.09,0.24,0.00,0.00,0.00,0.04,-0.13,0.32,0.94
189,2.44,-0.31,-1.31,1.56,4.09,0.24,0.00,0.00,0.00,0.07,-0.18,0.33,0.92
190,2.44,-0.31,-1.31,0.99,8.00,-0.43,0.00,0.00,0.00,0.07,-0.18,0.33,0.92
191,4.00,-1.00,1.37,0.99,8.00,-0.43,0.00,0.00,0.00,0.07,-0.18,0.33,0.92
192,4.00,-1.00,1.37,2.26,6.88,-0.08,0.00,0.00,0.00,0.07,-0.18,0.33,0.92
193,4.00,-1.00,1.37,2.26,6.88,-0.08,0.00,0.00,0.00,0.02,0.18,0.33,0.92
194,4.00,-1.00,1.37,0.76,1.33,-0.02,0.00,0.00,0.00,0.02,0.18,0.33,0.92
195,5.62,-0.25,4.44,0.76,1.33,-0.02,0.00,0.00,0.00,0.02,0.18,0.33,0.92
196,5.62,-0.25,4.44,-0.96,-3.58,-0.46,0.00,0.00,0.00,0.02,0.18,0.33,0.92
197,5.62,-0.25,4.44,-0.96,-3.58,-0.46,0.00,0.00,0.00,0.03,0.26,0.32,0.91
198,5.62,-0.25,4.44,-2.17,-7.97,0.28,0.00,0.00,0.00,0.03,0.26,0.32,0.91
199,3.62,0.44,2.94,-2.17,-7.97,0.28,0.00,0.00,0.00,0.03,0.26,0.32,0.91
200,3.62,0.44,2.94,-1.42,-6.72,0.72,0.00,0.00,0.00,0.03,0.26,0.32,0.91
201,3.62,0.44,2.94,-1.42,-6.72,0.72,0.00,0.00,0.00,0.05,-0.08,0.32,0.94
202,3.62,0.44,2.94,-0.05,-1.83,0.56,0.00,0.00,0.00,0.05,-0.08,0.32,0.94
203,4.00,1.31,-1.31,-0.05,-1.83,0.56,0.00,0.00,0.00,0.05,-0.08,0.32,0.94
204,4.00,1.31,-1.31,0.30,3.23,0.62,0.00,0.00,0.00,0.05,-0.08,0.32,0.94
205,4.00,1.31,-1.31,0.30,3.23,0.62,0.00,0.00,0.00,0.07,-0.18,0.34,0.92
206,4.00,1.31,-1.31,1.78,6.29,-0.44,0.00,0.00,0.00,0.07,-0.18,0.34,0.92
207,3.25,-1.69,1.00,1.78,6.29,-0.44,0.00,0.00,0.00,0.07,-0.18,0.34,0.92
208,3.25,-1.69,1.00,1.95,6.41,-0.53,0.00,0.00,0.00,0.07,-0.18,0.34,0.92
209,3.25,-1.69,1.00,1.95,6.41,-0.53,0.00,0.00,0.00,0.04,0.12,0.34,0.93
210,3.25,-1.69,1.00,0.59,2.25,-0.09,0.00,0.00,0.00,0.04,0.12,0.34,0.93
211,3.94,0.44,3.69,0.59,2.25,-0.09,0.00,0.00,0.00,0.04,0.12,0.34,0.93
212,3.94,0.44,3.69,-1.35,-3.13,0.02,0.00,0.00,0.00,0.04,0.12,0.34,0.93
213,3.94,0.44,3.69,-1.35,-3.13,0.02,0.00,0.00,0.00,0.03,0.23,0.34,0.91
214,3.94,0.44,3.69,-2.38,-7.75,-0.16,0.00,0.00,0.00,0.03,0.23,0.34,0.91
215,5.25,1.69,0.69,-2.38,-7.75,-0.16,0.00,0.00,0.00,0.03,0.23,0.34,0.91
216,5.25,1.69,0.69,-0.81,-7.36,0.39,0.00,0.00,0.00,0.03,0.23,0.34,0.91
217,5.25,1.69,0.69,-0.81,-7.36,0.39,0.00,0.00,0.00,0.06,-0.12,0.33,0.93
218,5.25,1.69,0.69,0.40,-0.94,0.38,0.00,0.00,0.00,0.06,-0.12,0.33,0.93
219,4.44,-1.00,-0.56,0.40,-0.94,0.38,0.00,0.00,0.00,0.06,-0.12,0.33,0.93
220,4.44,-1.00,-0.56,0.83,6.97,0.22,0.00,0.00,0.00,0.06,-0.12,0.33,0.93
221,4.44,-1.00,-0.56,0.83,6.97,0.22,0.00,0.00,0.00,0.08,-0.15,0.35,0.92
222,4.44,-1.00,-0.56,2.93,9.37,-0.68,0.00,0.00,0.00,0.08,-0.15,0.35,0.92
223,3.69,-1.00,1.37,2.93,9.37,-0.68,0.00,0.00,0.00,0.08,-0.15,0.35,0.92
224,3.69,-1.00,1.37,1.40,4.75,0.02,0.00,0.00,0.00,0.08,-0.15,0.35,0.92
225,3.69,-1.00,1.37,1.40,4.75,0.02,0.00,0.00,0.00,0.04,0.27,0.34,0.90
226,3.69,-1.00,1.37,-0.66,-1.46,-0.32,0.00,0.00,0.00,0.04,0.27,0.34,0.90
227,3.94,0.13,4.50,-0.66,-1.46,-0.32,0.00,0.00,0.00,0.04,0.27,0.34,0.90
228,3.94,0.13,4.50,-1.82,-5.20,-0.12,0.00,0.00,0.00,0.04,0.27,0.34,0.90
229,3.94,0.13,4.50,-1.82,-5.20,-0.12,0.00,0.00,0.00,0.03,0.22,0.34,0.92
230,3.94,0.13,4.50,-1.55,-7.87,0.05,0.00,0.00,0.00,0.03,0.22,0.34,0.92
231,5.25,1.06,2.12,-1.55,-7.87,0.05,0.00,0.00,0.00,0.03,0.22,0.34,0.92
232,5.25,1.06,2.12,-0.84,-6.04,0.18,0.00,0.00,0.00,0.03,0.22,0.34,0.92
233,5.25,1.06,2.12,-0.84,-6.04,0.18,0.00,0.00,0.00,0.07,-0.13,0.33,0.93
234,5.25,1.06,2.12,-0.15,-1.21,0.44,0.00,0.00,0.00,0.07,-0.13,0.33,0.93
235,2.87,0.00,-1.62,-0.15,-1.21,0.44,0.00,0.00,0.00,0.07,-0.13,0.33,0.93
236,2.87,0.00,-1.62,0.79,4.45,0.49,0.00,0.00,0.00,0.07,-0.13,0.33,0.93
237,2.87,0.00,-1.62,0.79,4.45,0.49,0.00,0.00,0.00,0.08,-0.19,0.35,0.91
238,2.87,0.00,-1.62,3.03,9.19,-0.35,0.00,0.00,0.00,0.08,-0.19,0.35,0.91
239,4.44,-1.00,1.37,3.03,9.19,-0.35,0.00,0.00,0.00,0.08,-0.19,0.35,0.91
240,4.44,-1.00,1.37,1.87,5.83,-0.06,0.00,0.00,0.00,0.08,-0.19,0.35,0.91
241,4.44,-1.00,1.37,1.87,5.83,-0.06,0.00,0.00,0.00,0.05,0.22,0.36,0.91
242,4.44,-1.00,1.37,-0.90,-1.93,-0.40,0.00,0.00,0.00,0.05,0.22,0.36,0.91
243,4.75,1.75,3.37,-0.90,-1.93,-0.40,0.00,0.00,0.00,0.05,0.22,0.36,0.91
244,4.75,1.75,3.37,-2.34,-5.75,-0.10,0.00,0.00,0.00,0.05,0.22,0.36,0.91
245,4.75,1.75,3.37,-2.34,-5.75,-0.10,0.00,0.00,0.00,0.04,0.14,0.35,0.92
246,4.75,1.75,3.37,-1.41,-7.22,-0.58,0.00,0.00,0.00,0.04,0.14,0.35,0.92
247,4.00,1.06,-0.88,-1.41,-7.22,-0.58,0.00,0.00,0.00,0.04,0.14,0.35,0.92
248,4.00,1.06,-0.88,0.02,-6.04,0.08,0.00,0.00,0.00,0.04,0.14,0.35,0.92
249,4.00,1.06,-0.88,0.02,-6.04,0.08,0.00,0.00,0.00,0.09,-0.20,0.33,0.92
250,4.00,1.06,-0.88,0.14,1.00,1.36,0.00,0.00,0.00,0.09,-0.20,0.33,0.92
251,2.44,1.06,-2.06,0.14,1.00,1.36,0.00,0.00,0.00,0.09,-0.20,0.33,0.92
252,2.44,1.06,-2.06,2.03,7.26,-0.12,0.00,0.00,0.00,0.09,-0.20,0.33,0.92
253,2.44,1.06,-2.06,2.03,7.26,-0.12,0.00,0.00,0.00,0.08,-0.16,0.37,0.91
254,2.44,1.06,-2.06,2.49,8.21,-0.61,0.00,0.00,0.00,0.08,-0.16,0.37,0.91
255,4.44,-0.94,2.56,2.49,8.21,-0.61,0.00,0.00,0.00,0.08,-0.16,0.37,0.91
256,4.44,-0.94,2.56,1.37,4.44,-0.29,0.00,0.00,0.00,0.08,-0.16,0.37,0.91
257,4.44,-0.94,2.56,1.37,4.44,-0.29,0.00,0.00,0.00,0.05,0.23,0.37,0.90
258,4.44,-0.94,2.56,-0.14,0.11,-0.43,0.00,0.00,0.00,0.05,0.23,0.37,0.90
259,4.37,-0.62,3.69,-0.14,0.11,-0.43,0.00,0.00,0.00,0.05,0.23,0.37,0.90
260,4.37,-0.62,3.69,-0.71,-1.87,-0.05,0.00,0.00,0.00,0.05,0.23,0.37,0.90
261,4.37,-0.62,3.69,-0.71,-1.87,-0.05,0.00,0.00,0.00,0.03,0.26,0.36,0.90
262,4.37,-0.62,3.69,-1.34,-4.85,0.15,0.00,0.00,0.00,0.03,0.26,0.36,0.90
263,4.81,-0.25,3.31,-1.34,-4.85,0.15,0.00,0.00,0.00,0.03,0.26,0.36,0.90
264,4.81,-0.25,3.31,-1.74,-7.23,-0.46,0.00,0.00,0.00,0.03,0.26,0.36,0.90
265,4.81,-0.25,3.31,-1.74,-7.23,-0.46,0.00,0.00,0.00,0.06,0.01,0.35,0.93
266,4.81,-0.25,3.31,-0.76,-5.08,0.25,0.00,0.00,0.00,0.06,0.01,0.35,0.93
267,4.00,0.00,-0.56,-0.76,-5.08,0.25,0.00,0.00,0.00,0.06,0.01,0.35,0.93
268,4.00,0.00,-0.56,0.42,-0.42,0.41,0.00,0.00,0.00,0.06,0.01,0.35,0.93
269,4.00,0.00,-0.56,0.42,-0.42,0.41,0.00,0.00,0.00,0.10,-0.22,0.33,0.91
270,4.00,0.00,-0.56,0.67,5.58,0.14,0.00,0.00,0.00,0.10,-0.22,0.33,0.91
271,3.75,-2.69,-0.94,0.67,5.58,0.14,0.00,0.00,0.00,0.10,-0.22,0.33,0.91
272,3.75,-2.69,-0.94,2.51,8.42,-0.33,0.00,0.00,0.00,0.10,-0.22,0.33,0.91
273,3.75,-2.69,-0.94,2.51,8.42,-0.33,0.00,0.00,0.00,0.05,0.03,0.36,0.93
274,3.75,-2.69,-0.94,1.96,5.50,-0.38,0.00,0.00,0.00,0.05,0.03,0.36,0.93
275,3.62,-0.25,3.31,1.96,5.50,-0.38,0.00,0.00,0.00,0.05,0.03,0.36,0.93
276,3.62,-0.25,3.31,-0.34,-0.82,-0.33,0.00,0.00,0.00,0.05,0.03,0.36,0.93
277,3.62,-0.25,3.31,-0.34,-0.82,-0.33,0.00,0.00,0.00,0.04,0.28,0.34,0.89
278,3.62,-0.25,3.31,-2.28,-6.25,-0.28,0.00,0.00,0.00,0.04,0.28,0.34,0.89
279,4.44,-0.94,3.31,-2.28,-6.25,-0.28,0.00,0.00,0.00,0.04,0.28,0.34,0.89
280,4.44,-0.94,3.31,-1.98,-8.30,-0.36,0.00,0.00,0.00,0.04,0.28,0.34,0.89
281,4.44,-0.94,3.31,-1.98,-8.30,-0.36,0.00,0.00,0.00,0.05,-0.01,0.33,0.94
282,4.44,-0.94,3.31,0.24,-5.40,0.22,0.00,0.00,0.00,0.05,-0.01,0.33,0.94
283,3.31,-1.37,-1.31,0.24,-5.40,0.22,0.00,0.00,0.00,0.05,-0.01,0.33,0.94
284,3.31,-1.37,-1.31,0.38,0.70,0.72,0.00,0.00,0.00,0.05,-0.01,0.33,0.94
285,3.31,-1.37,-1.31,0.38,0.70,0.72,0.00,0.00,0.00,0.12,-0.24,0.33,0.91
286,3.31,-1.37,-1.31,0.50,6.88,0.02,0.00,0.00,0.00,0.12,-0.24,0.33,0.91
287,3.69,-1.69,-0.56,0.50,6.88,0.02,0.00,0.00,0.00,0.12,-0.24,0.33,0.91
288,3.69,-1.69,-0.56,1.21,8.21,-0.59,0.00,0.00,0.00,0.12,-0.24,0.33,0.91
289,3.69,-1.69,-0.56,1.21,8.21,-0.59,0.00,0.00,0.00,0.03,0.05,0.36,0.93
290,3.69,-1.69,-0.56,1.94,5.19,-0.17,0.00,0.00,0.00,0.03,0.05,0.36,0.93
291,5.69,-1.00,3.31,1.94,5.19,-0.17,0.00,0.00,0.00,0.03,0.05,0.36,0.93
292,5.69,-1.00,3.31,0.48,0.46,-0.28,0.00,0.00,0.00,0.03,0.05,0.36,0.93
293,5.69,-1.00,3.31,0.48,0.46,-0.28,0.00,0.00,0.00,0.02,0.30,0.33,0.89
294,5.69,-1.00,3.31,-1.16,-4.94,-0.46,0.00,0.00,0.00,0.02,0.30,0.33,0.89
295,3.94,1.81,4.06,-1.16,-4.94,-0.46,0.00,0.00,0.00,0.02,0.30,0.33,0.89
296,3.94,1.81,4.06,-1.99,-7.73,-0.10,0.00,0.00,0.00,0.02,0.30,0.33,0.89
297,3.94,1.81,4.06,-1.99,-7.73,-0.10,0.00,0.00,0.00,0.04,0.07,0.32,0.94
298,3.94,1.81,4.06,-1.07,-5.95,0.45,0.00,0.00,0.00,0.04,0.07,0.32,0.94
299,3.25,1.06,-0.50,-1.07,-5.95,0.45,0.00,0.00,0.00,0.04,0.07,0.32,0.94
300,3.25,1.06,-0.50,0.09,-0.95,0.41,0.00,0.00,0.00,0.04,0.07,0.32,0.94
301,3.25,1.06,-0.50,0.09,-0.95,0.41,0.00,0.00,0.00,0.07,-0.20,0.32,0.92
302,3.25,1.06,-0.50,1.05,4.05,0.23,0.00,0.00,0.00,0.07,-0.20,0.32,0.92
303,3.19,1.75,1.06,1.05,4.05,0.23,0.00,0.00,0.00,0.07,-0.20,0.32,0.92
304,3.19,1.75,1.06,2.50,6.80,-0.59,0.00,0.00,0.00,0.07,-0.20,0.32,0.92
305,3.19,1.75,1.06,2.50,6.80,-0.59,0.00,0.00,0.00,0.05,-0.01,0.34,0.94
306,3.19,1.75,1.06,1.60,4.97,-0.43,0.00,0.00,0.00,0.05,-0.01,0.34,0.94
307,4.44,0.06,1.37,1.60,4.97,-0.43,0.00,0.00,0.00,0.05,-0.01,0.34,0.94
308,4.44,0.06,1.37,0.31,1.10,-0.16,0.00,0.00,0.00,0.05,-0.01,0.34,0.94
309,4.44,0.06,1.37,0.31,1.10,-0.16,0.00,0.00,0.00,0.04,0.24,0.33,0.91
310,4.44,0.06,1.37,-1.26,-3.47,0.03,0.00,0.00,0.00,0.04,0.24,0.33,0.91
311,4.37,-0.25,3.69,-1.26,-3.47,0.03,0.00,0.00,0.00,0.04,0.24,0.33,0.91
312,4.37,-0.25,3.69,-1.63,-6.60,-0.17,0.00,0.00,0.00,0.04,0.24,0.33,0.91
313,4.37,-0.25,3.69,-1.63,-6.60,-0.17,0.00,0.00,0.00,0.04,0.07,0.33,0.94
314,4.37,-0.25,3.69,-1.12,-6.01,0.33,0.00,0.00,0.00,0.04,0.07,0.33,0.94
315,3.25,-0.62,0.56,-1.12,-6.01,0.33,0.00,0.00,0.00,0.04,0.07,0.33,0.94
316,3.25,-0.62,0.56,-0.15,-1.25,0.21,0.00,0.00,0.00,0.04,0.07,0.33,0.94
317,3.25,-0.62,0.56,-0.15,-1.25,0.21,0.00,0.00,0.00,0.07,-0.19,0.32,0.92
318,3.25,-0.62,0.56,0.80,3.04,0.18,0.00,0.00,0.00,0.07,-0.19,0.32,0.92
319,3.25,0.00,-0.88,0.80,3.04,0.18,0.00,0.00,0.00,0.07,-0.19,0.32,0.92
320,3.25,0.00,-0.88,0.63,6.36,0.21,0.00,0.00,0.00,0.07,-0.19,0.32,0.92
321,3.25,0.00,-0.88,0.63,6.36,0.21,0.00,0.00,0.00,0.05,-0.05,0.35,0.94
322,3.25,0.00,-0.88,1.65,5.26,-0.27,0.00,0.00,0.00,0.05,-0.05,0.35,0.94
323,4.81,1.37,2.94,1.65,5.26,-0.27,0.00,0.00,0.00,0.05,-0.05,0.35,0.94
324,4.81,1.37,2.94,1.18,2.63,-0.22,0.00,0.00,0.00,0.05,-0.05,0.35,0.94
325,4.81,1.37,2.94,1.18,2.63,-0.22,0.00,0.00,0.00,0.02,0.21,0.34,0.92
326,4.81,1.37,2.94,0.24,0.64,-0.29,0.00,0.00,0.00,0.02,0.21,0.34,0.92
327,4.00,-0.94,3.31,0.24,0.64,-0.29,0.00,0.00,0.00,0.02,0.21,0.34,0.92
328,4.00,-0.94,3.31,-0.99,-3.10,-0.04,0.00,0.00,0.00,0.02,0.21,0.34,0.92
329,4.00,-0.94,3.31,-0.99,-3.10,-0.04,0.00,0.00,0.00,0.03,0.22,0.33,0.92
330,4.00,-0.94,3.31,-1.95,-4.02,0.46,0.00,0.00,0.00,0.03,0.22,0.33,0.92
331,4.81,-0.62,3.69,-1.95,-4.02,0.46,0.00,0.00,0.00,0.03,0.22,0.33,0.92
332,4.81,-0.62,3.69,-0.78,-5.69,-0.09,0.00,0.00,0.00,0.03,0.22,0.33,0.92
333,4.81,-0.62,3.69,-0.78,-5.69,-0.09,0.00,0.00,0.00,0.03,-0.01,0.34,0.94
334,4.81,-0.62,3.69,-0.04,-4.71,-0.12,0.00,0.00,0.00,0.03,-0.01,0.34,0.94
335,3.69,1.06,-1.31,-0.04,-4.71,-0.12,0.00,0.00,0.00,0.03,-0.01,0.34,0.94
336,3.69,1.06,-1.31,0.14,-1.01,-0.15,0.00,0.00,0.00,0.03,-0.01,0.34,0.94
337,3.69,1.06,-1.31,0.14,-1.01,-0.15,0.00,0.00,0.00,0.09,-0.20,0.32,0.92
338,3.69,1.06,-1.31,0.30,5.23,0.27,0.00,0.00,0.00,0.09,-0.20,0.32,0.92
339,3.25,-0.69,-0.56,0.30,5.23,0.27,0.00,0.00,0.00,0.09,-0.20,0.32,0.92
340,3.25,-0.69,-0.56,0.79,7.85,-0.31,0.00,0.00,0.00,0.09,-0.20,0.32,0.92
341,3.25,-0.69,-0.56,0.79,7.85,-0.31,0.00,0.00,0.00,0.03,0.01,0.34,0.94
342,3.25,-0.69,-0.56,2.15,4.83,-0.10,0.00,0.00,0.00,0.03,0.01,0.34,0.94
343,4.37,0.06,2.94,2.15,4.83,-0.10,0.00,0.00,0.00,0.03,0.01,0.34,0.94
344,4.37,0.06,2.94,0.21,0.06,-0.31,0.00,0.00,0.00,0.03,0.01,0.34,0.94
345,4.37,0.06,2.94,0.21,0.06,-0.31,0.00,0.00,0.00,0.03,0.25,0.32,0.91
346,4.37,0.06,2.94,-1.49,-4.16,-0.29,0.00,0.00,0.00,0.03,0.25,0.32,0.91
347,3.19,1.75,2.62,-1.49,-4.16,-0.29,0.00,0.00,0.00,0.03,0.25,0.32,0.91
348,3.19,1.75,2.62,-1.71,-6.89,-0.12,0.00,0.00,0.00,0.03,0.25,0.32,0.91
349,3.19,1.75,2.62,-1.71,-6.89,-0.12,0.00,0.00,0.00,0.03,0.05,0.32,0.95
350,3.19,1.75,2.62,-0.99,-6.23,0.41,0.00,0.00,0.00,0.03,0.05,0.32,0.95
351,3.69,1.06,-1.31,-0.99,-6.23,0.41,0.00,0.00,0.00,0.03,0.05,0.32,0.95
352,3.69,1.06,-1.31,-0.04,-2.00,0.22,0.00,0.00,0.00,0.03,0.05,0.32,0.95
353,3.69,1.06,-1.31,-0.04,-2.00,0.22,0.00,0.00,0.00,0.07,-0.23,0.31,0.92
354,3.69,1.06,-1.31,0.77,1.78,0.03,0.00,0.00,0.00,0.07,-0.23,0.31,0.92
355,2.00,1.06,-0.50,0.77,1.78,0.03,0.00,0.00,0.00,0.07,-0.23,0.31,0.92
356,2.00,1.06,-0.50,1.58,5.79,-0.17,0.00,0.00,0.00,0.07,-0.23,0.31,0.92
357,2.00,1.06,-0.50,1.58,5.79,-0.17,0.00,0.00,0.00,0.08,-0.13,0.33,0.93
358,2.00,1.06,-0.50,1.90,6.51,-0.37,0.00,0.00,0.00,0.08,-0.13,0.33,0.93
359,4.37,0.81,3.37,1.90,6.51,-0.37,0.00,0.00,0.00,0.08,-0.13,0.33,0.93
360,4.37,0.81,3.37,1.03,4.16,-0.24,0.00,0.00,0.00,0.08,-0.13,0.33,0.93
361,4.37,0.81,3.37,1.03,4.16,-0.24,0.00,0.00,0.00,0.05,0.18,0.33,0.92
362,4.37,0.81,3.37,-0.12,0.16,-0.34,0.00,0.00,0.00,0.05,0.18,0.33,0.92
363,3.94,2.50,4.12,-0.12,0.16,-0.34,0.00,0.00,0.00,0.05,0.18,0.33,0.92
364,3.94,2.50,4.12,-1.77,-4.91,-0.13,0.00,0.00,0.00,0.05,0.18,0.33,0.92
365,3.94,2.50,4.12,-1.77,-4.91,-0.13,0.00,0.00,0.00,0.04,0.18,0.32,0.93
366,3.94,2.50,4.12,-1.92,-8.03,0.14,0.00,0.00,0.00,0.04,0.18,0.32,0.93
367,4.00,0.37,-0.13,-1.92,-8.03,0.14,0.00,0.00,0.00,0.04,0.18,0.32,0.93
368,4.00,0.37,-0.13,-0.90,-5.04,0.48,0.00,0.00,0.00,0.04,0.18,0.32,0.93
369,4.00,0.37,-0.13,-0.90,-5.04,0.48,0.00,0.00,0.00,0.06,-0.18,0.32,0.93
370,4.00,0.37,-0.13,0.63,-0.67,0.07,0.00,0.00,0.00,0.06,-0.18,0.32,0.93
371,1.56,-0.31,-1.62,0.63,-0.67,0.07,0.00,0.00,0.00,0.06,-0.18,0.32,0.93
372,1.56,-0.31,-1.62,0.81,5.24,0.42,0.00,0.00,0.00,0.06,-0.18,0.32,0.93
373,1.56,-0.31,-1.62,0.81,5.24,0.42,0.00,0.00,0.00,0.08,-0.18,0.34,0.92
374,1.56,-0.31,-1.62,2.57,7.48,-0.23,0.00,0.00,0.00,0.08,-0.18,0.34,0.92
375,3.62,0.44,1.37,2.57,7.48,-0.23,0.00,0.00,0.00,0.08,-0.18,0.34,0.92
376,3.62,0.44,1.37,2.02,6.02,-0.11,0.00,0.00,0.00,0.08,-0.18,0.34,0.92
377,3.62,0.44,1.37,2.02,6.02,-0.11,0.00,0.00,0.00,0.05,0.17,0.35,0.92
378,3.62,0.44,1.37,0.45,1.22,-0.52,0.00,0.00,0.00,0.05,0.17,0.35,0.92
379,5.25,-0.25,3.69,0.45,1.22,-0.52,0.00,0.00,0.00,0.05,0.17,0.35,0.92
380,5.25,-0.25,3.69,-1.09,-2.66,-0.50,0.00,0.00,0.00,0.05,0.17,0.35,0.92
381,5.25,-0.25,3.69,-1.09,-2.66,-0.50,0.00,0.00,0.00,0.03,0.24,0.33,0.91
382,5.25,-0.25,3.69,-2.36,-7.07,0.19,0.00,0.00,0.00,0.03,0.24,0.33,0.91
383,4.00,0.44,2.12,-2.36,-7.07,0.19,0.00,0.00,0.00,0.03,0.24,0.33,0.91
384,4.00,0.44,2.12,-1.45,-8.30,0.60,0.00,0.00,0.00,0.03,0.24,0.33,0.91
385,4.00,0.44,2.12,-1.45,-8.30,0.60,0.00,0.00,0.00,0.06,-0.09,0.33,0.94
386,4.00,0.44,2.12,-0.24,-5.44,0.02,0.00,0.00,0.00,0.06,-0.09,0.33,0.94
387,0.00,-1.62,-0.50,-0.24,-5.44,0.02,0.00,0.00,0.00,0.06,-0.09,0.33,0.94
388,0.00,-1.62,-0.50,0.14,1.41,0.31,0.00,0.00,0.00,0.06,-0.09,0.33,0.94
389,0.00,-1.62,-0.50,0.14,1.41,0.31,0.00,0.00,0.00,0.11,-0.31,0.32,0.89
390,0.00,-1.62,-0.50,0.87,6.03,-0.36,0.00,0.00,0.00,0.11,-0.31,0.32,0.89
391,2.81,0.00,-0.88,0.87,6.03,-0.36,0.00,0.00,0.00,0.11,-0.31,0.32,0.89
392,2.81,0.00,-0.88,1.86,7.54,-0.47,0.00,0.00,0.00,0.11,-0.31,0.32,0.89
393,2.81,0.00,-0.88,1.86,7.54,-0.47,0.00,0.00,0.00,0.07,-0.04,0.34,0.94
394,2.81,0.00,-0.88,1.66,5.28,-0.39,0.00,0.00,0.00,0.07,-0.04,0.34,0.94
395,4.87,-1.31,2.50,1.66,5.28,-0.39,0.00,0.00,0.00,0.07,-0.04,0.34,0.94
396,4.87,-1.31,2.50,-0.16,0.17,-0.29,0.00,0.00,0.00,0.07,-0.04,0.34,0.94
397,4.87,-1.31,2.50,-0.16,0.17,-0.29,0.00,0.00,0.00,0.05,0.20,0.33,0.92
398,4.87,-1.31,2.50,-1.61,-4.20,-0.21,0.00,0.00,0.00,0.05,0.20,0.33,0.92
399,3.62,1.12,1.81,-1.61,-4.20,-0.21,0.00,0.00,0.00,0.05,0.20,0.33,0.92
400,3.62,1.12,1.81,-1.64,-6.94,0.07,0.00,0.00,0.00,0.05,0.20,0.33,0.92
401,3.62,1.12,1.81,-1.64,-6.94,0.07,0.00,0.00,0.00,0.05,-0.00,0.32,0.95
402,3.62,1.12,1.81,-0.82,-5.16,0.48,0.00,0.00,0.00,0.05,-0.00,0.32,0.95
403,3.25,0.37,-1.62,-0.82,-5.16,0.48,0.00,0.00,0.00,0.05,-0.00,0.32,0.95
404,3.25,0.37,-1.62,0.65,-0.50,0.08,0.00,0.00,0.00,0.05,-0.00,0.32,0.95
405,3.25,0.37,-1.62,0.65,-0.50,0.08,0.00,0.00,0.00,0.09,-0.24,0.32,0.91
406,3.25,0.37,-1.62,0.84,5.60,0.31,0.00,0.00,0.00,0.09,-0.24,0.32,0.91
407,2.81,2.37,-0.81,0.84,5.60,0.31,0.00,0.00,0.00,0.09,-0.24,0.32,0.91
408,2.81,2.37,-0.81,2.68,7.95,-0.39,0.00,0.00,0.00,0.09,-0.24,0.32,0.91
409,2.81,2.37,-0.81,2.68,7.95,-0.39,0.00,0.00,0.00,0.05,0.01,0.35,0.94
410,2.81,2.37,-0.81,1.57,5.67,-0.03,0.00,0.00,0.00,0.05,0.01,0.35,0.94
411,4.00,0.06,2.56,1.57,5.67,-0.03,0.00,0.00,0.00,0.05,0.01,0.35,0.94
412,4.00,0.06,2.56,-0.09,-0.44,-0.17,0.00,0.00,0.00,0.05,0.01,0.35,0.94
413,4.00,0.06,2.56,-0.09,-0.44,-0.17,0.00,0.00,0.00,0.03,0.26,0.34,0.90
414,4.00,0.06,2.56,-1.68,-5.39,-0.22,0.00,0.00,0.00,0.03,0.26,0.34,0.90
415,4.81,0.75,2.12,-1.68,-5.39,-0.22,0.00,0.00,0.00,0.03,0.26,0.34,0.90
416,4.81,0.75,2.12,-1.61,-7.26,-0.21,0.00,0.00,0.00,0.03,0.26,0.34,0.90
417,4.81,0.75,2.12,-1.61,-7.26,-0.21,0.00,0.00,0.00,0.04,0.01,0.33,0.94
418,4.81,0.75,2.12,-0.27,-5.45,0.27,0.00,0.00,0.00,0.04,0.01,0.33,0.94
419,2.00,-0.62,-0.88,-0.27,-5.45,0.27,0.00,0.00,0.00,0.04,0.01,0.33,0.94
420,2.00,-0.62,-0.88,0.47,0.09,0.44,0.00,0.00,0.00,0.04,0.01,0.33,0.94
421,2.00,-0.62,-0.88,0.47,0.09,0.44,0.00,0.00,0.00,0.10,-0.22,0.33,0.91
422,2.00,-0.62,-0.88,0.85,6.18,0.02,0.00,0.00,0.00,0.10,-0.22,0.33,0.91
423,3.25,-1.00,-0.13,0.85,6.18,0.02,0.00,0.00,0.00,0.10,-0.22,0.33,0.91
424,3.25,-1.00,-0.13,1.66,8.07,-0.48,0.00,0.00,0.00,0.10,-0.22,0.33,0.91
425,3.25,-1.00,-0.13,1.66,8.07,-0.48,0.00,0.00,0.00,0.04,0.04,0.35,0.93
426,3.25,-1.00,-0.13,1.79,6.00,-0.06,0.00,0.00,0.00,0.04,0.04,0.35,0.93
427,4.81,-1.31,3.31,1.79,6.00,-0.06,0.00,0.00,0.00,0.04,0.04,0.35,0.93
428,4.81,-1.31,3.31,0.35,1.21,-0.36,0.00,0.00,0.00,0.04,0.04,0.35,0.93
429,4.81,-1.31,3.31,0.35,1.21,-0.36,0.00,0.00,0.00,0.02,0.32,0.34,0.89
430,4.81,-1.31,3.31,-1.20,-3.89,-0.41,0.00,0.00,0.00,0.02,0.32,0.34,0.89
431,3.62,-0.25,4.50,-1.20,-3.89,-0.41,0.00,0.00,0.00,0.02,0.32,0.34,0.89
432,3.62,-0.25,4.50,-2.28,-7.19,0.15,0.00,0.00,0.00,0.02,0.32,0.34,0.89
433,3.62,-0.25,4.50,-2.28,-7.19,0.15,0.00,0.00,0.00,0.03,0.14,0.33,0.93
434,3.62,-0.25,4.50,-0.87,-6.24,0.25,0.00,0.00,0.00,0.03,0.14,0.33,0.93
435,3.25,0.06,0.25,-0.87,-6.24,0.25,0.00,0.00,0.00,0.03,0.14,0.33,0.93
436,3.25,0.06,0.25,0.07,-0.76,0.58,0.00,0.00,0.00,0.03,0.14,0.33,0.93
437,3.25,0.06,0.25,0.07,-0.76,0.58,0.00,0.00,0.00,0.07,-0.13,0.33,0.93
438,3.25,0.06,0.25,0.84,5.52,0.36,0.00,0.00,0.00,0.07,-0.13,0.33,0.93
439,2.81,-1.69,1.00,0.84,5.52,0.36,0.00,0.00,0.00,0.07,-0.13,0.33,0.93
440,2.81,-1.69,1.00,2.30,7.49,-0.27,0.00,0.00,0.00,0.07,-0.13,0.33,0.93
441,2.81,-1.69,1.00,2.30,7.49,-0.27,0.00,0.00,0.00,0.04,0.11,0.35,0.93
442,2.81,-1.69,1.00,1.44,5.16,-0.04,0.00,0.00,0.00,0.04,0.11,0.35,0.93
443,3.62,-1.25,5.25,1.44,5.16,-0.04,0.00,0.00,0.00,0.04,0.11,0.35,0.93
444,3.62,-1.25,5.25,-0.11,-0.48,-0.23,0.00,0.00,0.00,0.04,0.11,0.35,0.93
445,3.62,-1.25,5.25,-0.11,-0.48,-0.23,0.00,0.00,0.00,0.02,0.33,0.34,0.88
446,3.62,-1.25,5.25,-1.62,-5.84,-0.22,0.00,0.00,0.00,0.02,0.33,0.34,0.88
447,4.37,1.75,3.75,-1.62,-5.84,-0.22,0.00,0.00,0.00,0.02,0.33,0.34,0.88
448,4.37,1.75,3.75,-2.04,-8.18,-0.17,0.00,0.00,0.00,0.02,0.33,0.34,0.88
449,4.37,1.75,3.75,-2.04,-8.18,-0.17,0.00,0.00,0.00,0.04,0.06,0.34,0.94
450,4.37,1.75,3.75,-0.97,-5.97,0.31,0.00,0.00,0.00,0.04,0.06,0.34,0.94
451,3.25,0.75,-0.13,-0.97,-5.97,0.31,0.00,0.00,0.00,0.04,0.06,0.34,0.94
452,3.25,0.75,-0.13,0.19,0.10,0.34,0.00,0.00,0.00,0.04,0.06,0.34,0.94
453,3.25,0.75,-0.13,0.19,0.10,0.34,0.00,0.00,0.00,0.08,-0.20,0.33,0.92
454,3.25,0.75,-0.13,0.98,5.50,0.27,0.00,0.00,0.00,0.08,-0.20,0.33,0.92
455,3.25,-1.00,-0.13,0.98,5.50,0.27,0.00,0.00,0.00,0.08,-0.20,0.33,0.92
456,3.25,-1.00,-0.13,2.36,6.81,-0.26,0.00,0.00,0.00,0.08,-0.20,0.33,0.92
457,3.25,-1.00,-0.13,2.36,6.81,-0.26,0.00,0.00,0.00,0.04,0.05,0.35,0.93
458,3.25,-1.00,-0.13,1.75,5.37,0.04,0.00,0.00,0.00,0.04,0.05,0.35,0.93
459,5.25,-0.25,4.06,1.75,5.37,0.04,0.00,0.00,0.00,0.04,0.05,0.35,0.93
460,5.25,-0.25,4.06,0.38,0.66,-0.17,0.00,0.00,0.00,0.04,0.05,0.35,0.93
461,5.25,-0.25,4.06,0.38,0.66,-0.17,0.00,0.00,0.00,0.03,0.29,0.34,0.89
462,5.25,-0.25,4.06,-1.40,-5.22,-0.34,0.00,0.00,0.00,0.03,0.29,0.34,0.89
463,3.94,1.12,4.50,-1.40,-5.22,-0.34,0.00,0.00,0.00,0.03,0.29,0.34,0.89
464,3.94,1.12,4.50,-2.15,-7.88,0.01,0.00,0.00,0.00,0.03,0.29,0.34,0.89
465,3.94,1.12,4.50,-2.15,-7.88,0.01,0.00,0.00,0.00,0.04,0.05,0.33,0.94
466,3.94,1.12,4.50,-0.60,-5.12,0.36,0.00,0.00,0.00,0.04,0.05,0.33,0.94
467,2.37,1.69,-0.81,-0.60,-5.12,0.36,0.00,0.00,0.00,0.04,0.05,0.33,0.94
468,2.37,1.69,-0.81,0.41,2.16,0.62,0.00,0.00,0.00,0.04,0.05,0.33,0.94
469,2.37,1.69,-0.81,0.41,2.16,0.62,0.00,0.00,0.00,0.08,-0.16,0.34,0.92
470,2.37,1.69,-0.81,1.67,8.27,-0.20,0.00,0.00,0.00,0.08,-0.16,0.34,0.92
471,3.69,-2.31,1.00,1.67,8.27,-0.20,0.00,0.00,0.00,0.08,-0.16,0.34,0.92
472,3.69,-2.31,1.00,2.32,8.68,0.08,0.00,0.00,0.00,0.08,-0.16,0.34,0.92
473,3.69,-2.31,1.00,2.32,8.68,0.08,0.00,0.00,0.00,0.03,0.21,0.35,0.91
474,3.69,-2.31,1.00,0.54,1.19,-0.02,0.00,0.00,0.00,0.03,0.21,0.35,0.91
475,4.81,0.44,4.81,0.54,1.19,-0.02,0.00,0.00,0.00,0.03,0.21,0.35,0.91
476,4.81,0.44,4.81,-1.30,-5.23,-0.62,0.00,0.00,0.00,0.03,0.21,0.35,0.91
477,4.81,0.44,4.81,-1.30,-5.23,-0.62,0.00,0.00,0.00,0.02,0.29,0.34,0.89
478,4.81,0.44,4.81,-1.89,-6.48,-0.08,0.00,0.00,0.00,0.02,0.29,0.34,0.89
479,4.37,1.44,2.94,-1.89,-6.48,-0.08,0.00,0.00,0.00,0.02,0.29,0.34,0.89
480,4.37,1.44,2.94,-0.25,-3.87,0.11,0.00,0.00,0.00,0.02,0.29,0.34,0.89
481,4.37,1.44,2.94,-0.25,-3.87,0.11,0.00,0.00,0.00,0.05,0.00,0.34,0.94
482,4.37,1.44,2.94,0.20,0.26,0.05,0.00,0.00,0.00,0.05,0.00,0.34,0.94
483,3.25,-0.62,-0.13,0.20,0.26,0.05,0.00,0.00,0.00,0.05,0.00,0.34,0.94
484,3.25,-0.62,-0.13,0.24,3.93,-0.02,0.00,0.00,0.00,0.05,0.00,0.34,0.94
485,3.25,-0.62,-0.13,0.24,3.93,-0.02,0.00,0.00,0.00,0.05,0.02,0.35,0.94
486,3.25,-0.62,-0.13,-0.17,1.13,-0.33,0.00,0.00,0.00,0.05,0.02,0.35,0.94
487,4.44,-0.62,2.87,-0.17,1.13,-0.33,0.00,0.00,0.00,0.05,0.02,0.35,0.94
488,4.44,-0.62,2.87,-0.61,-1.71,-0.21,0.00,0.00,0.00,0.05,0.02,0.35,0.94
489,4.44,-0.62,2.87,-0.61,-1.71,-0.21,0.00,0.00,0.00,0.02,0.06,0.34,0.94
490,4.44,-0.62,2.87,-0.14,0.54,-0.16,0.00,0.00,0.00,0.02,0.06,0.34,0.94
491,5.25,-1.00,2.12,-0.14,0.54,-0.16,0.00,0.00,0.00,0.02,0.06,0.34,0.94
492,5.25,-1.00,2.12,-0.00,0.49,-0.16,0.00,0.00,0.00,0.02,0.06,0.34,0.94
493,5.25,-1.00,2.12,-0.00,0.49,-0.16,0.00,0.00,0.00,0.01,0.06,0.33,0.94
494,5.25,-1.00,2.12,0.05,0.09,-0.16,0.00,0.00,0.00,0.01,0.06,0.33,0.94
495,4.00,0.75,2.19,0.05,0.09,-0.16,0.00,0.00,0.00,0.01,0.06,0.33,0.94
496,4.00,0.75,2.19,0.02,0.04,-0.08,0.00,0.00,0.00,0.01,0.06,0.33,0.94
497,4.00,0.75,2.19,0.02,0.04,-0.08,0.00,0.00,0.00,0.01,0.07,0.33,0.94
498,4.00,0.75,2.19,0.03,0.23,0.03,0.00,0.00,0.00,0.01,0.07,0.33,0.94
499,3.94,0.44,3.37,0.03,0.23,0.03,0.00,0.00,0.00,0.01,0.07,0.33,0.94
