,Xg,Yg,Zg,Xm,Ym,Zm,Xa,Ya,Za,Xq,Yq,Zq,Direction,Time,Label
0,0,0.01,-0.01,-10.25,0.69,4.5,-3.11,-8.89,1.1,-0.12,0.66,-0.65,0.37,0,W
1,0,0.01,-0.01,-10.25,0.69,4.5,-3.11,-8.89,1.1,-0.12,0.66,-0.65,0.37,26,W
2,0,0,-0.01,-10.25,0.69,4.5,-3.11,-8.89,1.1,-0.12,0.66,-0.65,0.37,44,W
3,0,0,-0.01,-10.38,0.13,1.25,-3.11,-8.89,1.1,-0.12,0.66,-0.65,0.37,63,W
4,0,0,-0.01,-10.38,0.13,1.25,-3.23,-8.93,0.98,-0.12,0.66,-0.65,0.37,77,W
5,-0.01,0,-0.01,-10.38,0.13,1.25,-3.23,-8.93,0.98,-0.12,0.66,-0.65,0.37,92,W
6,-0.01,0,-0.01,-10.69,1.37,1.19,-3.23,-8.93,0.98,-0.12,0.66,-0.65,0.37,106,W
7,-0.01,0,-0.01,-10.69,1.37,1.19,-3.19,-8.97,1.06,-0.12,0.66,-0.65,0.37,120,W
8,-0.01,0,-0.01,-10.69,1.37,1.19,-3.23,-8.97,1.06,-0.12,0.66,-0.65,0.37,135,W
9,-0.01,-0.02,-0.01,-10.69,1.37,1.19,-3.23,-8.97,1.06,-0.12,0.66,-0.65,0.37,161,W
10,-0.01,-0.02,-0.01,-10.69,1.37,1.19,-3.15,-8.93,1.06,-0.12,0.66,-0.65,0.37,176,W
11,-0.01,-0.01,-0.01,-10.69,1.37,1.19,-3.15,-8.93,1.06,-0.12,0.66,-0.65,0.37,190,W
12,-0.01,-0.01,-0.01,-10.69,1.37,1.19,-3.15,-8.93,1.06,-0.12,0.66,-0.65,0.37,205,W
13,-0.01,-0.01,-0.01,-10.69,1.37,1.19,-3.15,-8.93,1.02,-0.12,0.66,-0.65,0.37,1945,W
14,-0.01,0.02,0,-10.69,1.37,1.19,-3.15,-8.93,1.02,-0.12,0.66,-0.65,0.37,1990,W
15,-0.01,0.02,0,-10.69,1.37,1.19,-6.56,-8.32,3.32,-0.12,0.66,-0.65,0.37,2005,W
16,-0.01,0.02,0,-10.69,1.37,1.19,-6.87,-8.21,2.9,-0.12,0.66,-0.65,0.37,2019,W
17,0.82,0.17,2.15,-10.69,1.37,1.19,-6.87,-8.21,2.9,-0.12,0.66,-0.65,0.37,2036,W
18,0.82,0.17,2.15,-10.69,1.37,1.19,-6.87,-8.21,2.9,0.08,0.61,-0.71,0.35,2054,W
19,0.82,0.17,2.15,-10.69,1.37,1.19,-6.18,-6.86,3.02,0.08,0.61,-0.71,0.35,2068,W
20,0.67,-0.23,2.11,-10.69,1.37,1.19,-6.18,-6.86,3.02,0.08,0.61,-0.71,0.35,2082,W
21,0.67,-0.23,2.11,-10.69,1.37,1.19,-6.18,-6.86,3.02,0.12,0.59,-0.7,0.39,2097,W
22,0.67,-0.23,2.11,-10.69,1.37,1.19,-5.68,-6.48,3.13,0.12,0.59,-0.7,0.39,2479,W
23,0.55,-0.15,1.76,-10.69,1.37,1.19,-5.68,-6.48,3.13,0.12,0.59,-0.7,0.39,2503,W
24,-0.31,-0.15,-0.48,-10.69,1.37,1.19,-5.68,-6.48,3.13,0.12,0.59,-0.7,0.39,2517,W
25,-0.31,-0.15,-0.48,-10.69,1.37,1.19,-2.2,-5.03,0.1,0.12,0.59,-0.7,0.39,2530,W
26,-0.65,-0.56,-1.25,-10.69,1.37,1.19,-2.2,-5.03,0.1,0.12,0.59,-0.7,0.39,2686,W
27,-0.65,-0.56,-1.25,-10.69,1.37,1.19,-2.2,-5.03,0.1,0.29,0.51,-0.62,0.52,2713,W
28,-0.65,-0.56,-1.25,-10.69,1.37,1.19,-5.41,-10.43,0.64,0.29,0.51,-0.62,0.52,2746,W
29,-1.5,0.38,-3.3,-10.69,1.37,1.19,-5.41,-10.43,0.64,0.29,0.51,-0.62,0.52,2771,W
30,-1.5,0.38,-3.3,-10.69,1.37,1.19,-7.52,-11.61,1.21,0.29,0.51,-0.62,0.52,2787,W
31,-1.37,0.61,-3.23,-10.69,1.37,1.19,-7.52,-11.61,1.21,0.29,0.51,-0.62,0.52,2807,W
32,-1.37,0.61,-3.23,-10.69,1.37,1.19,-7.86,-11.77,1.02,0.29,0.51,-0.62,0.52,2828,W
33,-1.37,0.61,-3.23,-10.69,1.37,1.19,-7.98,-11.65,1.25,0.29,0.51,-0.62,0.52,2841,W
34,-1.18,0.85,-2.72,-10.69,1.37,1.19,-7.98,-11.65,1.25,0.29,0.51,-0.62,0.52,2857,W
35,-1.18,0.85,-2.72,-10.69,1.37,1.19,-8.21,-11,0.91,0.29,0.51,-0.62,0.52,2872,W
36,-0.98,0.55,-2.31,-10.69,1.37,1.19,-8.21,-11,0.91,0.29,0.51,-0.62,0.52,2886,W
37,-0.98,0.55,-2.31,-10.69,1.37,1.19,-8.21,-11,0.91,-0.05,0.7,-0.68,0.2,2901,W
38,-0.98,0.55,-2.31,-10.69,1.37,1.19,-7.44,-11,0.91,-0.05,0.7,-0.68,0.2,3068,W
39,-0.98,0.55,-2.31,-10.69,1.37,1.19,-6.79,-10.96,0.83,-0.05,0.7,-0.68,0.2,3098,W
40,-0.42,0.57,-0.41,-10.69,1.37,1.19,-6.79,-10.96,0.83,-0.05,0.7,-0.68,0.2,3140,W
41,-0.42,0.57,-0.41,-10.69,1.37,1.19,-1.2,-5.79,0.64,-0.05,0.7,-0.68,0.2,3168,W
42,-0.42,0.57,-0.41,-10.69,1.37,1.19,-0.13,-7.44,0.18,-0.05,0.7,-0.68,0.2,3191,W
43,-0.42,0.57,-0.41,-10.69,1.37,1.19,-0.05,-8.51,0.1,-0.05,0.7,-0.68,0.2,3212,W
44,-0.42,0.57,-0.41,-10.69,1.37,1.19,-0.81,-8.32,0.48,-0.05,0.7,-0.68,0.2,3230,W
45,0.38,0.43,0.99,-10.69,1.37,1.19,-0.81,-8.32,0.48,-0.05,0.7,-0.68,0.2,3246,W
46,0.38,0.43,0.99,-10.69,1.37,1.19,-0.81,-8.32,0.48,-0.09,0.74,-0.67,0.06,3269,W
47,0.38,0.43,0.99,-10.69,1.37,1.19,-1.5,-7.82,2.4,-0.09,0.74,-0.67,0.06,3288,W
48,0.57,0.66,1.1,-10.69,1.37,1.19,-1.5,-7.82,2.4,-0.09,0.74,-0.67,0.06,3307,W
49,0.57,0.66,1.1,-10.69,1.37,1.19,-2.69,-8.21,2.79,-0.09,0.74,-0.67,0.06,3321,W
50,0.79,0.61,1.27,-10.69,1.37,1.19,-2.69,-8.21,2.79,-0.09,0.74,-0.67,0.06,3335,W
51,0.79,0.61,1.27,-10.69,1.37,1.19,-2.69,-8.21,2.79,-0.03,0.72,-0.68,0.08,3352,W
52,0.79,0.61,1.27,-10.69,1.37,1.19,-5.22,-8.97,2.59,-0.03,0.72,-0.68,0.08,3385,W
53,0.79,0.61,1.27,-10.69,1.37,1.19,-5.87,-10.08,2.29,-0.03,0.72,-0.68,0.08,3406,W
54,0.79,0.61,1.27,-24.56,13.81,-7.81,-5.87,-10.08,2.29,-0.03,0.72,-0.68,0.08,3431,W
55,0.96,-0.59,1.98,-24.56,13.81,-7.81,-5.87,-10.08,2.29,-0.03,0.72,-0.68,0.08,3451,W
56,0.96,-0.59,1.98,-24.56,13.81,-7.81,-5.87,-10.08,2.29,0.03,0.69,-0.71,0.15,3473,W
57,0.96,-0.59,1.98,-24.56,13.81,-7.81,-5.95,-11.31,1.52,0.03,0.69,-0.71,0.15,3496,W
58,0.99,-1.09,2.42,-24.56,13.81,-7.81,-5.95,-11.31,1.52,0.03,0.69,-0.71,0.15,3515,W
59,0.99,-1.09,2.42,-24.56,13.81,-7.81,-5.22,-10.46,1.37,0.03,0.69,-0.71,0.15,3530,W
60,0.99,-1.09,2.42,-24.56,13.81,-7.81,-5.76,-10.27,1.29,0.03,0.69,-0.71,0.15,3546,W
61,0.98,-0.67,2.52,-24.56,13.81,-7.81,-5.76,-10.27,1.29,0.03,0.69,-0.71,0.15,3562,W
62,0.98,-0.67,2.52,-24.56,13.81,-7.81,-6.6,-10.39,1.67,0.03,0.69,-0.71,0.15,3576,W
63,0.91,0.07,2.7,-24.56,13.81,-7.81,-6.6,-10.39,1.67,0.03,0.69,-0.71,0.15,3590,W
64,0.91,0.07,2.7,-24.56,13.81,-7.81,-6.6,-10.39,1.67,0.13,0.62,-0.72,0.3,3606,W
65,0.91,0.07,2.7,-24.56,13.81,-7.81,-6.68,-9.74,1.45,0.13,0.62,-0.72,0.3,3620,W
66,0.91,0.07,2.7,-24.56,13.81,-7.81,-6.75,-9.66,1.56,0.13,0.62,-0.72,0.3,3634,W
67,0.76,-0.5,2.67,-24.56,13.81,-7.81,-6.75,-9.66,1.56,0.13,0.62,-0.72,0.3,3648,W
68,0.76,-0.5,2.67,-24.56,13.81,-7.81,-6.75,-9.66,1.56,0.17,0.59,-0.71,0.35,4529,W
69,0.76,-0.5,2.67,-24.56,13.81,-7.81,-6.25,-9.01,1.79,0.17,0.59,-0.71,0.35,4553,W
70,-1.24,-0.29,-2.43,-24.56,13.81,-7.81,-6.25,-9.01,1.79,0.17,0.59,-0.71,0.35,4573,W
71,-1.24,-0.29,-2.43,-24.56,13.81,-7.81,-4.45,-12.07,0.33,0.17,0.59,-0.71,0.35,4587,W
72,-1.15,-0.26,-1.74,-24.56,13.81,-7.81,-4.45,-12.07,0.33,0.17,0.59,-0.71,0.35,4602,W
73,-1.15,-0.26,-1.74,-9.81,37,-10.13,-4.45,-12.07,0.33,0.17,0.59,-0.71,0.35,4658,W
74,-1.15,-0.26,-1.74,-9.81,37,-10.13,-4.11,-10.7,0.41,0.17,0.59,-0.71,0.35,4675,W
75,-1.15,-0.26,-1.74,-9.81,37,-10.13,-5.45,-9.01,0.79,0.17,0.59,-0.71,0.35,5389,W
76,-0.45,0.43,-0.8,-9.81,37,-10.13,-5.45,-9.01,0.79,0.17,0.59,-0.71,0.35,5413,W
77,-0.45,0.43,-0.8,38.5,26.5,-22.19,-5.45,-9.01,0.79,0.17,0.59,-0.71,0.35,5428,W
78,0.77,-0.2,2.61,38.5,26.5,-22.19,-5.45,-9.01,0.79,0.17,0.59,-0.71,0.35,5442,W
79,0.77,-0.2,2.61,38.5,26.5,-22.19,-5.45,-9.01,0.79,0.25,0.52,-0.68,0.46,5528,W
80,0.77,-0.2,2.61,38.5,26.5,-22.19,-4.64,-6.29,0.33,0.25,0.52,-0.68,0.46,5545,W
81,0.77,-0.2,2.61,38.5,26.5,-22.19,-3.46,-3.8,0.48,0.25,0.52,-0.68,0.46,6014,T
82,0.77,-0.2,2.61,38.5,26.5,-22.19,-3.23,-3.19,0.52,0.25,0.52,-0.68,0.46,6041,T
83,-0.78,1.33,-1.17,38.5,26.5,-22.19,-3.23,-3.19,0.52,0.25,0.52,-0.68,0.46,6056,T
84,-0.78,1.33,-1.17,12.38,38.94,-10.31,-3.23,-3.19,0.52,0.25,0.52,-0.68,0.46,6070,T
85,-0.78,1.33,-1.17,12.38,38.94,-10.31,-6.95,-9.05,2.25,0.25,0.52,-0.68,0.46,6085,T
86,-0.84,0.04,-0.84,12.38,38.94,-10.31,-6.95,-9.05,2.25,0.25,0.52,-0.68,0.46,7102,T
87,-0.84,0.04,-0.84,12.38,38.94,-10.31,-6.95,-9.05,2.25,-0.06,0.72,-0.68,0.13,7127,T
88,-0.84,0.04,-0.84,12.38,38.94,-10.31,-6.21,-5.79,1.21,-0.06,0.72,-0.68,0.13,7142,T
89,-1.63,-1.51,-0.46,12.38,38.94,-10.31,-6.21,-5.79,1.21,-0.06,0.72,-0.68,0.13,7157,T
90,-1.63,-1.51,-0.46,12.38,38.94,-10.31,-6.21,-5.79,1.21,-0.23,0.63,-0.35,0.65,7172,T
91,-1.63,-1.51,-0.46,12.38,38.94,-10.31,-6.02,-5.87,1.18,-0.23,0.63,-0.35,0.65,7517,T
92,-1.63,-1.51,-0.46,12.38,38.94,-10.31,-5.79,-6.33,1.48,-0.23,0.63,-0.35,0.65,7545,T
93,-1.63,-1.51,-0.46,12.38,38.94,-10.31,-4.95,-6.45,1.52,-0.23,0.63,-0.35,0.65,7560,T
94,-1.63,-1.51,-0.46,12.38,38.94,-10.31,-5.11,-6.18,1.29,-0.23,0.63,-0.35,0.65,7576,T
95,0.38,-0.59,0.78,12.38,38.94,-10.31,-5.11,-6.18,1.29,-0.23,0.63,-0.35,0.65,7610,T
96,0.38,-0.59,0.78,12.38,38.94,-10.31,-5.11,-6.18,1.29,-0.38,0.5,-0.16,0.76,7643,T
97,0.38,-0.59,0.78,12.38,38.94,-10.31,-5.68,-6.29,1.52,-0.38,0.5,-0.16,0.76,7668,T
98,0.43,-0.53,0.79,12.38,38.94,-10.31,-5.68,-6.29,1.52,-0.38,0.5,-0.16,0.76,7691,T
99,0.43,-0.53,0.79,12.38,38.94,-10.31,-5.68,-6.37,1.67,-0.38,0.5,-0.16,0.76,7711,T
100,0.34,-0.42,0.81,12.38,38.94,-10.31,-5.68,-6.37,1.67,-0.38,0.5,-0.16,0.76,7732,T
101,0.34,-0.42,0.81,12.38,38.94,-10.31,-6.48,-5.87,1.67,-0.38,0.5,-0.16,0.76,7747,T
102,0.3,-1.04,0.82,12.38,38.94,-10.31,-6.48,-5.87,1.67,-0.38,0.5,-0.16,0.76,7769,T
103,0.3,-1.04,0.82,12.38,38.94,-10.31,-6.37,-5.64,2.36,-0.38,0.5,-0.16,0.76,7783,T
104,0.29,-0.4,0.83,12.38,38.94,-10.31,-6.37,-5.64,2.36,-0.38,0.5,-0.16,0.76,7796,T
105,0.29,-0.4,0.83,12.38,38.94,-10.31,-6.37,-5.64,2.36,-0.32,0.48,-0.09,0.81,8145,T
106,0.29,-0.4,0.83,12.38,38.94,-10.31,-6.21,-5.83,3.24,-0.32,0.48,-0.09,0.81,8177,T
107,0.29,-0.4,0.83,19.12,20.87,-30.62,-6.21,-5.83,3.24,-0.32,0.48,-0.09,0.81,8192,T
108,0.29,-0.4,0.83,19.12,20.87,-30.62,-7.25,-2.73,6.61,-0.32,0.48,-0.09,0.81,8213,T
109,0.58,-0.7,0.44,19.12,20.87,-30.62,-7.25,-2.73,6.61,-0.32,0.48,-0.09,0.81,8230,T
110,0.58,-0.7,0.44,19.12,20.87,-30.62,-7.02,-2,7.19,-0.32,0.48,-0.09,0.81,8244,T
111,0.32,-0.55,0.29,19.12,20.87,-30.62,-7.02,-2,7.19,-0.32,0.48,-0.09,0.81,8258,T
112,0.32,-0.55,0.29,19.12,20.87,-30.62,-7.02,-2,7.19,-0.18,0.37,0.06,0.91,8273,T
113,0.32,-0.55,0.29,19.12,20.87,-30.62,-7.33,-2.69,7.57,-0.18,0.37,0.06,0.91,8955,T
114,0.3,-0.88,0.4,19.12,20.87,-30.62,-7.33,-2.69,7.57,-0.18,0.37,0.06,0.91,8981,T
115,0.3,-0.88,0.4,19.12,20.87,-30.62,-5.07,-2.27,7.27,-0.18,0.37,0.06,0.91,8995,T
116,-0.25,0.02,-0.26,19.12,20.87,-30.62,-5.07,-2.27,7.27,-0.18,0.37,0.06,0.91,9009,T
117,-0.25,0.02,-0.26,19.12,20.87,-30.62,-5.07,-2.27,7.27,-0.17,0.29,0.1,0.94,9682,W
118,-0.25,0.02,-0.26,19.12,20.87,-30.62,-5.07,-2.19,7.92,-0.17,0.29,0.1,0.94,9706,W
119,-0.01,0.43,0,19.12,20.87,-30.62,-5.07,-2.19,7.92,-0.17,0.29,0.1,0.94,9722,W
120,-0.01,0.43,0,19.12,20.87,-30.62,-8.29,-4.49,8.22,-0.17,0.29,0.1,0.94,9745,W
121,-0.14,0.34,-0.14,19.12,20.87,-30.62,-8.29,-4.49,8.22,-0.17,0.29,0.1,0.94,9905,W
122,-0.14,0.34,-0.14,19.12,20.87,-30.62,-8.29,-4.49,8.22,-0.2,0.35,0.06,0.91,9928,W
123,-0.14,0.34,-0.14,19.12,20.87,-30.62,-6.64,-3.99,5.85,-0.2,0.35,0.06,0.91,9945,W
124,-0.36,0.32,-0.39,19.12,20.87,-30.62,-6.64,-3.99,5.85,-0.2,0.35,0.06,0.91,9964,W
125,-0.36,0.32,-0.39,19.12,20.87,-30.62,-6.64,-3.99,5.85,-0.25,0.39,0.03,0.89,9979,W
126,-0.36,0.32,-0.39,19.12,20.87,-30.62,-4.84,-2.27,4.36,-0.25,0.39,0.03,0.89,10255,W
127,-0.5,0.76,-0.46,19.12,20.87,-30.62,-4.84,-2.27,4.36,-0.25,0.39,0.03,0.89,10310,W
128,-0.5,0.76,-0.46,19.12,20.87,-30.62,-5.83,-2.42,5.43,-0.25,0.39,0.03,0.89,10328,W
129,-0.5,0.76,-0.46,19.12,20.87,-30.62,-6.56,-3.19,5.77,-0.25,0.39,0.03,0.89,10345,W
130,-0.5,0.76,-0.46,19.12,20.87,-30.62,-6.68,-3.61,5.27,-0.25,0.39,0.03,0.89,10365,W
131,-0.55,-0.82,1.12,19.12,20.87,-30.62,-6.68,-3.61,5.27,-0.25,0.39,0.03,0.89,10383,W
132,-0.55,-0.82,1.12,19.12,20.87,-30.62,-5.79,-3.76,5.27,-0.25,0.39,0.03,0.89,10407,W
133,-0.72,-0.79,1.05,19.12,20.87,-30.62,-5.79,-3.76,5.27,-0.25,0.39,0.03,0.89,10426,W
134,-0.72,-0.79,1.05,19.12,20.87,-30.62,-6.06,-4.03,5.43,-0.25,0.39,0.03,0.89,10449,W
135,-0.77,-0.85,0.87,19.12,20.87,-30.62,-6.06,-4.03,5.43,-0.25,0.39,0.03,0.89,10464,W
136,-0.77,-0.85,0.87,19.12,20.87,-30.62,-6.06,-4.03,5.43,-0.29,0.35,0.2,0.87,10478,W
137,-0.77,-0.85,0.87,19.12,20.87,-30.62,-5.68,-3.99,5.39,-0.29,0.35,0.2,0.87,10492,W
138,-0.93,-0.48,0.81,19.12,20.87,-30.62,-5.68,-3.99,5.39,-0.29,0.35,0.2,0.87,10506,W
139,-0.93,-0.48,0.81,19.12,20.87,-30.62,-5.68,-3.99,5.39,-0.3,0.34,0.23,0.86,10524,W
140,-0.93,-0.48,0.81,19.12,20.87,-30.62,-5.64,-3.23,4.97,-0.3,0.34,0.23,0.86,10559,W
141,-1.11,-0.47,0.78,19.12,20.87,-30.62,-5.64,-3.23,4.97,-0.3,0.34,0.23,0.86,10800,W
142,-1.11,-0.47,0.78,19.12,20.87,-30.62,-5.79,-2.88,5.16,-0.3,0.34,0.23,0.86,10834,W
143,-1.11,-0.47,0.78,19.12,20.87,-30.62,-5.79,-2.88,5.16,-0.4,0.26,0.4,0.78,10857,W
144,-0.99,-0.63,0.86,19.12,20.87,-30.62,-5.79,-2.88,5.16,-0.4,0.26,0.4,0.78,10881,W
145,-0.99,-0.63,0.86,19.12,20.87,-30.62,-7.36,-3.99,4.74,-0.4,0.26,0.4,0.78,10899,W
146,-0.88,-0.39,0.67,19.12,20.87,-30.62,-7.36,-3.99,4.74,-0.4,0.26,0.4,0.78,10917,W
147,-0.88,-0.39,0.67,19.12,20.87,-30.62,-7.36,-3.99,4.74,-0.42,0.23,0.46,0.75,10935,W
148,-0.88,-0.39,0.67,19.12,20.87,-30.62,-7.36,-3.27,4.47,-0.42,0.23,0.46,0.75,10954,W
149,-1.02,-0.39,0.57,19.12,20.87,-30.62,-7.36,-3.27,4.47,-0.42,0.23,0.46,0.75,10974,W
150,-1.02,-0.39,0.57,19.12,20.87,-30.62,-7.44,-3.34,4.59,-0.42,0.23,0.46,0.75,10992,W
151,-1.06,-0.6,0.54,19.12,20.87,-30.62,-7.44,-3.34,4.59,-0.42,0.23,0.46,0.75,11007,W
152,-1.06,-0.6,0.54,19.12,20.87,-30.62,-7.44,-3.34,4.59,-0.44,0.2,0.5,0.72,11029,W
153,-1.06,-0.6,0.54,19.12,20.87,-30.62,-7.94,-3.68,4.74,-0.44,0.2,0.5,0.72,11055,W
154,-1.06,-0.6,0.54,19.12,20.87,-30.62,-7.9,-4.22,4.78,-0.44,0.2,0.5,0.72,11081,W
155,-1.06,-0.6,0.54,19.12,20.87,-30.62,-7.55,-4.14,4.74,-0.44,0.2,0.5,0.72,11099,W
156,-0.61,-0.42,0.4,19.12,20.87,-30.62,-7.55,-4.14,4.74,-0.44,0.2,0.5,0.72,11115,W
157,-0.61,-0.42,0.4,19.12,20.87,-30.62,-7.55,-4.14,4.74,-0.45,0.17,0.54,0.69,11138,W
158,-0.61,-0.42,0.4,19.12,20.87,-30.62,-7.36,-4.22,4.74,-0.45,0.17,0.54,0.69,11161,W
159,-0.34,-0.54,0.29,19.12,20.87,-30.62,-7.36,-4.22,4.74,-0.45,0.17,0.54,0.69,11180,W
160,-0.34,-0.54,0.29,19.12,20.87,-30.62,-7.33,-4.41,4.78,-0.45,0.17,0.54,0.69,11198,W
161,-0.28,-0.22,0.13,19.12,20.87,-30.62,-7.33,-4.41,4.78,-0.45,0.17,0.54,0.69,11218,W
162,-0.28,-0.22,0.13,19.12,20.87,-30.62,-7.33,-4.41,4.78,-0.45,0.15,0.56,0.68,11239,W
163,-0.28,-0.22,0.13,19.12,20.87,-30.62,-6.48,-4.61,4.85,-0.45,0.15,0.56,0.68,11260,W
164,-0.24,0,0.01,19.12,20.87,-30.62,-6.48,-4.61,4.85,-0.45,0.15,0.56,0.68,11284,W
165,-0.24,0,0.01,19.12,20.87,-30.62,-6.41,-4.22,4.59,-0.45,0.15,0.56,0.68,11305,W
166,-0.24,0,0.01,19.12,20.87,-30.62,-5.98,-4.22,4.7,-0.45,0.15,0.56,0.68,11324,W
167,-0.24,0,0.01,19.12,20.87,-30.62,-6.06,-4.64,4.62,-0.45,0.15,0.56,0.68,11341,W
168,-0.4,-0.04,-0.42,19.12,20.87,-30.62,-6.06,-4.64,4.62,-0.45,0.15,0.56,0.68,11365,W
169,-0.4,-0.04,-0.42,19.12,20.87,-30.62,-6.06,-4.64,4.62,-0.46,0.13,0.56,0.67,11387,W
170,-0.4,-0.04,-0.42,19.12,20.87,-30.62,-5.3,-4.91,4.24,-0.46,0.13,0.56,0.67,11405,W
171,-0.61,0.16,-0.73,19.12,20.87,-30.62,-5.3,-4.91,4.24,-0.46,0.13,0.56,0.67,11425,W
172,-0.61,0.16,-0.73,19.12,20.87,-30.62,-5.37,-5.45,4.09,-0.46,0.13,0.56,0.67,11440,W
173,-0.77,0,-1.07,19.12,20.87,-30.62,-5.37,-5.45,4.09,-0.46,0.13,0.56,0.67,11457,W
174,-0.77,0,-1.07,19.12,20.87,-30.62,-5.37,-5.45,4.09,-0.49,0.1,0.54,0.68,11479,W
175,-0.77,0,-1.07,19.12,20.87,-30.62,-4.57,-6.75,3.82,-0.49,0.1,0.54,0.68,11492,W
176,-0.95,0.23,-1.28,19.12,20.87,-30.62,-4.57,-6.75,3.82,-0.49,0.1,0.54,0.68,11506,W
177,-0.95,0.23,-1.28,19.12,20.87,-30.62,-4.57,-6.75,3.82,-0.51,0.07,0.52,0.69,11520,W
178,-0.95,0.23,-1.28,19.12,20.87,-30.62,-4.49,-7.25,3.59,-0.51,0.07,0.52,0.69,11536,W
179,-0.94,0.11,-1.47,19.12,20.87,-30.62,-4.49,-7.25,3.59,-0.51,0.07,0.52,0.69,11553,W
180,-0.94,0.11,-1.47,19.12,20.87,-30.62,-4.49,-7.25,3.59,-0.53,0.05,0.49,0.69,11569,W
181,-0.94,0.11,-1.47,30.06,33.63,-5.5,-4.49,-7.25,3.59,-0.53,0.05,0.49,0.69,11593,W
182,-0.94,0.11,-1.47,30.06,33.63,-5.5,-4.15,-8.36,3.09,-0.53,0.05,0.49,0.69,11608,W
183,-1.07,0.44,-1.65,30.06,33.63,-5.5,-4.15,-8.36,3.09,-0.53,0.05,0.49,0.69,11957,W
184,-1.07,0.44,-1.65,30.06,33.63,-5.5,-3.92,-9.2,2.98,-0.53,0.05,0.49,0.69,11980,W
185,-1.07,0.44,-1.65,30.06,33.63,-5.5,-3.23,-7.9,1.9,-0.53,0.05,0.49,0.69,11996,W
186,-1.07,0.44,-1.65,30.06,33.63,-5.5,-3.46,-8.02,1.75,-0.53,0.05,0.49,0.69,12010,W
187,-0.55,0.24,-0.77,30.06,33.63,-5.5,-3.46,-8.02,1.75,-0.53,0.05,0.49,0.69,12026,W
188,-0.55,0.24,-0.77,30.06,33.63,-5.5,-3.42,-8.05,1.6,-0.53,0.05,0.49,0.69,12161,W
189,-0.54,0.38,-0.68,30.06,33.63,-5.5,-3.42,-8.05,1.6,-0.53,0.05,0.49,0.69,12194,W
190,-0.54,0.38,-0.68,30.06,33.63,-5.5,-3.8,-8.93,1.52,-0.53,0.05,0.49,0.69,12217,W
191,-0.22,0.05,-0.08,30.06,33.63,-5.5,-3.8,-8.93,1.52,-0.53,0.05,0.49,0.69,12232,W
192,-0.22,0.05,-0.08,30.06,33.63,-5.5,-3.04,-9.24,1.18,-0.53,0.05,0.49,0.69,12248,W
193,-0.22,0.05,-0.08,30.06,33.63,-5.5,-2.69,-10.35,0.91,-0.53,0.05,0.49,0.69,12262,W
194,-0.26,0.21,-0.28,30.06,33.63,-5.5,-2.69,-10.35,0.91,-0.53,0.05,0.49,0.69,12279,W
195,-0.26,0.21,-0.28,30.06,33.63,-5.5,-2,-10.27,1.1,-0.53,0.05,0.49,0.69,12294,W
196,-0.28,0.25,-0.3,30.06,33.63,-5.5,-2,-10.27,1.1,-0.53,0.05,0.49,0.69,12309,W
197,-0.28,0.25,-0.3,30.06,33.63,-5.5,-2,-10.27,1.1,-0.72,-0.08,0.17,0.67,12583,W
198,-0.28,0.25,-0.3,30.06,33.63,-5.5,-2.31,-10.62,1.06,-0.72,-0.08,0.17,0.67,12611,W
199,-0.28,0.25,-0.3,30.06,33.63,-5.5,-3.77,-10.96,0.64,-0.72,-0.08,0.17,0.67,12628,W
200,-0.28,0.25,-0.3,30.06,33.63,-5.5,-4.64,-11.08,0.41,-0.72,-0.08,0.17,0.67,12669,W
201,1.41,-0.61,2.51,30.06,33.63,-5.5,-4.64,-11.08,0.41,-0.72,-0.08,0.17,0.67,12700,W
202,1.41,-0.61,2.51,30.06,33.63,-5.5,-5.18,-9.74,0.98,-0.72,-0.08,0.17,0.67,12722,W
203,1.35,-0.5,2.6,30.06,33.63,-5.5,-5.18,-9.74,0.98,-0.72,-0.08,0.17,0.67,12742,W
204,1.35,-0.5,2.6,30.06,33.63,-5.5,-5.07,-9.09,1.14,-0.72,-0.08,0.17,0.67,12759,W
205,1.28,-0.43,2.41,30.06,33.63,-5.5,-5.07,-9.09,1.14,-0.72,-0.08,0.17,0.67,12783,W
206,1.28,-0.43,2.41,30.06,33.63,-5.5,-4.99,-8.02,1.25,-0.72,-0.08,0.17,0.67,12805,W
207,1.28,-0.43,2.41,30.06,33.63,-5.5,-5.49,-7.21,1.25,-0.72,-0.08,0.17,0.67,12825,W
208,1.28,-0.43,2.41,30.06,33.63,-5.5,-5.49,-7.21,1.25,-0.53,0.14,0.48,0.68,12846,W
209,1.28,-0.43,2.41,30.06,33.63,-5.5,-5.26,-6.64,1.75,-0.53,0.14,0.48,0.68,12865,W
210,1.03,-0.2,1.62,30.06,33.63,-5.5,-5.26,-6.64,1.75,-0.53,0.14,0.48,0.68,12889,W
211,1.03,-0.2,1.62,30.06,33.63,-5.5,-5.57,-5.26,2.21,-0.53,0.14,0.48,0.68,12905,W
212,0.82,-0.04,1.19,30.06,33.63,-5.5,-5.57,-5.26,2.21,-0.53,0.14,0.48,0.68,12918,W
213,0.82,-0.04,1.19,30.06,33.63,-5.5,-5.57,-5.26,2.21,-0.48,0.19,0.53,0.67,12934,W
214,0.82,-0.04,1.19,30.06,33.63,-5.5,-5.6,-4.84,2.55,-0.48,0.19,0.53,0.67,12954,W
215,0.82,-0.04,1.19,30.06,33.63,-5.5,-5.57,-4.3,2.94,-0.48,0.19,0.53,0.67,12985,W
216,0.67,-0.04,0.72,30.06,33.63,-5.5,-5.57,-4.3,2.94,-0.48,0.19,0.53,0.67,13002,W
217,0.67,-0.04,0.72,30.06,33.63,-5.5,-5.6,-3.95,3.21,-0.48,0.19,0.53,0.67,13035,W
218,0.48,-0.26,0.11,30.06,33.63,-5.5,-5.6,-3.95,3.21,-0.48,0.19,0.53,0.67,13055,W
219,0.48,-0.26,0.11,30.06,33.63,-5.5,-5.41,-6.18,3.4,-0.48,0.19,0.53,0.67,13071,W
220,0.06,0.23,-0.81,30.06,33.63,-5.5,-5.41,-6.18,3.4,-0.48,0.19,0.53,0.67,13087,W
221,0.06,0.23,-0.81,30.06,33.63,-5.5,-4.38,-5.71,3.66,-0.48,0.19,0.53,0.67,13102,W
222,-0.32,0.31,-1.39,30.06,33.63,-5.5,-4.38,-5.71,3.66,-0.48,0.19,0.53,0.67,13118,W
223,-0.32,0.31,-1.39,30.06,33.63,-5.5,-4.38,-5.71,3.66,-0.46,0.22,0.52,0.69,13135,W
224,-0.32,0.31,-1.39,30.06,33.63,-5.5,-3.42,-5.95,2.9,-0.46,0.22,0.52,0.69,13171,W
225,-0.61,-0.13,-1.93,30.06,33.63,-5.5,-3.42,-5.95,2.9,-0.46,0.22,0.52,0.69,13313,W
226,-0.61,-0.13,-1.93,30.06,33.63,-5.5,-3.19,-7.29,2.59,-0.46,0.22,0.52,0.69,13349,W
227,-0.61,-0.13,-1.93,30.06,33.63,-5.5,-3.5,-10.04,2.21,-0.46,0.22,0.52,0.69,13364,W
228,-1.01,0.56,-1.9,30.06,33.63,-5.5,-3.5,-10.04,2.21,-0.46,0.22,0.52,0.69,13379,W
229,-1.01,0.56,-1.9,30.06,33.63,-5.5,-4.15,-10.85,1.98,-0.46,0.22,0.52,0.69,13393,W
230,-1.01,0.56,-1.9,30.06,33.63,-5.5,-4.3,-10.85,1.86,-0.46,0.22,0.52,0.69,13472,W
231,-1.05,0.78,-1.56,30.06,33.63,-5.5,-4.3,-10.85,1.86,-0.46,0.22,0.52,0.69,13533,W
232,-1.05,0.78,-1.56,30.06,33.63,-5.5,-5.26,-9.85,1.6,-0.46,0.22,0.52,0.69,13553,W
233,-1.42,0.74,-0.89,30.06,33.63,-5.5,-5.26,-9.85,1.6,-0.46,0.22,0.52,0.69,13567,W
234,-1.42,0.74,-0.89,30.06,33.63,-5.5,-5.26,-9.85,1.6,-0.68,-0.01,0.2,0.71,13582,W
235,-1.42,0.74,-0.89,30.06,33.63,-5.5,-6.1,-8.47,2.4,-0.68,-0.01,0.2,0.71,13617,W
236,-1.29,0.78,-0.73,30.06,33.63,-5.5,-6.1,-8.47,2.4,-0.68,-0.01,0.2,0.71,13633,W
237,-1.29,0.78,-0.73,30.06,33.63,-5.5,-5.57,-8.43,2.55,-0.68,-0.01,0.2,0.71,13656,W
238,-1.29,0.78,-0.73,30.06,33.63,-5.5,-6.91,-8.89,2.94,-0.68,-0.01,0.2,0.71,13675,W
239,-1,0.6,-0.5,30.06,33.63,-5.5,-6.91,-8.89,2.94,-0.68,-0.01,0.2,0.71,13712,W
240,-1,0.6,-0.5,30.06,33.63,-5.5,-5.34,-6.45,3.55,-0.68,-0.01,0.2,0.71,13735,W
241,-1,0.6,-0.5,30.06,33.63,-5.5,-4.15,-8.78,3.05,-0.68,-0.01,0.2,0.71,13752,W
242,-1,0.6,-0.5,30.06,33.63,-5.5,-5.45,-9.13,3.21,-0.68,-0.01,0.2,0.71,13769,W
243,-0.18,0.16,-0.03,30.06,33.63,-5.5,-5.45,-9.13,3.21,-0.68,-0.01,0.2,0.71,13793,W
244,-0.18,0.16,-0.03,30.06,33.63,-5.5,-3.84,-10.16,2.55,-0.68,-0.01,0.2,0.71,13820,W
245,0.09,0.27,0.11,30.06,33.63,-5.5,-3.84,-10.16,2.55,-0.68,-0.01,0.2,0.71,13842,W
246,0.09,0.27,0.11,30.06,33.63,-5.5,-3.3,-11.92,2.02,-0.68,-0.01,0.2,0.71,13856,W
247,0.52,0.09,0.33,30.06,33.63,-5.5,-3.3,-11.92,2.02,-0.68,-0.01,0.2,0.71,13879,W
248,0.52,0.09,0.33,30.06,33.63,-5.5,-3.3,-11.92,2.02,-0.75,-0.02,0.13,0.65,13907,W
249,0.74,0.03,0.79,30.06,33.63,-5.5,-3.3,-11.92,2.02,-0.75,-0.02,0.13,0.65,13926,W
250,0.74,0.03,0.79,30.06,33.63,-5.5,-3.3,-11.92,2.02,-0.73,-0.01,0.13,0.66,13945,W
251,0.74,0.03,0.79,30.06,33.63,-5.5,-2.61,-9.55,0.6,-0.73,-0.01,0.13,0.66,13966,W
252,0.76,-0.65,0.95,30.06,33.63,-5.5,-2.61,-9.55,0.6,-0.73,-0.01,0.13,0.66,13990,W
253,0.76,-0.65,0.95,30.06,33.63,-5.5,-2.92,-8.93,0.37,-0.73,-0.01,0.13,0.66,14006,W
254,0.76,-0.65,0.95,30.06,33.63,-5.5,-3.5,-8.93,0.26,-0.73,-0.01,0.13,0.66,14024,W
255,0.64,-1.46,0.74,30.06,33.63,-5.5,-3.5,-8.93,0.26,-0.73,-0.01,0.13,0.66,14047,W
256,0.64,-1.46,0.74,30.06,33.63,-5.5,-5.07,-10.31,0.22,-0.73,-0.01,0.13,0.66,14071,W
257,1.01,-0.8,1.05,30.06,33.63,-5.5,-5.07,-10.31,0.22,-0.73,-0.01,0.13,0.66,14095,W
258,1.01,-0.8,1.05,30.06,33.63,-5.5,-4.34,-10.54,-0.51,-0.73,-0.01,0.13,0.66,14113,W
259,1.16,-0.49,1.66,30.06,33.63,-5.5,-4.34,-10.54,-0.51,-0.73,-0.01,0.13,0.66,14131,W
260,1.16,-0.49,1.66,30.06,33.63,-5.5,-4.68,-10.27,0.1,-0.73,-0.01,0.13,0.66,14151,W
261,1.19,-0.34,2.11,30.06,33.63,-5.5,-4.68,-10.27,0.1,-0.73,-0.01,0.13,0.66,14166,W
262,1.19,-0.34,2.11,30.06,33.63,-5.5,-4.68,-10.27,0.1,-0.63,0.05,0.3,0.71,14182,W
263,1.19,-0.34,2.11,30.06,33.63,-5.5,-5.41,-10.08,0.56,-0.63,0.05,0.3,0.71,14197,W
264,1.19,-0.34,2.11,30.06,33.63,-5.5,-5.53,-9.59,0.52,-0.63,0.05,0.3,0.71,14238,W
265,1.1,-0.48,2.25,30.06,33.63,-5.5,-5.53,-9.59,0.52,-0.63,0.05,0.3,0.71,14282,W
266,1.1,-0.48,2.25,30.06,33.63,-5.5,-6.06,-8.89,1.18,-0.63,0.05,0.3,0.71,14304,W
267,1.1,-0.48,2.25,30.06,33.63,-5.5,-6.02,-8.4,1.45,-0.63,0.05,0.3,0.71,14321,W
268,0.95,-0.15,2.08,30.06,33.63,-5.5,-6.02,-8.4,1.45,-0.63,0.05,0.3,0.71,14343,W
269,0.95,-0.15,2.08,30.06,33.63,-5.5,-6.41,-6.86,2.02,-0.63,0.05,0.3,0.71,14357,W
270,0.86,-0.37,1.95,30.06,33.63,-5.5,-6.41,-6.86,2.02,-0.63,0.05,0.3,0.71,14370,W
271,0.86,-0.37,1.95,30.06,33.63,-5.5,-6.41,-6.86,2.02,-0.52,0.19,0.46,0.69,14385,W
272,0.86,-0.37,1.95,30.06,33.63,-5.5,-5.87,-6.29,2.02,-0.52,0.19,0.46,0.69,14401,W
273,0.73,-0.35,1.66,30.06,33.63,-5.5,-5.87,-6.29,2.02,-0.52,0.19,0.46,0.69,14415,W
274,0.73,-0.35,1.66,30.06,33.63,-5.5,-5.87,-6.29,2.02,-0.49,0.21,0.49,0.69,14431,W
275,0.73,-0.35,1.66,30.06,33.63,-5.5,-5.57,-5.6,2.17,-0.49,0.21,0.49,0.69,14446,W
276,0.73,-0.35,1.66,30.06,33.63,-5.5,-4.91,-4.76,2.25,-0.49,0.21,0.49,0.69,14541,W
277,0.58,-0.46,1.18,30.06,33.63,-5.5,-4.91,-4.76,2.25,-0.49,0.21,0.49,0.69,14580,W
278,0.58,-0.46,1.18,30.06,33.63,-5.5,-3.88,-4.11,2.29,-0.49,0.21,0.49,0.69,14601,W
279,0.58,-0.46,1.18,30.06,33.63,-5.5,-4.8,-6.6,2.36,-0.49,0.21,0.49,0.69,14629,W
280,-0.4,0.32,-1.17,30.06,33.63,-5.5,-4.8,-6.6,2.36,-0.49,0.21,0.49,0.69,14655,W
281,-0.4,0.32,-1.17,30.06,33.63,-5.5,-4.07,-6.18,3.32,-0.49,0.21,0.49,0.69,14668,W
282,-0.61,0.13,-1.67,30.06,33.63,-5.5,-4.07,-6.18,3.32,-0.49,0.21,0.49,0.69,14687,W
283,-0.61,0.13,-1.67,30.06,33.63,-5.5,-4.26,-6.86,3.51,-0.49,0.21,0.49,0.69,14705,W
284,-0.61,0.13,-1.67,30.06,33.63,-5.5,-4.18,-8.02,2.79,-0.49,0.21,0.49,0.69,14719,W
285,-0.76,0.12,-1.98,30.06,33.63,-5.5,-4.18,-8.02,2.79,-0.49,0.21,0.49,0.69,14785,W
286,-0.76,0.12,-1.98,30.06,33.63,-5.5,-4.11,-8.51,2.79,-0.49,0.21,0.49,0.69,14812,W
287,-0.76,0.12,-1.98,30.06,33.63,-5.5,-3.92,-9.13,3.05,-0.49,0.21,0.49,0.69,14834,W
288,-0.76,0.12,-1.98,30.06,33.63,-5.5,-4.49,-9.39,2.67,-0.49,0.21,0.49,0.69,14854,W
289,-1.14,0.34,-1.97,30.06,33.63,-5.5,-4.49,-9.39,2.67,-0.49,0.21,0.49,0.69,14882,W
290,-1.14,0.34,-1.97,30.06,33.63,-5.5,-4.49,-9.39,2.67,-0.57,0.08,0.37,0.73,14902,W
291,-1.14,0.34,-1.97,30.06,33.63,-5.5,-5.57,-9.93,2.52,-0.57,0.08,0.37,0.73,14921,W
292,-1.15,-0.02,-1.73,30.06,33.63,-5.5,-5.57,-9.93,2.52,-0.57,0.08,0.37,0.73,14940,W
293,-1.15,-0.02,-1.73,30.06,33.63,-5.5,-5.45,-9.59,2.67,-0.57,0.08,0.37,0.73,14963,W
294,-1.15,-0.02,-1.73,30.06,33.63,-5.5,-5.3,-9.7,2.59,-0.57,0.08,0.37,0.73,14982,W
295,-1.15,-0.02,-1.73,30.06,33.63,-5.5,-5.95,-10.01,2.44,-0.57,0.08,0.37,0.73,15001,W
296,-1.13,0.31,-1.27,30.06,33.63,-5.5,-5.95,-10.01,2.44,-0.57,0.08,0.37,0.73,15019,W
297,-1.13,0.31,-1.27,30.06,33.63,-5.5,-5.95,-10.01,2.44,-0.64,-0.02,0.27,0.72,15039,W
298,-1.13,0.31,-1.27,30.06,33.63,-5.5,-5.26,-8.93,2.25,-0.64,-0.02,0.27,0.72,15055,W
299,-1.13,0.31,-1.27,30.06,33.63,-5.5,-4.87,-8.28,2.17,-0.64,-0.02,0.27,0.72,15084,W
300,-1.11,0.38,-1.07,30.06,33.63,-5.5,-4.87,-8.28,2.17,-0.64,-0.02,0.27,0.72,15105,W
301,-1.11,0.38,-1.07,30.06,33.63,-5.5,-5.11,-8.36,2.29,-0.64,-0.02,0.27,0.72,15122,W
302,-0.82,0.2,-0.76,30.06,33.63,-5.5,-5.11,-8.36,2.29,-0.64,-0.02,0.27,0.72,15143,W
303,-0.82,0.2,-0.76,30.06,33.63,-5.5,-4.49,-8.02,2.21,-0.64,-0.02,0.27,0.72,15165,W
304,-0.97,0.01,-0.8,30.06,33.63,-5.5,-4.49,-8.02,2.21,-0.64,-0.02,0.27,0.72,15185,W
305,-0.97,0.01,-0.8,30.06,33.63,-5.5,-3.92,-8.13,2.44,-0.64,-0.02,0.27,0.72,15205,W
306,-0.84,0.27,-0.63,30.06,33.63,-5.5,-3.92,-8.13,2.44,-0.64,-0.02,0.27,0.72,15227,W
307,-0.84,0.27,-0.63,30.06,33.63,-5.5,-3.92,-8.13,2.44,-0.71,-0.09,0.19,0.67,15247,W
308,-0.84,0.27,-0.63,30.06,33.63,-5.5,-3.88,-9.05,2.67,-0.71,-0.09,0.19,0.67,15264,W
309,-0.54,0.27,-0.32,30.06,33.63,-5.5,-3.88,-9.05,2.67,-0.71,-0.09,0.19,0.67,15285,W
310,-0.54,0.27,-0.32,30.06,33.63,-5.5,-3.04,-9.13,2.59,-0.71,-0.09,0.19,0.67,15303,W
311,-0.54,0.27,-0.32,30.06,33.63,-5.5,-2.88,-9.2,2.59,-0.71,-0.09,0.19,0.67,15327,W
312,-0.22,0.59,-0.01,30.06,33.63,-5.5,-2.88,-9.2,2.59,-0.71,-0.09,0.19,0.67,15347,W
313,-0.22,0.59,-0.01,30.06,33.63,-5.5,-3.27,-9.85,2.52,-0.71,-0.09,0.19,0.67,15367,W
314,0.09,0.51,0.18,30.06,33.63,-5.5,-3.27,-9.85,2.52,-0.71,-0.09,0.19,0.67,15384,W
315,0.09,0.51,0.18,30.06,33.63,-5.5,-3.65,-10.85,2.44,-0.71,-0.09,0.19,0.67,15401,W
316,0.09,0.51,0.18,30.06,33.63,-5.5,-3.54,-12.11,2.13,-0.71,-0.09,0.19,0.67,15421,W
317,0.58,0.49,0.38,30.06,33.63,-5.5,-3.54,-12.11,2.13,-0.71,-0.09,0.19,0.67,15441,W
318,0.58,0.49,0.38,30.06,33.63,-5.5,-3.23,-11.35,1.33,-0.71,-0.09,0.19,0.67,15458,W
319,0.82,0.31,0.98,30.06,33.63,-5.5,-3.23,-11.35,1.33,-0.71,-0.09,0.19,0.67,15476,W
320,0.82,0.31,0.98,30.06,33.63,-5.5,-3.23,-11.35,1.33,-0.72,-0.05,0.15,0.67,15494,W
321,0.82,0.31,0.98,30.06,33.63,-5.5,-3.19,-8.66,0.91,-0.72,-0.05,0.15,0.67,15513,W
322,0.91,-0.25,1.65,30.06,33.63,-5.5,-3.19,-8.66,0.91,-0.72,-0.05,0.15,0.67,15531,W
323,0.91,-0.25,1.65,30.06,33.63,-5.5,-4.87,-9.09,0.91,-0.72,-0.05,0.15,0.67,15550,W
324,0.87,-1.66,1.72,30.06,33.63,-5.5,-4.87,-9.09,0.91,-0.72,-0.05,0.15,0.67,15570,W
325,0.87,-1.66,1.72,30.06,33.63,-5.5,-4.87,-9.09,0.91,-0.69,0,0.22,0.69,15591,W
326,0.87,-1.66,1.72,30.06,33.63,-5.5,-6.02,-10.27,0.95,-0.69,0,0.22,0.69,15612,W
327,0.87,-1.66,1.72,30.06,33.63,-5.5,-5.22,-11.16,0.83,-0.69,0,0.22,0.69,15635,W
328,0.87,-1.66,1.72,45.31,11.44,-3.31,-5.22,-11.16,0.83,-0.69,0,0.22,0.69,15651,W
329,0.87,-1.66,1.72,45.31,11.44,-3.31,-5.87,-11,0.45,-0.69,0,0.22,0.69,15669,W
330,1.31,-0.97,2.62,45.31,11.44,-3.31,-5.87,-11,0.45,-0.69,0,0.22,0.69,15688,W
331,1.31,-0.97,2.62,45.31,11.44,-3.31,-6.18,-10.81,0.6,-0.69,0,0.22,0.69,15707,W
332,1.46,-0.62,2.98,45.31,11.44,-3.31,-6.18,-10.81,0.6,-0.69,0,0.22,0.69,15720,W
333,1.46,-0.62,2.98,45.31,11.44,-3.31,-6.18,-10.81,0.6,-0.59,0.08,0.4,0.69,15743,W
334,1.46,-0.62,2.98,45.31,11.44,-3.31,-6.14,-10.43,0.91,-0.59,0.08,0.4,0.69,15768,W
335,1.46,-0.62,2.98,45.31,11.44,-3.31,-6.33,-9.36,1.21,-0.59,0.08,0.4,0.69,15787,W
336,1.46,-0.62,2.98,45.31,11.44,-3.31,-6.21,-8.28,1.37,-0.59,0.08,0.4,0.69,15812,W
337,1.33,-0.29,2.78,45.31,11.44,-3.31,-6.21,-8.28,1.37,-0.59,0.08,0.4,0.69,15836,W
338,1.33,-0.29,2.78,35.81,-10.69,-6.06,-6.21,-8.28,1.37,-0.59,0.08,0.4,0.69,15857,W
339,1.33,-0.29,2.78,35.81,-10.69,-6.06,-5.79,-6.02,1.56,-0.59,0.08,0.4,0.69,15876,W
340,1.06,-0.5,2.17,35.81,-10.69,-6.06,-5.79,-6.02,1.56,-0.59,0.08,0.4,0.69,15895,W
341,1.06,-0.5,2.17,35.81,-10.69,-6.06,-5.22,-5.06,1.75,-0.59,0.08,0.4,0.69,15917,W
342,0.78,-0.54,1.37,35.81,-10.69,-6.06,-5.22,-5.06,1.75,-0.59,0.08,0.4,0.69,15937,W
343,0.78,-0.54,1.37,35.81,-10.69,-6.06,-4.11,-3.53,2.05,-0.59,0.08,0.4,0.69,15955,W
344,0.39,-0.16,0.47,35.81,-10.69,-6.06,-4.11,-3.53,2.05,-0.59,0.08,0.4,0.69,15972,W
345,0.39,-0.16,0.47,35.81,-10.69,-6.06,-4.11,-3.53,2.05,-0.42,0.26,0.59,0.64,15987,W
346,0.39,-0.16,0.47,35.81,-10.69,-6.06,-4.03,-3.27,2.13,-0.42,0.26,0.59,0.64,16001,W
347,0.39,-0.16,0.47,35.81,-10.69,-6.06,-4.38,-3.38,2.21,-0.42,0.26,0.59,0.64,16039,W
348,0.07,-0.1,-0.26,35.81,-10.69,-6.06,-4.38,-3.38,2.21,-0.42,0.26,0.59,0.64,16062,W
349,-0.25,-0.06,-0.98,35.81,-10.69,-6.06,-4.38,-3.38,2.21,-0.42,0.26,0.59,0.64,16078,W
350,-0.25,-0.06,-0.98,35.81,-10.69,-6.06,-4.38,-3.38,2.21,-0.42,0.25,0.58,0.65,16097,W
351,-0.25,-0.06,-0.98,35.81,-10.69,-6.06,-5.91,-5.64,2.98,-0.42,0.25,0.58,0.65,16114,W
352,-0.6,0.17,-1.82,35.81,-10.69,-6.06,-5.91,-5.64,2.98,-0.42,0.25,0.58,0.65,16132,W
353,-0.6,0.17,-1.82,35.81,-10.69,-6.06,-5.37,-5.98,3.47,-0.42,0.25,0.58,0.65,16156,W
354,-0.99,0.37,-2.13,35.81,-10.69,-6.06,-5.37,-5.98,3.47,-0.42,0.25,0.58,0.65,16177,W
355,-0.99,0.37,-2.13,35.81,-10.69,-6.06,-5.37,-5.98,3.47,-0.47,0.21,0.52,0.68,16202,W
356,-0.99,0.37,-2.13,35.81,-10.69,-6.06,-5.79,-7.21,3.43,-0.47,0.21,0.52,0.68,16226,W
357,-1.29,0.01,-2.49,35.81,-10.69,-6.06,-5.79,-7.21,3.43,-0.47,0.21,0.52,0.68,16246,W
358,-1.29,0.01,-2.49,35.81,-10.69,-6.06,-5.72,-8.86,3.24,-0.47,0.21,0.52,0.68,16266,W
359,-1.28,0.21,-2.48,35.81,-10.69,-6.06,-5.72,-8.86,3.24,-0.47,0.21,0.52,0.68,16290,W
360,-1.28,0.21,-2.48,35.81,-10.69,-6.06,-5.03,-9.66,3.32,-0.47,0.21,0.52,0.68,16308,W
361,-1.28,0.21,-2.48,35.81,-10.69,-6.06,-5.11,-9.85,2.9,-0.47,0.21,0.52,0.68,16324,W
362,-1.11,0.54,-2.24,35.81,-10.69,-6.06,-5.11,-9.85,2.9,-0.47,0.21,0.52,0.68,16352,W
363,-1.11,0.54,-2.24,35.81,-10.69,-6.06,-5.07,-10.08,2.44,-0.47,0.21,0.52,0.68,16372,W
364,-1.11,0.54,-2.24,35.81,-10.69,-6.06,-4.8,-9.78,2.59,-0.47,0.21,0.52,0.68,16393,W
365,-1.11,0.54,-2.24,35.81,-10.69,-6.06,-4.76,-9.01,2.63,-0.47,0.21,0.52,0.68,16410,W
366,-0.38,1.01,-1.8,35.81,-10.69,-6.06,-4.76,-9.01,2.63,-0.47,0.21,0.52,0.68,16427,W
367,-0.38,1.01,-1.8,35.81,-10.69,-6.06,-4.76,-9.01,2.63,-0.62,0.04,0.31,0.72,16451,W
368,-0.38,1.01,-1.8,35.81,-10.69,-6.06,-5.22,-9.36,2.21,-0.62,0.04,0.31,0.72,16471,W
369,-0.58,1.21,-1.5,35.81,-10.69,-6.06,-5.22,-9.36,2.21,-0.62,0.04,0.31,0.72,16492,W
370,-0.58,1.21,-1.5,35.81,-10.69,-6.06,-5.68,-8.55,2.32,-0.62,0.04,0.31,0.72,16512,W
371,-0.52,0.9,-1.19,35.81,-10.69,-6.06,-5.68,-8.55,2.32,-0.62,0.04,0.31,0.72,16530,W
372,-0.52,0.9,-1.19,35.81,-10.69,-6.06,-5.68,-8.55,2.32,-0.66,0.03,0.22,0.72,16548,W
373,-0.52,0.9,-1.19,35.81,-10.69,-6.06,-5.53,-8.09,2.52,-0.66,0.03,0.22,0.72,16566,W
374,-0.64,0.64,-0.97,35.81,-10.69,-6.06,-5.53,-8.09,2.52,-0.66,0.03,0.22,0.72,16590,W
375,-0.64,0.64,-0.97,35.81,-10.69,-6.06,-4.99,-7.21,2.52,-0.66,0.03,0.22,0.72,16614,W
376,-0.64,0.64,-0.97,35.81,-10.69,-6.06,-5.57,-7.75,2.52,-0.66,0.03,0.22,0.72,16639,W
377,-0.64,0.64,-0.97,33.56,6.62,1.19,-5.57,-7.75,2.52,-0.66,0.03,0.22,0.72,16658,W
378,-0.64,0.64,-0.97,33.56,6.62,1.19,-4.57,-7.79,2.82,-0.66,0.03,0.22,0.72,16677,W
379,-0.7,0.52,-0.55,33.56,6.62,1.19,-4.57,-7.79,2.82,-0.66,0.03,0.22,0.72,16698,W
380,-0.7,0.52,-0.55,33.56,6.62,1.19,-5.07,-8.43,2.67,-0.66,0.03,0.22,0.72,16715,W
381,-0.46,0.41,-0.24,33.56,6.62,1.19,-5.07,-8.43,2.67,-0.66,0.03,0.22,0.72,16732,W
382,-0.46,0.41,-0.24,34.31,9.25,1.81,-5.07,-8.43,2.67,-0.66,0.03,0.22,0.72,16749,W
383,-0.46,0.41,-0.24,34.31,9.25,1.81,-4.07,-8.7,2.71,-0.66,0.03,0.22,0.72,16764,W
384,-0.11,0.73,0.14,34.31,9.25,1.81,-4.07,-8.7,2.71,-0.66,0.03,0.22,0.72,16788,W
385,-0.11,0.73,0.14,32.25,6,4.75,-4.07,-8.7,2.71,-0.66,0.03,0.22,0.72,16815,T
386,-0.11,0.73,0.14,32.25,6,4.75,-4.45,-10.23,2.71,-0.66,0.03,0.22,0.72,16839,T
387,-0.11,0.73,0.14,31.87,6.62,4.44,-4.45,-10.23,2.71,-0.66,0.03,0.22,0.72,16857,T
388,0.59,0.73,0.62,31.87,6.62,4.44,-4.45,-10.23,2.71,-0.66,0.03,0.22,0.72,16874,T
389,0.59,0.73,0.62,31.87,6.62,4.44,-4.45,-10.23,2.71,-0.72,0.04,0.1,0.69,16898,T
390,0.59,0.73,0.62,31.87,6.62,4.44,-2.92,-10.77,1.67,-0.72,0.04,0.1,0.69,16919,T
391,0.59,0.73,0.62,31.87,6.62,4.44,-3.19,-9.89,1.37,-0.72,0.04,0.1,0.69,16936,T
392,0.59,0.73,0.62,31.87,6.62,4.44,-3.27,-9.7,1.56,-0.72,0.04,0.1,0.69,16953,T
393,0.59,0.73,0.62,31.87,6.62,4.44,-3.57,-10.89,1.29,-0.72,0.04,0.1,0.69,16971,T
394,0.84,-0.35,1.25,31.87,6.62,4.44,-3.57,-10.89,1.29,-0.72,0.04,0.1,0.69,16990,T
395,0.84,-0.35,1.25,31.87,6.62,4.44,-3.77,-11.23,0.48,-0.72,0.04,0.1,0.69,17013,T
396,0.96,-0.76,1.55,31.87,6.62,4.44,-3.77,-11.23,0.48,-0.72,0.04,0.1,0.69,17030,T
397,0.96,-0.76,1.55,31.87,6.62,4.44,-3.77,-11.23,0.48,-0.67,0.11,0.16,0.72,17053,T
398,0.96,-0.76,1.55,31.87,6.62,4.44,-2.69,-11,0.1,-0.67,0.11,0.16,0.72,17066,T
399,1.19,-0.22,2.08,31.87,6.62,4.44,-2.69,-11,0.1,-0.67,0.11,0.16,0.72,17083,T
400,1.19,-0.22,2.08,31.87,6.62,4.44,-3.46,-10.46,-0.16,-0.67,0.11,0.16,0.72,17103,T
401,1.29,-0.23,2.4,31.87,6.62,4.44,-3.46,-10.46,-0.16,-0.67,0.11,0.16,0.72,17126,T
402,1.29,-0.23,2.4,31.87,6.62,4.44,-3.46,-10.46,-0.16,-0.61,0.17,0.23,0.74,17144,T
403,1.29,-0.23,2.4,31.87,6.62,4.44,-4.15,-9.93,-0.16,-0.61,0.17,0.23,0.74,17167,T
404,1.29,-0.12,2.39,31.87,6.62,4.44,-4.15,-9.93,-0.16,-0.61,0.17,0.23,0.74,17184,T
405,1.29,-0.12,2.39,31.87,6.62,4.44,-4.38,-9.05,0.14,-0.61,0.17,0.23,0.74,17206,T
406,1.19,0.14,2.08,31.87,6.62,4.44,-4.38,-9.05,0.14,-0.61,0.17,0.23,0.74,17231,T
407,1.19,0.14,2.08,31.87,6.62,4.44,-4.38,-9.05,0.14,-0.53,0.25,0.31,0.74,17252,T
408,1.19,0.14,2.08,31.87,6.62,4.44,-5.14,-7.44,0.6,-0.53,0.25,0.31,0.74,17267,T
409,1.18,0.18,1.6,31.87,6.62,4.44,-5.14,-7.44,0.6,-0.53,0.25,0.31,0.74,17285,T
410,1.18,0.18,1.6,31.87,6.62,4.44,-5.22,-6.52,0.83,-0.53,0.25,0.31,0.74,17304,T
411,1.18,0.18,1.6,31.87,6.62,4.44,-5.26,-5.56,1.14,-0.53,0.25,0.31,0.74,17328,T
412,1.12,0.47,0.95,31.87,6.62,4.44,-5.26,-5.56,1.14,-0.53,0.25,0.31,0.74,17350,T
413,1.12,0.47,0.95,31.87,6.62,4.44,-5.57,-4.95,1.6,-0.53,0.25,0.31,0.74,17368,T
414,1.09,0.74,0.34,31.87,6.62,4.44,-5.57,-4.95,1.6,-0.53,0.25,0.31,0.74,17386,T
415,1.09,0.74,0.34,31.87,6.62,4.44,-6.02,-4.53,1.83,-0.53,0.25,0.31,0.74,17411,T
416,1.09,0.74,0.34,31.87,6.62,4.44,-6.6,-4.26,1.9,-0.53,0.25,0.31,0.74,17438,T
417,1.09,0.5,-0.18,31.87,6.62,4.44,-6.6,-4.26,1.9,-0.53,0.25,0.31,0.74,17460,T
418,1.09,0.5,-0.18,31.87,6.62,4.44,-6.48,-4.11,2.25,-0.53,0.25,0.31,0.74,17484,T
419,1.12,0.63,-0.4,31.87,6.62,4.44,-6.48,-4.11,2.25,-0.53,0.25,0.31,0.74,17505,T
420,1.12,0.63,-0.4,31.87,6.62,4.44,-9.28,-4.87,2.94,-0.53,0.25,0.31,0.74,17524,T
421,1.04,0.59,-1.12,31.87,6.62,4.44,-9.28,-4.87,2.94,-0.53,0.25,0.31,0.74,17545,T
422,1.04,0.59,-1.12,31.87,6.62,4.44,-8.71,-5.95,3.47,-0.53,0.25,0.31,0.74,17563,T
423,0.87,1.59,-0.82,31.87,6.62,4.44,-8.71,-5.95,3.47,-0.53,0.25,0.31,0.74,17580,T
424,0.87,1.59,-0.82,31.87,6.62,4.44,-8.71,-5.95,3.47,-0.41,0.42,0.23,0.78,17598,T
425,0.87,1.59,-0.82,31.87,6.62,4.44,-7.79,-3.68,3.55,-0.41,0.42,0.23,0.78,17622,T
426,0.7,0.72,-0.62,31.87,6.62,4.44,-7.79,-3.68,3.55,-0.41,0.42,0.23,0.78,17648,T
427,0.7,0.72,-0.62,31.87,6.62,4.44,-7.25,-3.27,3.74,-0.41,0.42,0.23,0.78,17667,T
428,0.7,0.72,-0.62,31.87,6.62,4.44,-7.86,-3.34,3.13,-0.41,0.42,0.23,0.78,17691,T
429,0.7,0.72,-0.62,17.5,-6.69,9.94,-7.86,-3.34,3.13,-0.41,0.42,0.23,0.78,17714,T
430,0.7,0.72,-0.62,17.5,-6.69,9.94,-7.94,-3.46,2.71,-0.41,0.42,0.23,0.78,17733,T
431,0.92,0.79,-0.63,17.5,-6.69,9.94,-7.94,-3.46,2.71,-0.41,0.42,0.23,0.78,17754,T
432,0.92,0.79,-0.63,17.5,-6.69,9.94,-7.82,-3.68,2.75,-0.41,0.42,0.23,0.78,17774,T
433,0.89,0.75,-0.49,17.5,-6.69,9.94,-7.82,-3.68,2.75,-0.41,0.42,0.23,0.78,17799,T
434,0.89,0.75,-0.49,17.5,-6.69,9.94,-7.71,-3.8,3.02,-0.41,0.42,0.23,0.78,17822,T
435,0.67,0.6,-0.39,17.5,-6.69,9.94,-7.71,-3.8,3.02,-0.41,0.42,0.23,0.78,17844,T
436,0.67,0.6,-0.39,17.5,-6.69,9.94,-7.86,-4.11,3.24,-0.41,0.42,0.23,0.78,17862,T
437,0.42,0.35,-0.48,17.5,-6.69,9.94,-7.86,-4.11,3.24,-0.41,0.42,0.23,0.78,17881,T
438,0.42,0.35,-0.48,17.5,-6.69,9.94,-7.86,-4.11,3.24,-0.38,0.48,0.07,0.79,17901,T
439,0.42,0.35,-0.48,17.5,-6.69,9.94,-8.29,-4.26,3.09,-0.38,0.48,0.07,0.79,17922,T
440,0.3,0.36,-0.42,17.5,-6.69,9.94,-8.29,-4.26,3.09,-0.38,0.48,0.07,0.79,17944,T
441,0.3,0.36,-0.42,17.5,-6.69,9.94,-7.52,-4.07,2.71,-0.38,0.48,0.07,0.79,17961,T
442,0.34,0.35,-0.38,17.5,-6.69,9.94,-7.52,-4.07,2.71,-0.38,0.48,0.07,0.79,17984,T
443,0.34,0.35,-0.38,17.5,-6.69,9.94,-7.52,-4.07,2.71,-0.38,0.49,0.03,0.79,18002,T
444,0.34,0.35,-0.38,17.5,-6.69,9.94,-7.21,-3.95,2.36,-0.38,0.49,0.03,0.79,18019,T
445,0.26,0.26,-0.43,17.5,-6.69,9.94,-7.21,-3.95,2.36,-0.38,0.49,0.03,0.79,18038,T
446,0.26,0.26,-0.43,17.5,-6.69,9.94,-6.83,-4.18,2.44,-0.38,0.49,0.03,0.79,18057,T
447,0.19,0.28,-0.43,17.5,-6.69,9.94,-6.83,-4.18,2.44,-0.38,0.49,0.03,0.79,18085,T
448,0.19,0.28,-0.43,17.5,-6.69,9.94,-6.83,-4.18,2.44,-0.38,0.49,0.01,0.79,18105,T
449,0.19,0.28,-0.43,17.5,-6.69,9.94,-6.48,-4.18,2.02,-0.38,0.49,0.01,0.79,18126,T
450,0.1,0.04,-0.44,17.5,-6.69,9.94,-6.48,-4.18,2.02,-0.38,0.49,0.01,0.79,18146,T
451,0.1,0.04,-0.44,17.5,-6.69,9.94,-6.25,-4.37,1.9,-0.38,0.49,0.01,0.79,18163,T
452,-0.02,-0.13,-0.52,17.5,-6.69,9.94,-6.25,-4.37,1.9,-0.38,0.49,0.01,0.79,18185,T
453,-0.02,-0.13,-0.52,17.5,-6.69,9.94,-6.25,-4.37,1.9,-0.38,0.48,-0.02,0.79,18207,T
454,-0.02,-0.13,-0.52,17.5,-6.69,9.94,-6.29,-5.03,2.17,-0.38,0.48,-0.02,0.79,18224,T
455,-0.02,0.17,-0.43,17.5,-6.69,9.94,-6.29,-5.03,2.17,-0.38,0.48,-0.02,0.79,18247,T
456,-0.02,0.17,-0.43,17.5,-6.69,9.94,-6.37,-4.87,1.71,-0.38,0.48,-0.02,0.79,18265,T
457,-0.09,-0.12,-0.49,17.5,-6.69,9.94,-6.37,-4.87,1.71,-0.38,0.48,-0.02,0.79,18280,T
458,-0.09,-0.12,-0.49,17.5,-6.69,9.94,-6.37,-4.87,1.71,-0.4,0.48,-0.03,0.79,18302,T
459,-0.09,-0.12,-0.49,17.5,-6.69,9.94,-5.95,-5.45,2.21,-0.4,0.48,-0.03,0.79,18334,T
460,-0.16,0.1,-0.39,17.5,-6.69,9.94,-5.95,-5.45,2.21,-0.4,0.48,-0.03,0.79,18356,T
461,-0.16,0.1,-0.39,17.5,-6.69,9.94,-6.45,-5.95,1.67,-0.4,0.48,-0.03,0.79,18373,T
462,-0.26,-0.45,-0.54,17.5,-6.69,9.94,-6.45,-5.95,1.67,-0.4,0.48,-0.03,0.79,18387,T
463,-0.26,-0.45,-0.54,17.5,-6.69,9.94,-6.06,-6.48,2.05,-0.4,0.48,-0.03,0.79,18402,T
464,-0.26,-0.2,-0.55,17.5,-6.69,9.94,-6.06,-6.48,2.05,-0.4,0.48,-0.03,0.79,18441,T
465,-0.26,-0.2,-0.55,17.5,-6.69,9.94,-6.06,-6.48,2.05,-0.42,0.45,-0.05,0.78,18467,T
466,-0.26,-0.2,-0.55,17.5,-6.69,9.94,-6.41,-7.48,2.05,-0.42,0.45,-0.05,0.78,18489,T
467,-0.25,-0.22,-0.58,17.5,-6.69,9.94,-6.41,-7.48,2.05,-0.42,0.45,-0.05,0.78,18515,T
468,-0.25,-0.22,-0.58,17.5,-6.69,9.94,-6.25,-7.79,1.9,-0.42,0.45,-0.05,0.78,18539,T
469,-0.24,-0.24,-0.59,17.5,-6.69,9.94,-6.25,-7.79,1.9,-0.42,0.45,-0.05,0.78,18559,T
470,-0.24,-0.24,-0.59,17.5,-6.69,9.94,-6.33,-8.66,2.17,-0.42,0.45,-0.05,0.78,18579,T
471,-0.19,-0.01,-0.46,17.5,-6.69,9.94,-6.33,-8.66,2.17,-0.42,0.45,-0.05,0.78,18596,T
472,-0.19,-0.01,-0.46,17.5,-6.69,9.94,-6.41,-8.93,2.09,-0.42,0.45,-0.05,0.78,18613,T
473,-0.08,-0.07,-0.31,17.5,-6.69,9.94,-6.41,-8.93,2.09,-0.42,0.45,-0.05,0.78,18632,T
474,-0.08,-0.07,-0.31,17.5,-6.69,9.94,-6.41,-8.93,2.09,-0.46,0.42,-0.07,0.78,18653,T
475,-0.08,-0.07,-0.31,17.5,-6.69,9.94,-6.56,-8.89,2.17,-0.46,0.42,-0.07,0.78,18670,T
476,-0.04,-0.17,-0.2,17.5,-6.69,9.94,-6.56,-8.89,2.17,-0.46,0.42,-0.07,0.78,18695,T
477,-0.04,-0.17,-0.2,17.5,-6.69,9.94,-6.75,-9.05,2.21,-0.46,0.42,-0.07,0.78,18717,T
478,-0.04,-0.17,-0.2,17.5,-6.69,9.94,-6.52,-8.82,2.32,-0.46,0.42,-0.07,0.78,18742,T
479,-0.01,-0.25,-0.09,17.5,-6.69,9.94,-6.52,-8.82,2.32,-0.46,0.42,-0.07,0.78,18768,T
480,-0.01,-0.25,-0.09,17.5,-6.69,9.94,-6.29,-8.7,2.25,-0.46,0.42,-0.07,0.78,18786,T
481,-0.02,-0.12,0,17.5,-6.69,9.94,-6.29,-8.7,2.25,-0.46,0.42,-0.07,0.78,18807,T
482,-0.02,-0.12,0,17.5,-6.69,9.94,-6.14,-8.36,2.17,-0.46,0.42,-0.07,0.78,18831,T
483,0,-0.16,0.06,17.5,-6.69,9.94,-6.14,-8.36,2.17,-0.46,0.42,-0.07,0.78,18857,T
484,0,-0.16,0.06,17.5,-6.69,9.94,-6.1,-8.28,2.25,-0.46,0.42,-0.07,0.78,18874,T
485,0.03,-0.17,0.02,17.5,-6.69,9.94,-6.1,-8.28,2.25,-0.46,0.42,-0.07,0.78,18897,T
486,0.03,-0.17,0.02,17.5,-6.69,9.94,-5.34,-7.86,2.44,-0.46,0.42,-0.07,0.78,18915,T
487,0.01,-0.02,0.01,17.5,-6.69,9.94,-5.34,-7.86,2.44,-0.46,0.42,-0.07,0.78,18939,T
488,0.01,-0.02,0.01,17.5,-6.69,9.94,-5.34,-7.86,2.44,-0.47,0.4,-0.07,0.79,18964,T
489,0.01,-0.02,0.01,17.5,-6.69,9.94,-5.41,-7.75,2.67,-0.47,0.4,-0.07,0.79,18984,T
490,-0.01,-0.21,-0.07,17.5,-6.69,9.94,-5.41,-7.75,2.67,-0.47,0.4,-0.07,0.79,19005,T
491,-0.01,-0.21,-0.07,17.5,-6.69,9.94,-5.34,-7.86,2.82,-0.47,0.4,-0.07,0.79,19025,T
492,0.07,-0.28,-0.07,17.5,-6.69,9.94,-5.34,-7.86,2.82,-0.47,0.4,-0.07,0.79,19047,T
493,0.07,-0.28,-0.07,17.5,-6.69,9.94,-5.91,-8.24,2.71,-0.47,0.4,-0.07,0.79,19065,T
494,0.07,-0.28,-0.07,17.5,-6.69,9.94,-5.87,-8.02,2.9,-0.47,0.4,-0.07,0.79,19085,T
495,0.11,-0.24,0.05,17.5,-6.69,9.94,-5.87,-8.02,2.9,-0.47,0.4,-0.07,0.79,19104,T
496,0.11,-0.24,0.05,17.5,-6.69,9.94,-5.76,-7.63,2.52,-0.47,0.4,-0.07,0.79,19123,T
497,0.06,-0.21,-0.06,17.5,-6.69,9.94,-5.76,-7.63,2.52,-0.47,0.4,-0.07,0.79,19142,T
498,0.06,-0.21,-0.06,17.5,-6.69,9.94,-5.37,-7.55,2.55,-0.47,0.4,-0.07,0.79,19163,T
499,0.06,-0.21,-0.06,17.5,-6.69,9.94,-5.45,-7.48,2.59,-0.47,0.4,-0.07,0.79,19179,T
500,-0.01,0.03,-0.12,17.5,-6.69,9.94,-5.45,-7.48,2.59,-0.47,0.4,-0.07,0.79,19202,T
501,-0.01,0.03,-0.12,17.5,-6.69,9.94,-5.49,-7.48,2.55,-0.47,0.4,-0.07,0.79,19219,T
502,-0.02,0.33,-0.03,17.5,-6.69,9.94,-5.49,-7.48,2.55,-0.47,0.4,-0.07,0.79,19240,T
503,-0.02,0.33,-0.03,17.5,-6.69,9.94,-5.49,-7.48,2.55,-0.47,0.38,-0.07,0.8,19266,T
504,-0.02,0.33,-0.03,17.5,-6.69,9.94,-5.26,-7.55,2.86,-0.47,0.38,-0.07,0.8,19284,T
505,0.05,0.53,-0.03,17.5,-6.69,9.94,-5.26,-7.55,2.86,-0.47,0.38,-0.07,0.8,19304,T
506,0.05,0.53,-0.03,17.5,-6.69,9.94,-5.53,-7.4,2.32,-0.47,0.38,-0.07,0.8,19328,T
507,0.05,0.53,-0.03,17.5,-6.69,9.94,-5.03,-7.4,2.13,-0.47,0.38,-0.07,0.8,19346,T
508,0.05,0.53,-0.03,17.5,-6.69,9.94,-4.72,-7.82,2.17,-0.47,0.38,-0.07,0.8,19360,T
509,-0.11,-0.17,-0.08,17.5,-6.69,9.94,-4.72,-7.82,2.17,-0.47,0.38,-0.07,0.8,19407,T
510,-0.11,-0.17,-0.08,17.5,-6.69,9.94,-4.72,-7.82,2.17,-0.47,0.39,-0.08,0.79,19427,T
511,-0.11,-0.17,-0.08,17.5,-6.69,9.94,-4.99,-7.9,2.36,-0.47,0.39,-0.08,0.79,19444,T
512,-0.11,-0.17,-0.08,17.5,-6.69,9.94,-5.11,-7.82,2.52,-0.47,0.39,-0.08,0.79,19545,T
513,0.07,-0.08,0.07,17.5,-6.69,9.94,-5.11,-7.82,2.52,-0.47,0.39,-0.08,0.79,19563,T
514,0.44,0.78,0.23,17.5,-6.69,9.94,-5.11,-7.82,2.52,-0.47,0.39,-0.08,0.79,19601,T
515,0.44,0.78,0.23,17.5,-6.69,9.94,-5.11,-7.82,2.52,-0.46,0.39,-0.07,0.79,19624,T
516,0.44,0.78,0.23,17.5,-6.69,9.94,-4.53,-8.24,2.59,-0.46,0.39,-0.07,0.79,19640,T
517,0.44,0.78,0.23,17.5,-6.69,9.94,-4.76,-7.98,3.13,-0.46,0.39,-0.07,0.79,19665,T
518,0.44,0.78,0.23,17.5,-6.69,9.94,-5.03,-7.63,3.66,-0.46,0.39,-0.07,0.79,19737,T
519,0.81,0.21,-0.3,17.5,-6.69,9.94,-5.03,-7.63,3.66,-0.46,0.39,-0.07,0.79,19765,T
520,0.81,0.21,-0.3,17.5,-6.69,9.94,-5.14,-6.25,3.43,-0.46,0.39,-0.07,0.79,19780,T
521,0.79,0.14,-0.78,17.5,-6.69,9.94,-5.14,-6.25,3.43,-0.46,0.39,-0.07,0.79,20787,W
522,0.79,0.14,-0.78,17.5,-6.69,9.94,-5.03,-6.21,3.86,-0.46,0.39,-0.07,0.79,22794,W
523,0.79,0.14,-0.78,17.5,-6.69,9.94,-4.72,-8.63,4.78,-0.46,0.39,-0.07,0.79,23790,W
524,0.79,0.14,-0.78,17.5,-6.69,9.94,-6.95,-2.8,3.21,-0.46,0.39,-0.07,0.79,23887,W
525,0.79,0.14,-0.78,17.5,-6.69,9.94,-6.68,-11,2.02,-0.46,0.39,-0.07,0.79,23913,W
526,0.79,0.14,-0.78,17.5,-6.69,9.94,-6.29,-10.43,0.98,-0.46,0.39,-0.07,0.79,23929,W
527,0.89,-0.89,2.29,17.5,-6.69,9.94,-6.29,-10.43,0.98,-0.46,0.39,-0.07,0.79,23947,W
528,0.89,-0.89,2.29,17.5,-6.69,9.94,-6.29,-10.43,0.98,0.1,0.64,-0.7,0.29,23967,W
529,0.89,-0.89,2.29,17.5,-6.69,9.94,-7.02,-10.85,1.37,0.1,0.64,-0.7,0.29,23984,W
530,1.07,-0.44,2.54,17.5,-6.69,9.94,-7.02,-10.85,1.37,0.1,0.64,-0.7,0.29,23999,W
531,1.07,-0.44,2.54,17.5,-6.69,9.94,-6.33,-10.04,1.21,0.1,0.64,-0.7,0.29,24014,W
532,1.07,-0.44,2.54,17.5,-6.69,9.94,-6.83,-8.97,1.02,0.1,0.64,-0.7,0.29,24029,W
533,1.09,-0.47,2.89,17.5,-6.69,9.94,-6.83,-8.97,1.02,0.1,0.64,-0.7,0.29,24043,W
534,1.09,-0.47,2.89,17.5,-6.69,9.94,-6.83,-8.97,1.02,0.18,0.58,-0.69,0.39,24058,W
535,1.09,-0.47,2.89,17.5,-6.69,9.94,-7.25,-8.4,1.6,0.18,0.58,-0.69,0.39,24073,W
536,1.1,-0.38,2.7,17.5,-6.69,9.94,-7.25,-8.4,1.6,0.18,0.58,-0.69,0.39,24086,W
537,1.1,-0.38,2.7,17.5,-6.69,9.94,-7.25,-8.4,1.6,0.22,0.54,-0.68,0.44,24200,W
538,1.1,-0.38,2.7,17.5,-6.69,9.94,-6.56,-7.94,1.79,0.22,0.54,-0.68,0.44,24669,W
539,1.1,-0.38,2.7,17.5,-6.69,9.94,-5.41,-4.03,1.98,0.22,0.54,-0.68,0.44,24692,W
540,-1.15,0.89,-2.94,17.5,-6.69,9.94,-5.41,-4.03,1.98,0.22,0.54,-0.68,0.44,24710,W
541,-1.15,0.89,-2.94,17.5,-6.69,9.94,-6.14,-11.92,2.4,0.22,0.54,-0.68,0.44,24740,W
542,-1.15,0.89,-2.94,17.5,-6.69,9.94,-6.21,-11.16,2.21,0.22,0.54,-0.68,0.44,24781,W
543,-1.15,0.89,-2.94,17.5,-6.69,9.94,-7.29,-10.96,1.86,0.22,0.54,-0.68,0.44,24794,W
544,-1.01,1.38,-1.69,17.5,-6.69,9.94,-7.29,-10.96,1.86,0.22,0.54,-0.68,0.44,24820,W
545,-1.01,1.38,-1.69,17.5,-6.69,9.94,-6.33,-9.24,2.4,0.22,0.54,-0.68,0.44,24841,W
546,-1.01,1.38,-1.69,17.5,-6.69,9.94,-7.29,-8.74,2.21,0.22,0.54,-0.68,0.44,24859,W
547,-1.01,1.38,-1.69,17.5,-6.69,9.94,-6.37,-7.63,2.4,0.22,0.54,-0.68,0.44,24875,W
548,-0.4,0.36,-0.78,17.5,-6.69,9.94,-6.37,-7.63,2.4,0.22,0.54,-0.68,0.44,24889,W
549,-0.4,0.36,-0.78,17.5,-6.69,9.94,-6.37,-7.63,2.4,0.02,0.7,-0.7,0.12,24906,W
550,-0.4,0.36,-0.78,17.5,-6.69,9.94,-5.34,-7.21,3.02,0.02,0.7,-0.7,0.12,24931,W
551,-0.08,0.58,-0.47,17.5,-6.69,9.94,-5.34,-7.21,3.02,0.02,0.7,-0.7,0.12,25113,W
552,-0.08,0.58,-0.47,17.5,-6.69,9.94,-5.34,-7.21,3.02,0.01,0.71,-0.7,0.1,25137,W
553,0.43,0.25,1.13,17.5,-6.69,9.94,-5.34,-7.21,3.02,0.01,0.71,-0.7,0.1,25151,W
554,0.43,0.25,1.13,17.5,-6.69,9.94,-5.3,-7.86,2.05,0.01,0.71,-0.7,0.1,25296,W
555,0.43,0.25,1.13,17.5,-6.69,9.94,-6.25,-8.36,1.98,0.01,0.71,-0.7,0.1,25319,W
556,0.43,0.25,1.13,17.5,-6.69,9.94,-8.63,-10.7,2.25,0.01,0.71,-0.7,0.1,25334,W
557,0.61,-0.8,2.1,17.5,-6.69,9.94,-8.63,-10.7,2.25,0.01,0.71,-0.7,0.1,25370,W
558,0.61,-0.8,2.1,17.5,-6.69,9.94,-8.63,-10.7,2.25,0.15,0.64,-0.71,0.26,25392,W
559,0.75,-0.45,2.6,17.5,-6.69,9.94,-8.63,-10.7,2.25,0.15,0.64,-0.71,0.26,25413,W
560,0.75,-0.45,2.6,17.5,-6.69,9.94,-7.55,-10.35,1.56,0.15,0.64,-0.71,0.26,25428,W
561,0.75,-0.45,2.6,17.5,-6.69,9.94,-7.82,-10.23,1.56,0.15,0.64,-0.71,0.26,25442,W
562,0.75,-0.71,2.68,17.5,-6.69,9.94,-7.82,-10.23,1.56,0.15,0.64,-0.71,0.26,25643,W
563,0.75,-0.71,2.68,17.5,-6.69,9.94,-7.29,-10.2,1.29,0.15,0.64,-0.71,0.26,25665,W
564,0.75,-0.71,2.68,17.5,-6.69,9.94,-3.99,-4.57,1.06,0.15,0.64,-0.71,0.26,25680,W
565,0.75,-0.71,2.68,17.5,-6.69,9.94,-3.88,-4.11,1.25,0.15,0.64,-0.71,0.26,25693,W
566,-0.1,0.04,0.56,17.5,-6.69,9.94,-3.88,-4.11,1.25,0.15,0.64,-0.71,0.26,25833,W
567,-0.1,0.04,0.56,17.5,-6.69,9.94,-3.96,-3.61,1.18,0.15,0.64,-0.71,0.26,25865,W
568,-0.57,0.31,-1.85,17.5,-6.69,9.94,-3.96,-3.61,1.18,0.15,0.64,-0.71,0.26,25894,W
569,-0.57,0.31,-1.85,17.5,-6.69,9.94,-5.6,-6.48,2.21,0.15,0.64,-0.71,0.26,25911,W
570,-0.57,0.31,-1.85,17.5,-6.69,9.94,-6.1,-8.43,2.29,0.15,0.64,-0.71,0.26,25925,W
571,-0.84,0.4,-2.79,17.5,-6.69,9.94,-6.1,-8.43,2.29,0.15,0.64,-0.71,0.26,25939,W
572,-0.84,0.4,-2.79,17.5,-6.69,9.94,-6.1,-8.43,2.29,0.21,0.52,-0.7,0.45,25955,W
573,-0.84,0.4,-2.79,17.5,-6.69,9.94,-8.05,-13.84,2.25,0.21,0.52,-0.7,0.45,25970,W
574,-0.83,1.36,-3.22,17.5,-6.69,9.94,-8.05,-13.84,2.25,0.21,0.52,-0.7,0.45,26176,W
575,-0.83,1.36,-3.22,17.5,-6.69,9.94,-8.05,-13.84,2.25,0.18,0.55,-0.72,0.39,26197,W
576,-0.7,0.78,-1.12,17.5,-6.69,9.94,-8.05,-13.84,2.25,0.18,0.55,-0.72,0.39,26212,W
577,-0.7,0.78,-1.12,17.5,-6.69,9.94,-7.9,-10.08,1.06,0.18,0.55,-0.72,0.39,26252,W
578,-0.7,0.78,-1.12,17.5,-6.69,9.94,-7.52,-6.71,2.17,0.18,0.55,-0.72,0.39,26685,W
579,-0.7,0.78,-1.12,17.5,-6.69,9.94,-6.33,-7.05,1.64,0.18,0.55,-0.72,0.39,26718,W
580,0.75,-0.63,2.33,17.5,-6.69,9.94,-6.33,-7.05,1.64,0.18,0.55,-0.72,0.39,26749,W
581,0.75,-0.63,2.33,17.5,-6.69,9.94,-7.79,-9.39,1.52,0.18,0.55,-0.72,0.39,26765,W
582,0.75,-0.63,2.33,17.5,-6.69,9.94,-8.71,-8.89,1.52,0.18,0.55,-0.72,0.39,26782,W
583,0.71,-1.14,2.65,17.5,-6.69,9.94,-8.71,-8.89,1.52,0.18,0.55,-0.72,0.39,26796,W
584,0.71,-1.14,2.65,17.5,-6.69,9.94,-8.71,-8.89,1.52,0.27,0.54,-0.71,0.37,26812,W
585,0.71,-1.14,2.65,17.5,-6.69,9.94,-8.4,-9.2,1.52,0.27,0.54,-0.71,0.37,26827,T
586,0.71,-1.14,2.65,17.5,-6.69,9.94,-7.33,-8.28,1.25,0.27,0.54,-0.71,0.37,26844,T
587,0.67,-0.63,2.51,17.5,-6.69,9.94,-7.33,-8.28,1.25,0.27,0.54,-0.71,0.37,26860,T
588,0.67,-0.63,2.51,17.5,-6.69,9.94,-6.68,-6.86,1.29,0.27,0.54,-0.71,0.37,26874,T
589,0.53,-0.88,2.22,17.5,-6.69,9.94,-6.68,-6.86,1.29,0.27,0.54,-0.71,0.37,27301,T
590,0.53,-0.88,2.22,17.5,-6.69,9.94,-6.68,-6.86,1.29,0.32,0.46,-0.68,0.47,27325,T
591,0.53,-0.88,2.22,17.5,-6.69,9.94,-7.48,-10.01,2.55,0.32,0.46,-0.68,0.47,27339,T
592,-1.38,0.91,-3.62,17.5,-6.69,9.94,-7.48,-10.01,2.55,0.32,0.46,-0.68,0.47,27353,T
593,-1.38,0.91,-3.62,37.75,27.81,-23.06,-7.48,-10.01,2.55,0.32,0.46,-0.68,0.47,27367,T
594,-1.38,0.91,-3.62,37.75,27.81,-23.06,-6.64,-11.58,2.32,0.32,0.46,-0.68,0.47,27567,T
595,-1.28,1.62,-3.09,37.75,27.81,-23.06,-6.64,-11.58,2.32,0.32,0.46,-0.68,0.47,27591,T
596,-0.42,0.59,-0.23,37.75,27.81,-23.06,-6.64,-11.58,2.32,0.32,0.46,-0.68,0.47,27606,T
597,-0.42,0.59,-0.23,37.75,27.81,-23.06,-5.64,-6.14,2.44,0.32,0.46,-0.68,0.47,27619,T
598,-0.42,0.59,-0.23,37.75,27.81,-23.06,-7.59,-6.6,2.55,0.32,0.46,-0.68,0.47,27635,T
599,-0.11,-0.03,0.29,37.75,27.81,-23.06,-7.59,-6.6,2.55,0.32,0.46,-0.68,0.47,27650,T
600,-0.11,-0.03,0.29,37.75,27.81,-23.06,-7.59,-6.6,2.55,0.08,0.7,-0.7,0.11,27664,T
601,-0.11,-0.03,0.29,37.75,27.81,-23.06,-7.55,-6.45,2.17,0.08,0.7,-0.7,0.11,28399,T
602,0.01,-0.63,0.43,37.75,27.81,-23.06,-7.55,-6.45,2.17,0.08,0.7,-0.7,0.11,28423,T
603,0.01,-0.63,0.43,37.75,27.81,-23.06,-7.29,-2.57,1.52,0.08,0.7,-0.7,0.11,28438,T
604,-0.84,-0.14,0.82,37.75,27.81,-23.06,-7.29,-2.57,1.52,0.08,0.7,-0.7,0.11,28451,T
605,-0.84,-0.14,0.82,37.75,27.81,-23.06,-7.29,-2.57,1.52,0.25,0.44,-0.46,0.73,29243,T
606,-0.84,-0.14,0.82,37.75,27.81,-23.06,-7.44,-2.5,2.02,0.25,0.44,-0.46,0.73,29267,T
607,-0.84,-0.14,0.82,33.19,18.69,-27.44,-7.44,-2.5,2.02,0.25,0.44,-0.46,0.73,29282,T
608,-0.84,-0.14,0.82,33.19,18.69,-27.44,-9.01,-2.19,4.59,0.25,0.44,-0.46,0.73,29297,T
609,-0.89,-0.32,-0.04,33.19,18.69,-27.44,-9.01,-2.19,4.59,0.25,0.44,-0.46,0.73,29312,T
610,-0.89,-0.32,-0.04,33.19,18.69,-27.44,-7.67,-2.11,3.59,0.25,0.44,-0.46,0.73,29533,T
611,-0.61,-0.05,-0.17,33.19,18.69,-27.44,-7.67,-2.11,3.59,0.25,0.44,-0.46,0.73,29558,T
612,-0.61,-0.05,-0.17,33.19,18.69,-27.44,-6.91,-2.69,2.67,0.25,0.44,-0.46,0.73,29573,T
613,-0.61,-0.05,-0.17,33.19,18.69,-27.44,-5.87,-3.61,3.21,0.25,0.44,-0.46,0.73,29587,T
614,-0.89,0.2,-1.08,33.19,18.69,-27.44,-5.87,-3.61,3.21,0.25,0.44,-0.46,0.73,30309,T
615,-0.89,0.2,-1.08,33.19,18.69,-27.44,-5.87,-3.61,3.21,-0.27,0.5,-0.01,0.82,30333,T
616,-0.89,0.2,-1.08,33.19,18.69,-27.44,-4.8,-8.82,2.86,-0.27,0.5,-0.01,0.82,30354,T
617,-0.01,0.07,0,33.19,18.69,-27.44,-4.8,-8.82,2.86,-0.27,0.5,-0.01,0.82,30380,T
618,-0.01,0.07,0,33.19,18.69,-27.44,-4.45,-8.7,2.52,-0.27,0.5,-0.01,0.82,30394,T
619,-0.01,0.07,0,33.19,18.69,-27.44,-4.11,-8.47,2.52,-0.27,0.5,-0.01,0.82,30409,T
620,-0.04,0.16,-0.08,33.19,18.69,-27.44,-4.11,-8.47,2.52,-0.27,0.5,-0.01,0.82,30425,T
621,-0.04,0.16,-0.08,33.19,18.69,-27.44,-4.03,-8.32,2.71,-0.27,0.5,-0.01,0.82,30725,T
622,-0.05,0.31,-0.12,33.19,18.69,-27.44,-4.03,-8.32,2.71,-0.27,0.5,-0.01,0.82,30748,T
623,-0.05,0.31,-0.12,33.19,18.69,-27.44,-4.41,-8.36,3.13,-0.27,0.5,-0.01,0.82,30768,T
624,-0.05,0.31,-0.12,33.19,18.69,-27.44,-4.26,-8.28,3.05,-0.27,0.5,-0.01,0.82,30783,T
625,-0.09,0.14,-0.16,33.19,18.69,-27.44,-4.26,-8.28,3.05,-0.27,0.5,-0.01,0.82,31546,T
626,-0.09,0.14,-0.16,33.19,18.69,-27.44,-4.26,-8.28,3.05,-0.47,0.38,-0.12,0.79,31571,T
627,-0.04,0.16,0,33.19,18.69,-27.44,-4.26,-8.28,3.05,-0.47,0.38,-0.12,0.79,31586,T
628,-0.04,0.16,0,33.19,18.69,-27.44,-4.03,-7.94,3.63,-0.47,0.38,-0.12,0.79,31599,W
629,-0.11,0.26,0.06,33.19,18.69,-27.44,-4.03,-7.94,3.63,-0.47,0.38,-0.12,0.79,32455,W
630,-0.11,0.26,0.06,4.75,30.25,-23.87,-4.03,-7.94,3.63,-0.47,0.38,-0.12,0.79,32505,W
631,-0.11,0.26,0.06,4.75,30.25,-23.87,-6.6,-3.34,2.48,-0.47,0.38,-0.12,0.79,32522,W
632,-0.11,0.26,0.06,4.75,30.25,-23.87,-6.71,-2.19,2.9,-0.47,0.38,-0.12,0.79,32539,W
633,-0.11,-0.54,1.16,4.75,30.25,-23.87,-6.71,-2.19,2.9,-0.47,0.38,-0.12,0.79,32553,W
634,-0.11,-0.54,1.16,4.75,30.25,-23.87,-6.71,-2.19,2.9,-0.21,0.5,0.1,0.84,32577,W
635,-0.11,-0.54,1.16,4.75,30.25,-23.87,-6.29,-1.12,3.13,-0.21,0.5,0.1,0.84,32594,W
636,-0.11,-0.54,1.16,4.75,30.25,-23.87,-6.02,-0.24,3.36,-0.21,0.5,0.1,0.84,32610,W
637,-0.25,-0.42,0.81,4.75,30.25,-23.87,-6.02,-0.24,3.36,-0.21,0.5,0.1,0.84,32628,W
638,-0.25,-0.42,0.81,4.75,30.25,-23.87,-5.98,0.14,3.78,-0.21,0.5,0.1,0.84,32642,W
639,-0.39,-0.3,0.53,4.75,30.25,-23.87,-5.98,0.14,3.78,-0.21,0.5,0.1,0.84,32663,W
640,-0.39,-0.3,0.53,4.75,30.25,-23.87,-5.98,0.14,3.78,-0.2,0.48,0.14,0.84,32688,W
641,-0.39,-0.3,0.53,4.75,30.25,-23.87,-6.79,0.88,4.62,-0.2,0.48,0.14,0.84,32719,W
642,-0.5,-0.26,0.28,4.75,30.25,-23.87,-6.79,0.88,4.62,-0.2,0.48,0.14,0.84,32738,W
643,-0.5,-0.26,0.28,4.75,30.25,-23.87,-8.17,-0.2,6.16,-0.2,0.48,0.14,0.84,32753,W
644,-0.47,-0.03,0.38,4.75,30.25,-23.87,-8.17,-0.2,6.16,-0.2,0.48,0.14,0.84,32769,W
645,-0.47,-0.03,0.38,4.75,30.25,-23.87,-8.71,-0.66,5.93,-0.2,0.48,0.14,0.84,32801,W
646,-0.4,-0.32,0.65,4.75,30.25,-23.87,-8.71,-0.66,5.93,-0.2,0.48,0.14,0.84,32821,W
647,-0.4,-0.32,0.65,36.19,21,-21.31,-8.71,-0.66,5.93,-0.2,0.48,0.14,0.84,32839,W
648,-0.4,-0.32,0.65,36.19,21,-21.31,-7.98,-0.47,4.85,-0.2,0.48,0.14,0.84,32874,W
649,-0.56,-0.32,0.69,36.19,21,-21.31,-7.98,-0.47,4.85,-0.2,0.48,0.14,0.84,32890,W
650,-0.56,-0.32,0.69,36.19,21,-21.31,-7.98,-0.5,4.32,-0.2,0.48,0.14,0.84,32906,W
651,-0.88,-0.2,0.7,36.19,21,-21.31,-7.98,-0.5,4.32,-0.2,0.48,0.14,0.84,32921,W
652,-0.88,-0.2,0.7,36.19,21,-21.31,-7.63,-0.58,4.12,-0.2,0.48,0.14,0.84,32935,W
653,-0.88,-0.2,0.7,36.19,21,-21.31,-7.55,-0.54,3.97,-0.2,0.48,0.14,0.84,33042,W
654,-1.28,-0.16,0.63,36.19,21,-21.31,-7.55,-0.54,3.97,-0.2,0.48,0.14,0.84,33074,W
655,-1.92,-0.03,0.54,36.19,21,-21.31,-7.55,-0.54,3.97,-0.2,0.48,0.14,0.84,33103,W
656,-1.92,-0.03,0.54,36.19,21,-21.31,-9.13,-1.85,3.4,-0.2,0.48,0.14,0.84,33126,W
657,-1.92,-0.03,0.54,36.19,21,-21.31,-9.47,-1.81,3.24,-0.2,0.48,0.14,0.84,33142,W
658,-1.62,-0.51,0.95,36.19,21,-21.31,-9.47,-1.81,3.24,-0.2,0.48,0.14,0.84,33157,W
659,-1.62,-0.51,0.95,36.19,21,-21.31,-9.47,-1.81,3.24,-0.34,0.4,0.39,0.76,33171,W
660,-1.62,-0.51,0.95,36.19,21,-21.31,-9.36,-1.77,3.21,-0.34,0.4,0.39,0.76,33185,W
661,-1.62,-0.51,0.95,36.19,21,-21.31,-9.24,-1.35,3.17,-0.34,0.4,0.39,0.76,33199,W
662,-1.27,-0.5,0.97,36.19,21,-21.31,-9.24,-1.35,3.17,-0.34,0.4,0.39,0.76,33213,W
663,-1.27,-0.5,0.97,36.19,21,-21.31,-9.24,-1.35,3.17,-0.35,0.39,0.43,0.74,33227,W
664,-1.27,-0.5,0.97,36.19,21,-21.31,-9.66,-0.81,3.55,-0.35,0.39,0.43,0.74,33429,W
665,-1.23,-0.08,0.88,36.19,21,-21.31,-9.66,-0.81,3.55,-0.35,0.39,0.43,0.74,33455,W
666,-1.23,-0.08,0.88,36.19,21,-21.31,-8.82,-0.73,4.36,-0.35,0.39,0.43,0.74,33469,W
667,-1.23,-0.08,0.88,36.19,21,-21.31,-8.25,-0.54,4.24,-0.35,0.39,0.43,0.74,33489,W
668,-0.3,-0.52,1.02,36.19,21,-21.31,-8.25,-0.54,4.24,-0.35,0.39,0.43,0.74,33513,W
669,-0.3,-0.52,1.02,36.19,21,-21.31,-8.25,-0.54,4.24,-0.35,0.33,0.62,0.62,33540,W
670,-0.3,-0.52,1.02,36.19,21,-21.31,-7.59,-0.35,4.01,-0.35,0.33,0.62,0.62,33564,W
671,-0.3,-0.52,1.02,36.19,21,-21.31,-7.06,-0.2,3.89,-0.35,0.33,0.62,0.62,33581,W
672,-0.3,-0.52,1.02,36.19,21,-21.31,-6.83,-0.35,3.93,-0.35,0.33,0.62,0.62,33595,W
673,-0.29,-0.09,0.1,36.19,21,-21.31,-6.83,-0.35,3.93,-0.35,0.33,0.62,0.62,33610,W
674,-0.29,-0.09,0.1,36.19,21,-21.31,-6.83,-0.35,3.93,-0.34,0.32,0.65,0.6,33943,W
675,-0.29,-0.09,0.1,36.19,21,-21.31,-7.98,-1,4.09,-0.34,0.32,0.65,0.6,33987,W
676,-1.82,0.83,-3.33,36.19,21,-21.31,-7.98,-1,4.09,-0.34,0.32,0.65,0.6,34006,W
677,-1.82,0.83,-3.33,36.19,21,-21.31,-5.41,-9.39,2.9,-0.34,0.32,0.65,0.6,34022,W
678,-1.82,0.83,-3.33,36.19,21,-21.31,-5.79,-11.31,2.63,-0.34,0.32,0.65,0.6,34037,W
679,-1.51,1.85,-3.03,36.19,21,-21.31,-5.79,-11.31,2.63,-0.34,0.32,0.65,0.6,34055,W
680,-1.51,1.85,-3.03,36.19,21,-21.31,-5.79,-11.31,2.63,-0.61,0.04,0.36,0.71,34070,W
681,-1.51,1.85,-3.03,23.25,34.44,-0.19,-5.79,-11.31,2.63,-0.61,0.04,0.36,0.71,34084,W
682,-1.51,1.85,-3.03,23.25,34.44,-0.19,-5.87,-10.81,2.48,-0.61,0.04,0.36,0.71,34099,W
683,-1.01,1.87,-2.29,23.25,34.44,-0.19,-5.87,-10.81,2.48,-0.61,0.04,0.36,0.71,34710,W
684,-1.01,1.87,-2.29,23.25,34.44,-0.19,-5.87,-10.81,2.48,-0.65,0.02,0.28,0.71,34743,W
685,-1.01,1.87,-2.29,23.25,34.44,-0.19,-6.98,-10.77,0.91,-0.65,0.02,0.28,0.71,34764,W
686,1.1,-0.99,2.74,23.25,34.44,-0.19,-6.98,-10.77,0.91,-0.65,0.02,0.28,0.71,34803,W
687,1.1,-0.99,2.74,23.25,34.44,-0.19,-6.75,-10.46,0.75,-0.65,0.02,0.28,0.71,34828,W
688,1.19,-0.69,3.26,23.25,34.44,-0.19,-6.75,-10.46,0.75,-0.65,0.02,0.28,0.71,34845,W
689,1.19,-0.69,3.26,23.25,34.44,-0.19,-7.1,-8.21,1.1,-0.65,0.02,0.28,0.71,34863,W
690,1.25,-0.99,3.33,23.25,34.44,-0.19,-7.1,-8.21,1.1,-0.65,0.02,0.28,0.71,34882,W
691,1.25,-0.99,3.33,23.25,34.44,-0.19,-5.87,-6.75,1.14,-0.65,0.02,0.28,0.71,34898,W
692,1.07,-0.72,3.01,23.25,34.44,-0.19,-5.87,-6.75,1.14,-0.65,0.02,0.28,0.71,34918,W
693,1.07,-0.72,3.01,23.25,34.44,-0.19,-5.87,-6.75,1.14,-0.51,0.22,0.51,0.66,34933,W
694,1.07,-0.72,3.01,23.25,34.44,-0.19,-5.79,-4.64,1.25,-0.51,0.22,0.51,0.66,34951,W
695,0.81,-0.87,2.01,23.25,34.44,-0.19,-5.79,-4.64,1.25,-0.51,0.22,0.51,0.66,34976,W
696,0.81,-0.87,2.01,23.25,34.44,-0.19,-5.79,-4.64,1.25,-0.47,0.25,0.56,0.64,34999,W
697,0.81,-0.87,2.01,23.25,34.44,-0.19,-5.22,-4.26,1.56,-0.47,0.25,0.56,0.64,35014,W
698,0.48,-0.31,0.96,23.25,34.44,-0.19,-5.22,-4.26,1.56,-0.47,0.25,0.56,0.64,35054,W
699,0.48,-0.31,0.96,23.25,34.44,-0.19,-4.53,-3.95,1.83,-0.47,0.25,0.56,0.64,35072,W
700,0.14,0.1,0.05,23.25,34.44,-0.19,-4.53,-3.95,1.83,-0.47,0.25,0.56,0.64,35086,W
701,0.14,0.1,0.05,23.25,34.44,-0.19,-4.53,-4.03,1.94,-0.47,0.25,0.56,0.64,35100,W
702,0.14,0.1,0.05,23.25,34.44,-0.19,-4.11,-4.14,1.98,-0.47,0.25,0.56,0.64,35114,W
703,-0.2,0.29,-0.68,23.25,34.44,-0.19,-4.11,-4.14,1.98,-0.47,0.25,0.56,0.64,35139,W
704,-0.2,0.29,-0.68,23.25,34.44,-0.19,-4.15,-4.34,2.02,-0.47,0.25,0.56,0.64,35153,W
705,-0.52,0.29,-1.4,23.25,34.44,-0.19,-4.15,-4.34,2.02,-0.47,0.25,0.56,0.64,35167,W
706,-0.52,0.29,-1.4,23.25,34.44,-0.19,-4.15,-4.34,2.02,-0.45,0.26,0.57,0.64,35181,W
707,-0.52,0.29,-1.4,23.25,34.44,-0.19,-4.57,-4.99,2.09,-0.45,0.26,0.57,0.64,35195,W
708,-0.52,0.29,-1.4,23.25,34.44,-0.19,-4.45,-5.52,2.17,-0.45,0.26,0.57,0.64,35290,W
709,-0.65,0.21,-2,23.25,34.44,-0.19,-4.45,-5.52,2.17,-0.45,0.26,0.57,0.64,35309,W
710,-0.65,0.21,-2,23.25,34.44,-0.19,-6.25,-10.7,2.21,-0.45,0.26,0.57,0.64,35351,W
711,-0.65,0.21,-2,23.25,34.44,-0.19,-6.06,-12.3,2.05,-0.45,0.26,0.57,0.64,35367,W
712,-1.27,1.22,-3.37,23.25,34.44,-0.19,-6.06,-12.3,2.05,-0.45,0.26,0.57,0.64,35387,W
713,-1.27,1.22,-3.37,23.25,34.44,-0.19,-5.49,-9.85,1.98,-0.45,0.26,0.57,0.64,35413,W
714,-1.39,0.63,-3.14,23.25,34.44,-0.19,-5.49,-9.85,1.98,-0.45,0.26,0.57,0.64,35435,W
715,-1.39,0.63,-3.14,23.25,34.44,-0.19,-5.14,-9.82,1.98,-0.45,0.26,0.57,0.64,35462,W
716,-1.39,0.63,-3.14,23.25,34.44,-0.19,-5.18,-11.2,1.52,-0.45,0.26,0.57,0.64,35484,W
717,-1.39,0.63,-3.14,23.25,34.44,-0.19,-4.03,-10.58,1.41,-0.45,0.26,0.57,0.64,35501,W
718,-0.57,1.04,-1.58,23.25,34.44,-0.19,-4.03,-10.58,1.41,-0.45,0.26,0.57,0.64,35521,W
719,-0.57,1.04,-1.58,23.25,34.44,-0.19,-4.03,-10.58,1.41,-0.68,0,0.21,0.71,35537,W
720,-0.57,1.04,-1.58,23.25,34.44,-0.19,-4.45,-9.2,1.67,-0.68,0,0.21,0.71,35552,W
721,-0.73,1.18,-1.24,23.25,34.44,-0.19,-4.45,-9.2,1.67,-0.68,0,0.21,0.71,35567,W
722,-0.73,1.18,-1.24,23.25,34.44,-0.19,-4.45,-9.2,1.67,-0.7,-0.01,0.16,0.7,35583,W
723,-0.73,1.18,-1.24,23.25,34.44,-0.19,-5.3,-9.36,1.37,-0.7,-0.01,0.16,0.7,35597,W
724,-0.53,0.73,-0.75,23.25,34.44,-0.19,-5.3,-9.36,1.37,-0.7,-0.01,0.16,0.7,35612,W
725,-0.53,0.73,-0.75,23.25,34.44,-0.19,-5.3,-9.36,1.37,-0.71,-0.01,0.13,0.69,35636,W
726,-0.53,0.73,-0.75,23.25,34.44,-0.19,-5.07,-8.89,1.94,-0.71,-0.01,0.13,0.69,35697,W
727,-0.53,0.73,-0.75,23.25,34.44,-0.19,-4.26,-8.59,1.64,-0.71,-0.01,0.13,0.69,35723,W
728,-0.14,0.62,0.25,23.25,34.44,-0.19,-4.26,-8.59,1.64,-0.71,-0.01,0.13,0.69,35747,W
729,-0.14,0.62,0.25,23.25,34.44,-0.19,-4.76,-7.63,1.98,-0.71,-0.01,0.13,0.69,35768,W
730,0.05,0.03,0.38,23.25,34.44,-0.19,-4.76,-7.63,1.98,-0.71,-0.01,0.13,0.69,35788,W
731,0.05,0.03,0.38,23.25,34.44,-0.19,-3.61,-7.09,2.21,-0.71,-0.01,0.13,0.69,35808,W
732,0.05,0.03,0.38,23.25,34.44,-0.19,-3.54,-7.48,2.09,-0.71,-0.01,0.13,0.69,35827,W
733,0.05,0.03,0.38,19,40.94,10.13,-3.54,-7.48,2.09,-0.71,-0.01,0.13,0.69,35850,W
734,0.05,0.03,0.38,19,40.94,10.13,-3.61,-7.82,2.21,-0.71,-0.01,0.13,0.69,35872,W
735,0.27,0.02,0.35,19,40.94,10.13,-3.61,-7.82,2.21,-0.71,-0.01,0.13,0.69,35888,W
736,0.27,0.02,0.35,19,40.94,10.13,-5.45,-8.74,2.59,-0.71,-0.01,0.13,0.69,35903,W
737,0.4,-0.13,0.39,19,40.94,10.13,-5.45,-8.74,2.59,-0.71,-0.01,0.13,0.69,35917,W
738,0.4,-0.13,0.39,19,40.94,10.13,-5.45,-8.74,2.59,-0.72,0.04,0.1,0.69,35933,W
739,0.4,-0.13,0.39,19,40.94,10.13,-5.72,-9.39,2.52,-0.72,0.04,0.1,0.69,35947,W
740,0.54,-0.54,1.1,19,40.94,10.13,-5.72,-9.39,2.52,-0.72,0.04,0.1,0.69,35960,W
741,0.54,-0.54,1.1,19,40.94,10.13,-5.72,-9.39,2.52,-0.71,0.05,0.12,0.69,35976,W
742,0.54,-0.54,1.1,19,40.94,10.13,-6.71,-9.97,2.09,-0.71,0.05,0.12,0.69,35989,W
743,0.54,-0.54,1.1,19,40.94,10.13,-7.25,-10.7,2.05,-0.71,0.05,0.12,0.69,36011,W
744,0.74,-1.24,1.84,19,40.94,10.13,-7.25,-10.7,2.05,-0.71,0.05,0.12,0.69,36032,W
745,0.74,-1.24,1.84,19,40.94,10.13,-7.33,-11.88,2.17,-0.71,0.05,0.12,0.69,36087,W
746,0.88,-0.31,2.3,19,40.94,10.13,-7.33,-11.88,2.17,-0.71,0.05,0.12,0.69,36105,W
747,0.88,-0.31,2.3,19,40.94,10.13,-8.71,-13.45,0.26,-0.71,0.05,0.12,0.69,36127,W
748,1.07,-0.77,3.15,19,40.94,10.13,-8.71,-13.45,0.26,-0.71,0.05,0.12,0.69,36142,W
749,1.07,-0.77,3.15,19,40.94,10.13,-7.1,-11.27,0.83,-0.71,0.05,0.12,0.69,36157,W
750,0.91,-0.96,3.35,19,40.94,10.13,-7.1,-11.27,0.83,-0.71,0.05,0.12,0.69,36173,W
751,0.91,-0.96,3.35,19,40.94,10.13,-7.1,-11.27,0.83,-0.61,0.17,0.33,0.7,36191,W
752,0.91,-0.96,3.35,19,40.94,10.13,-7.29,-12,0.29,-0.61,0.17,0.33,0.7,36205,W
753,0.93,-0.97,3.13,19,40.94,10.13,-7.29,-12,0.29,-0.61,0.17,0.33,0.7,36224,W
754,0.93,-0.97,3.13,19,40.94,10.13,-7.29,-12,0.29,-0.57,0.21,0.4,0.69,36247,W
755,0.93,-0.97,3.13,19,40.94,10.13,-5.37,-8.97,0.71,-0.57,0.21,0.4,0.69,36264,W
756,0.77,-1.06,2.9,19,40.94,10.13,-5.37,-8.97,0.71,-0.57,0.21,0.4,0.69,36284,W
757,0.77,-1.06,2.9,55.06,6.81,-5.5,-5.37,-8.97,0.71,-0.57,0.21,0.4,0.69,36298,W
758,0.63,-1.19,2.31,55.06,6.81,-5.5,-5.37,-8.97,0.71,-0.57,0.21,0.4,0.69,36391,W
759,0.63,-1.19,2.31,55.06,6.81,-5.5,-5.37,-8.97,0.71,-0.48,0.26,0.52,0.66,36410,W
760,0.19,-0.44,0.75,55.06,6.81,-5.5,-5.37,-8.97,0.71,-0.48,0.26,0.52,0.66,36424,W
761,0.19,-0.44,0.75,55.06,6.81,-5.5,-5.37,-8.97,0.71,-0.42,0.29,0.58,0.64,36468,W
762,0.19,-0.44,0.75,55.06,6.81,-5.5,-3.07,-3.46,1.1,-0.42,0.29,0.58,0.64,36489,W
763,0.19,-0.44,0.75,55.06,6.81,-5.5,-3.34,-3.76,1.18,-0.42,0.29,0.58,0.64,36515,W
764,0.19,-0.44,0.75,55.06,6.81,-5.5,-3.34,-3.95,1.33,-0.42,0.29,0.58,0.64,36561,W
765,0.19,-0.44,0.75,55.06,6.81,-5.5,-3.77,-4.18,1.67,-0.42,0.29,0.58,0.64,36579,W
766,0.19,-0.44,0.75,47.94,-6.19,-9.44,-3.77,-4.18,1.67,-0.42,0.29,0.58,0.64,36598,W
767,0.19,-0.44,0.75,47.94,-6.19,-9.44,-4.68,-6.25,2.02,-0.42,0.29,0.58,0.64,36612,W
768,-0.92,0.55,-2.47,47.94,-6.19,-9.44,-4.68,-6.25,2.02,-0.42,0.29,0.58,0.64,36628,W
769,-0.92,0.55,-2.47,47.94,-6.19,-9.44,-5.11,-7.59,2.02,-0.42,0.29,0.58,0.64,36656,W
770,-0.99,0.8,-2.81,47.94,-6.19,-9.44,-5.11,-7.59,2.02,-0.42,0.29,0.58,0.64,36682,W
771,-0.99,0.8,-2.81,47.94,-6.19,-9.44,-5.11,-7.59,2.02,-0.52,0.19,0.47,0.69,36706,W
772,-0.99,0.8,-2.81,47.94,-6.19,-9.44,-6.25,-11.08,1.94,-0.52,0.19,0.47,0.69,36725,W
773,-1.06,1.08,-3.19,47.94,-6.19,-9.44,-6.25,-11.08,1.94,-0.52,0.19,0.47,0.69,36747,W
774,-1.06,1.08,-3.19,47.94,-6.19,-9.44,-6.6,-12.88,1.9,-0.52,0.19,0.47,0.69,36768,W
775,-1.18,1.3,-3.33,47.94,-6.19,-9.44,-6.6,-12.88,1.9,-0.52,0.19,0.47,0.69,36788,W
776,-1.18,1.3,-3.33,47.94,-6.19,-9.44,-5.72,-12.19,2.13,-0.52,0.19,0.47,0.69,36806,W
777,-0.94,1.45,-2.94,47.94,-6.19,-9.44,-5.72,-12.19,2.13,-0.52,0.19,0.47,0.69,36820,W
778,-0.94,1.45,-2.94,47.94,-6.19,-9.44,-5.72,-12.19,2.13,-0.64,0.08,0.26,0.72,36836,W
779,-0.94,1.45,-2.94,47.94,-6.19,-9.44,-6.6,-11.31,2.13,-0.64,0.08,0.26,0.72,36865,W
780,-0.94,1.45,-2.94,47.94,-6.19,-9.44,-6.14,-11,2.21,-0.64,0.08,0.26,0.72,36879,W
781,-0.91,1.37,-2.46,47.94,-6.19,-9.44,-6.14,-11,2.21,-0.64,0.08,0.26,0.72,36895,W
782,-0.91,1.37,-2.46,47.94,-6.19,-9.44,-7.36,-12.27,1.48,-0.64,0.08,0.26,0.72,36912,W
783,-0.86,1.28,-1.71,47.94,-6.19,-9.44,-7.36,-12.27,1.48,-0.64,0.08,0.26,0.72,36930,W
784,-0.86,1.28,-1.71,47.94,-6.19,-9.44,-5.45,-9.97,1.98,-0.64,0.08,0.26,0.72,36947,W
785,-0.86,1.28,-1.71,47.94,-6.19,-9.44,-7.71,-9.2,1.79,-0.64,0.08,0.26,0.72,36964,W
786,-0.7,0.59,-0.81,47.94,-6.19,-9.44,-7.71,-9.2,1.79,-0.64,0.08,0.26,0.72,36988,W
787,-0.7,0.59,-0.81,47.94,-6.19,-9.44,-5.41,-7.05,1.6,-0.64,0.08,0.26,0.72,37003,W
788,-0.46,0.78,0.14,47.94,-6.19,-9.44,-5.41,-7.05,1.6,-0.64,0.08,0.26,0.72,37017,W
789,-0.46,0.78,0.14,47.94,-6.19,-9.44,-5.41,-7.05,1.6,-0.72,0.03,0.08,0.69,37151,W
790,-0.46,0.78,0.14,47.94,-6.19,-9.44,-7.75,-6.94,1.56,-0.72,0.03,0.08,0.69,37177,W
791,0.03,0.03,0.5,47.94,-6.19,-9.44,-7.75,-6.94,1.56,-0.72,0.03,0.08,0.69,37192,W
792,0.03,0.03,0.5,47.94,-6.19,-9.44,-3.8,-7.59,2.25,-0.72,0.03,0.08,0.69,37208,W
793,0.21,0.02,0.63,47.94,-6.19,-9.44,-3.8,-7.59,2.25,-0.72,0.03,0.08,0.69,37226,W
794,0.21,0.02,0.63,47.94,-6.19,-9.44,-3.8,-7.59,2.25,-0.71,0.07,0.11,0.69,37240,W
795,0.21,0.02,0.63,47.94,-6.19,-9.44,-5.07,-7.82,2.25,-0.71,0.07,0.11,0.69,37255,W
796,0.21,-0.37,0.6,47.94,-6.19,-9.44,-5.07,-7.82,2.25,-0.71,0.07,0.11,0.69,37410,W
797,0.21,-0.37,0.6,47.94,-6.19,-9.44,-5.07,-7.82,2.25,-0.71,0.08,0.12,0.69,37432,W
798,0.76,-0.79,2.27,47.94,-6.19,-9.44,-5.07,-7.82,2.25,-0.71,0.08,0.12,0.69,37450,W
799,0.76,-0.79,2.27,47.94,-6.19,-9.44,-8.4,-12.8,1.52,-0.71,0.08,0.12,0.69,37469,W
800,0.98,-0.77,2.96,47.94,-6.19,-9.44,-8.4,-12.8,1.52,-0.71,0.08,0.12,0.69,37486,W
801,0.98,-0.77,2.96,47.94,-6.19,-9.44,-7.59,-9.89,1.29,-0.71,0.08,0.12,0.69,37511,W
802,0.88,-1.32,3.21,47.94,-6.19,-9.44,-7.59,-9.89,1.29,-0.71,0.08,0.12,0.69,37526,W
803,0.88,-1.32,3.21,47.94,-6.19,-9.44,-7.59,-9.89,1.29,-0.6,0.19,0.35,0.7,37542,W
804,0.88,-1.32,3.21,47.94,-6.19,-9.44,-7.82,-10.96,0.64,-0.6,0.19,0.35,0.7,37558,W
805,0.83,-1.52,2.73,47.94,-6.19,-9.44,-7.82,-10.96,0.64,-0.6,0.19,0.35,0.7,37616,W
806,0.83,-1.52,2.73,47.94,-6.19,-9.44,-7.82,-10.96,0.64,-0.55,0.21,0.42,0.69,37647,W
807,0.83,-1.52,2.73,47.94,-6.19,-9.44,-5.6,-8.4,0.64,-0.55,0.21,0.42,0.69,37681,W
808,0.83,-1.52,2.73,47.94,-6.19,-9.44,-5.22,-7.17,0.64,-0.55,0.21,0.42,0.69,37703,W
809,0.83,-1.52,2.73,47.94,-6.19,-9.44,-4.3,-6.21,0.71,-0.55,0.21,0.42,0.69,37726,W
810,0.45,-0.75,1.43,47.94,-6.19,-9.44,-4.3,-6.21,0.71,-0.55,0.21,0.42,0.69,37750,W
811,0.45,-0.75,1.43,47.94,-6.19,-9.44,-3.19,-4.57,0.91,-0.55,0.21,0.42,0.69,37773,W
812,0.18,-0.48,0.71,47.94,-6.19,-9.44,-3.19,-4.57,0.91,-0.55,0.21,0.42,0.69,37797,W
813,0.18,-0.48,0.71,47.94,-6.19,-9.44,-2.84,-3.76,1.1,-0.55,0.21,0.42,0.69,37814,W
814,0.18,-0.48,0.71,47.94,-6.19,-9.44,-2.92,-3.91,1.21,-0.55,0.21,0.42,0.69,37838,W
815,0.18,-0.48,0.71,26.37,-17,-7.75,-2.92,-3.91,1.21,-0.55,0.21,0.42,0.69,37855,W
816,0.18,-0.48,0.71,26.37,-17,-7.75,-3.04,-4.14,1.41,-0.55,0.21,0.42,0.69,37872,W
817,-0.41,0.12,-0.76,26.37,-17,-7.75,-3.04,-4.14,1.41,-0.55,0.21,0.42,0.69,37891,W
818,-0.41,0.12,-0.76,26.37,-17,-7.75,-3,-4.22,1.71,-0.55,0.21,0.42,0.69,37911,W
819,-0.41,0.12,-0.76,26.37,-17,-7.75,-2.84,-4.49,2.13,-0.55,0.21,0.42,0.69,37939,W
820,-0.62,0.51,-1.38,26.37,-17,-7.75,-2.84,-4.49,2.13,-0.55,0.21,0.42,0.69,37963,W
821,-0.62,0.51,-1.38,26.37,-17,-7.75,-3.61,-5.45,2.17,-0.55,0.21,0.42,0.69,37982,T
822,-0.62,0.51,-1.38,27.75,-16.62,-6.69,-3.61,-5.45,2.17,-0.55,0.21,0.42,0.69,38004,T
823,-0.62,0.51,-1.38,27.75,-16.62,-6.69,-4.68,-7.59,2.25,-0.55,0.21,0.42,0.69,38024,T
824,-0.82,0.77,-2.27,27.75,-16.62,-6.69,-4.68,-7.59,2.25,-0.55,0.21,0.42,0.69,38051,T
825,-0.82,0.77,-2.27,27.75,-16.62,-6.69,-5.68,-8.63,1.9,-0.55,0.21,0.42,0.69,38068,T
826,-0.98,1.12,-2.66,27.75,-16.62,-6.69,-5.68,-8.63,1.9,-0.55,0.21,0.42,0.69,38090,T
827,-0.98,1.12,-2.66,27.75,-16.62,-6.69,-6.95,-10.66,2.02,-0.55,0.21,0.42,0.69,38114,T
828,-0.98,1.12,-2.66,27.75,-16.62,-6.69,-6.87,-13.03,2.17,-0.55,0.21,0.42,0.69,38132,T
829,-0.98,1.12,-2.66,34.94,-6.81,-4.37,-6.87,-13.03,2.17,-0.55,0.21,0.42,0.69,38154,T
830,-0.98,1.12,-2.66,34.94,-6.81,-4.37,-7.79,-11.16,2.25,-0.55,0.21,0.42,0.69,38177,T
831,-0.87,1.5,-2.72,34.94,-6.81,-4.37,-7.79,-11.16,2.25,-0.55,0.21,0.42,0.69,38194,T
832,-0.87,1.5,-2.72,34.94,-6.81,-4.37,-8.32,-10.16,2.4,-0.55,0.21,0.42,0.69,38208,T
833,-0.74,0.8,-2.31,34.94,-6.81,-4.37,-8.32,-10.16,2.4,-0.55,0.21,0.42,0.69,38224,T
834,-0.74,0.8,-2.31,34.94,-6.81,-4.37,-8.32,-10.16,2.4,-0.64,0.1,0.26,0.72,38238,T
835,-0.74,0.8,-2.31,34.94,-6.81,-4.37,-8.05,-10.66,2.75,-0.64,0.1,0.26,0.72,38252,T
836,-0.74,0.8,-2.31,34.94,-6.81,-4.37,-8.05,-10.01,2.55,-0.64,0.1,0.26,0.72,38267,T
837,-0.29,1.32,-1.84,34.94,-6.81,-4.37,-8.05,-10.01,2.55,-0.64,0.1,0.26,0.72,38331,T
838,-0.29,1.32,-1.84,34.94,-6.81,-4.37,-9.89,-8.7,3.09,-0.64,0.1,0.26,0.72,38356,T
839,-0.29,1.32,-1.84,34.94,-6.81,-4.37,-8.29,-6.1,2.52,-0.64,0.1,0.26,0.72,38377,T
840,0.26,0.54,-0.22,34.94,-6.81,-4.37,-8.29,-6.1,2.52,-0.64,0.1,0.26,0.72,38401,T
841,0.26,0.54,-0.22,34.94,-6.81,-4.37,-7.33,-5.48,2.75,-0.64,0.1,0.26,0.72,38419,T
842,0.22,0.76,0.08,34.94,-6.81,-4.37,-7.33,-5.48,2.75,-0.64,0.1,0.26,0.72,38439,T
843,0.22,0.76,0.08,34.94,-6.81,-4.37,-5.83,-6.52,2.21,-0.64,0.1,0.26,0.72,38457,T
844,0.15,0.28,0.24,34.94,-6.81,-4.37,-5.83,-6.52,2.21,-0.64,0.1,0.26,0.72,38477,T
845,0.15,0.28,0.24,34.94,-6.81,-4.37,-5.83,-6.52,2.21,-0.67,0.11,0.1,0.73,38497,T
846,0.15,0.28,0.24,34.94,-6.81,-4.37,-5.45,-6.86,2.09,-0.67,0.11,0.1,0.73,38516,T
847,0.15,0.28,0.24,34.94,-6.81,-4.37,-4.61,-7.29,2.32,-0.67,0.11,0.1,0.73,38534,T
848,0.15,0.28,0.24,34.94,-6.81,-4.37,-4.64,-7.02,2.21,-0.67,0.11,0.1,0.73,38549,T
849,-0.04,-0.04,0.53,34.94,-6.81,-4.37,-4.64,-7.02,2.21,-0.67,0.11,0.1,0.73,38580,T
850,-0.04,-0.04,0.53,34.94,-6.81,-4.37,-4.64,-7.02,2.21,-0.67,0.13,0.12,0.73,38602,T
851,-0.04,-0.04,0.53,34.94,-6.81,-4.37,-5.68,-7.48,2.48,-0.67,0.13,0.12,0.73,38616,T
852,0.06,-0.33,0.92,34.94,-6.81,-4.37,-5.68,-7.48,2.48,-0.67,0.13,0.12,0.73,38635,T
853,0.06,-0.33,0.92,34.94,-6.81,-4.37,-6.33,-8.43,2.59,-0.67,0.13,0.12,0.73,38650,T
854,0.35,-0.5,1.38,34.94,-6.81,-4.37,-6.33,-8.43,2.59,-0.67,0.13,0.12,0.73,38666,T
855,0.35,-0.5,1.38,34.94,-6.81,-4.37,-6.33,-8.43,2.59,-0.65,0.14,0.16,0.73,38685,T
856,0.35,-0.5,1.38,33.56,-1.37,2.56,-6.33,-8.43,2.59,-0.65,0.14,0.16,0.73,38700,T
857,0.35,-0.5,1.38,33.56,-1.37,2.56,-7.17,-9.93,2.59,-0.65,0.14,0.16,0.73,38719,T
858,0.6,-0.25,2.2,33.56,-1.37,2.56,-7.17,-9.93,2.59,-0.65,0.14,0.16,0.73,38734,T
859,0.6,-0.25,2.2,29.37,-3.75,2.31,-7.17,-9.93,2.59,-0.65,0.14,0.16,0.73,38755,T
860,0.74,-0.77,2.73,29.37,-3.75,2.31,-7.17,-9.93,2.59,-0.65,0.14,0.16,0.73,38772,T
861,0.74,-0.77,2.73,29.37,-3.75,2.31,-7.17,-9.93,2.59,-0.61,0.21,0.24,0.73,38794,T
862,0.74,-0.77,2.73,29.37,-3.75,2.31,-8.48,-11.27,2.63,-0.61,0.21,0.24,0.73,38817,T
863,0.79,-0.72,2.89,29.37,-3.75,2.31,-8.48,-11.27,2.63,-0.61,0.21,0.24,0.73,38870,T
864,0.79,-0.72,2.89,29.37,-3.75,2.31,-8.29,-11.23,2.36,-0.61,0.21,0.24,0.73,38890,T
865,0.79,-0.72,2.89,29.37,-3.75,2.31,-7.82,-9.36,1.79,-0.61,0.21,0.24,0.73,38910,T
866,0.85,-0.99,3.14,29.37,-3.75,2.31,-7.82,-9.36,1.79,-0.61,0.21,0.24,0.73,38931,T
867,0.85,-0.99,3.14,29.37,-3.75,2.31,-7.82,-9.36,1.79,-0.49,0.31,0.43,0.7,38955,T
868,0.85,-0.99,3.14,29.37,-3.75,2.31,-7.14,-6.67,1.56,-0.49,0.31,0.43,0.7,38972,T
869,0.92,-0.63,2.62,29.37,-3.75,2.31,-7.14,-6.67,1.56,-0.49,0.31,0.43,0.7,38996,T
870,0.92,-0.63,2.62,29.37,-3.75,2.31,-5.41,-4.57,1.56,-0.49,0.31,0.43,0.7,39018,T
871,0.83,-0.28,2.12,29.37,-3.75,2.31,-5.41,-4.57,1.56,-0.49,0.31,0.43,0.7,39041,T
872,0.83,-0.28,2.12,29.37,-3.75,2.31,-5.45,-3.53,1.75,-0.49,0.31,0.43,0.7,39059,T
873,0.83,-0.28,2.12,29.37,-3.75,2.31,-4.95,-2.5,2.05,-0.49,0.31,0.43,0.7,39078,T
874,0.73,-0.42,1.21,29.37,-3.75,2.31,-4.95,-2.5,2.05,-0.49,0.31,0.43,0.7,39100,T
875,0.73,-0.42,1.21,29.37,-3.75,2.31,-4.99,-1.73,2.21,-0.49,0.31,0.43,0.7,39120,T
876,0.49,-0.24,0.31,29.37,-3.75,2.31,-4.99,-1.73,2.21,-0.49,0.31,0.43,0.7,39140,T
877,0.49,-0.24,0.31,29.37,-3.75,2.31,-6.1,-1.5,2.86,-0.49,0.31,0.43,0.7,39154,T
878,0.37,-0.11,-0.58,29.37,-3.75,2.31,-6.1,-1.5,2.86,-0.49,0.31,0.43,0.7,39169,T
879,0.37,-0.11,-0.58,29.37,-3.75,2.31,-6.1,-1.5,2.86,-0.33,0.4,0.54,0.66,39185,T
880,0.37,-0.11,-0.58,29.37,-3.75,2.31,-6.71,-1.66,3.24,-0.33,0.4,0.54,0.66,39209,T
881,0.37,-0.11,-0.58,29.37,-3.75,2.31,-7.02,-2,3.36,-0.33,0.4,0.54,0.66,39224,T
882,0.43,0.23,-1.1,29.37,-3.75,2.31,-7.02,-2,3.36,-0.33,0.4,0.54,0.66,39241,T
883,0.43,0.23,-1.1,29.37,-3.75,2.31,-7.63,-2.04,3.28,-0.33,0.4,0.54,0.66,39256,T
884,0.54,0.35,-1.37,29.37,-3.75,2.31,-7.63,-2.04,3.28,-0.33,0.4,0.54,0.66,39271,T
885,0.54,0.35,-1.37,29.37,-3.75,2.31,-7.63,-2.04,3.28,-0.35,0.4,0.5,0.69,39290,T
886,0.54,0.35,-1.37,29.37,-3.75,2.31,-8.48,-2.3,3.32,-0.35,0.4,0.5,0.69,39347,T
887,0.87,0.56,-1.37,29.37,-3.75,2.31,-8.48,-2.3,3.32,-0.35,0.4,0.5,0.69,39381,T
888,1.24,0.53,-1.28,29.37,-3.75,2.31,-8.48,-2.3,3.32,-0.35,0.4,0.5,0.69,39423,T
889,1.24,0.53,-1.28,29.37,-3.75,2.31,-11.58,-3.49,3.51,-0.35,0.4,0.5,0.69,39441,T
890,1.24,0.53,-1.28,29.37,-3.75,2.31,-10.32,-3.65,3.55,-0.35,0.4,0.5,0.69,39454,T
891,1.38,0.96,-1.34,29.37,-3.75,2.31,-10.32,-3.65,3.55,-0.35,0.4,0.5,0.69,39473,T
892,1.38,0.96,-1.34,29.37,-3.75,2.31,-10.32,-3.65,3.55,-0.35,0.44,0.32,0.76,39494,T
893,1.38,0.96,-1.34,29.37,-3.75,2.31,-9.01,-1.31,3.78,-0.35,0.44,0.32,0.76,39515,T
894,1.27,0.28,-1.09,29.37,-3.75,2.31,-9.01,-1.31,3.78,-0.35,0.44,0.32,0.76,39531,T
895,1.27,0.28,-1.09,29.37,-3.75,2.31,-9.01,-1.31,3.78,-0.34,0.45,0.28,0.78,39546,T
896,1.27,0.28,-1.09,29.37,-3.75,2.31,-8.02,-1.08,3.36,-0.34,0.45,0.28,0.78,39562,T
897,1.22,0.4,-1.01,29.37,-3.75,2.31,-8.02,-1.08,3.36,-0.34,0.45,0.28,0.78,39592,T
898,1.22,0.4,-1.01,29.37,-3.75,2.31,-8.02,-1.08,3.36,-0.33,0.45,0.24,0.79,39653,T
899,1.22,0.4,-1.01,29.37,-3.75,2.31,-8.59,-0.96,3.17,-0.33,0.45,0.24,0.79,39684,T
900,1.22,0.4,-1.01,29.37,-3.75,2.31,-7.86,-1.27,3.4,-0.33,0.45,0.24,0.79,39701,T
901,1.22,0.4,-1.01,29.37,-3.75,2.31,-7.63,-1.66,3.97,-0.33,0.45,0.24,0.79,39716,T
902,0.83,1.02,-0.6,29.37,-3.75,2.31,-7.63,-1.66,3.97,-0.33,0.45,0.24,0.79,39737,T
903,0.83,1.02,-0.6,29.37,-3.75,2.31,-7.63,-1.66,3.97,-0.3,0.48,0.14,0.81,39754,T
904,0.83,1.02,-0.6,29.37,-3.75,2.31,-8.74,-2.11,3.51,-0.3,0.48,0.14,0.81,39772,T
905,0.62,0.51,-0.47,29.37,-3.75,2.31,-8.74,-2.11,3.51,-0.3,0.48,0.14,0.81,39792,T
906,0.62,0.51,-0.47,29.37,-3.75,2.31,-8.74,-2.5,4.05,-0.3,0.48,0.14,0.81,39808,T
907,0.62,0.51,-0.47,29.37,-3.75,2.31,-8.9,-2.96,3.78,-0.3,0.48,0.14,0.81,39832,T
908,0.51,0.7,-0.36,29.37,-3.75,2.31,-8.9,-2.96,3.78,-0.3,0.48,0.14,0.81,39853,T
909,0.51,0.7,-0.36,29.37,-3.75,2.31,-8.32,-2.69,2.94,-0.3,0.48,0.14,0.81,39877,T
910,0.52,0.33,-0.31,29.37,-3.75,2.31,-8.32,-2.69,2.94,-0.3,0.48,0.14,0.81,39901,T
911,0.52,0.33,-0.31,29.37,-3.75,2.31,-7.9,-2.57,2.9,-0.3,0.48,0.14,0.81,39925,T
912,0.52,0.33,-0.31,29.37,-3.75,2.31,-7.9,-2.5,3.05,-0.3,0.48,0.14,0.81,39945,T
913,0.52,0.33,-0.31,29.37,-3.75,2.31,-7.94,-2.96,3.36,-0.3,0.48,0.14,0.81,39960,T
914,0.32,0.49,-0.49,29.37,-3.75,2.31,-7.94,-2.96,3.36,-0.3,0.48,0.14,0.81,39976,T
915,0.32,0.49,-0.49,29.37,-3.75,2.31,-7.94,-2.96,3.36,-0.28,0.53,0.04,0.8,39989,T
916,0.32,0.49,-0.49,29.37,-3.75,2.31,-7.86,-2.88,2.94,-0.28,0.53,0.04,0.8,40004,T
917,0.32,0.49,-0.49,29.37,-3.75,2.31,-7.4,-2.65,2.86,-0.28,0.53,0.04,0.8,40019,T
918,0.25,0.18,-0.61,29.37,-3.75,2.31,-7.4,-2.65,2.86,-0.28,0.53,0.04,0.8,40034,T
919,0.25,0.18,-0.61,14.69,-1.06,10.75,-7.4,-2.65,2.86,-0.28,0.53,0.04,0.8,40052,T
920,0.25,0.18,-0.61,14.69,-1.06,10.75,-6.98,-2.57,2.86,-0.28,0.53,0.04,0.8,40071,T
921,0.17,0.24,-0.81,14.69,-1.06,10.75,-6.98,-2.57,2.86,-0.28,0.53,0.04,0.8,40132,T
922,0.17,0.24,-0.81,14.69,-1.06,10.75,-6.48,-2.57,2.32,-0.28,0.53,0.04,0.8,40154,T
923,0.17,0.24,-0.81,14.69,-1.06,10.75,-6.33,-3.07,2.32,-0.28,0.53,0.04,0.8,40176,T
924,0.17,0.24,-0.81,14.69,-1.06,10.75,-6.37,-3.15,2.09,-0.28,0.53,0.04,0.8,40199,T
925,0.17,0.24,-0.81,14.69,-1.06,10.75,-6.29,-3.91,2.02,-0.28,0.53,0.04,0.8,40219,T
926,-0.11,0.21,-0.95,14.69,-1.06,10.75,-6.29,-3.91,2.02,-0.28,0.53,0.04,0.8,40242,T
927,-0.11,0.21,-0.95,11.44,-2.81,13,-6.29,-3.91,2.02,-0.28,0.53,0.04,0.8,40261,T
928,-0.11,0.21,-0.95,11.44,-2.81,13,-6.83,-4.8,2.05,-0.28,0.53,0.04,0.8,40285,T
929,-0.12,0.06,-0.89,11.44,-2.81,13,-6.83,-4.8,2.05,-0.28,0.53,0.04,0.8,40305,T
930,-0.12,0.06,-0.89,11.44,-2.81,13,-6.25,-5.22,2.02,-0.28,0.53,0.04,0.8,40327,T
931,-0.14,0.1,-0.73,11.44,-2.81,13,-6.25,-5.22,2.02,-0.28,0.53,0.04,0.8,40352,T
932,-0.14,0.1,-0.73,11.44,-2.81,13,-6.33,-6.06,1.67,-0.28,0.53,0.04,0.8,40376,T
933,0.04,0.1,-0.52,11.44,-2.81,13,-6.33,-6.06,1.67,-0.28,0.53,0.04,0.8,40398,T
934,0.04,0.1,-0.52,11.44,-2.81,13,-6.56,-6.33,1.67,-0.28,0.53,0.04,0.8,40415,T
935,0,0.09,-0.56,11.44,-2.81,13,-6.56,-6.33,1.67,-0.28,0.53,0.04,0.8,40433,T
936,0,0.09,-0.56,11.44,-2.81,13,-6.56,-6.33,1.67,-0.36,0.5,-0.11,0.77,40452,T
937,0,0.09,-0.56,11.44,-2.81,13,-7.44,-7.25,1.83,-0.36,0.5,-0.11,0.77,40476,T
938,-0.17,0.12,-0.65,11.44,-2.81,13,-7.44,-7.25,1.83,-0.36,0.5,-0.11,0.77,40499,T
939,-0.17,0.12,-0.65,11.44,-2.81,13,-7.67,-7.94,2.02,-0.36,0.5,-0.11,0.77,40528,T
940,-0.17,0.12,-0.65,11.44,-2.81,13,-8.02,-8.4,2.05,-0.36,0.5,-0.11,0.77,40547,T
941,-0.17,0.12,-0.65,11.44,-2.81,13,-7.48,-8.74,2.02,-0.36,0.5,-0.11,0.77,40567,T
942,-0.35,-0.14,-0.49,11.44,-2.81,13,-7.48,-8.74,2.02,-0.36,0.5,-0.11,0.77,40588,T
943,-0.35,-0.14,-0.49,11.44,-2.81,13,-7.48,-8.74,2.02,-0.4,0.49,-0.14,0.76,40608,T
944,-0.35,-0.14,-0.49,11.44,-2.81,13,-7.59,-8.86,2.02,-0.4,0.49,-0.14,0.76,40625,T
945,-0.3,-0.37,-0.38,11.44,-2.81,13,-7.59,-8.86,2.02,-0.4,0.49,-0.14,0.76,40646,T
946,-0.3,-0.37,-0.38,11.44,-2.81,13,-7.02,-8.86,2.02,-0.4,0.49,-0.14,0.76,40663,T
947,-0.25,-0.17,-0.27,11.44,-2.81,13,-7.02,-8.86,2.02,-0.4,0.49,-0.14,0.76,40679,T
948,-0.25,-0.17,-0.27,11.44,-2.81,13,-7.02,-8.86,2.02,-0.42,0.47,-0.14,0.76,40706,T
949,-0.25,-0.17,-0.27,11.44,-2.81,13,-6.21,-8.78,1.86,-0.42,0.47,-0.14,0.76,40725,T
950,-0.15,-0.1,-0.22,11.44,-2.81,13,-6.21,-8.78,1.86,-0.42,0.47,-0.14,0.76,40744,T
951,-0.15,-0.1,-0.22,11.44,-2.81,13,-6.37,-8.66,1.86,-0.42,0.47,-0.14,0.76,40764,T
952,-0.07,-0.06,-0.1,11.44,-2.81,13,-6.37,-8.66,1.86,-0.42,0.47,-0.14,0.76,40787,T
953,-0.07,-0.06,-0.1,11.44,-2.81,13,-6.37,-8.66,1.86,-0.43,0.46,-0.14,0.76,40813,T
954,-0.07,-0.06,-0.1,11.44,-2.81,13,-6.02,-8.55,1.67,-0.43,0.46,-0.14,0.76,40827,T
955,-0.02,-0.31,-0.08,11.44,-2.81,13,-6.02,-8.55,1.67,-0.43,0.46,-0.14,0.76,40845,T
956,-0.02,-0.31,-0.08,11.44,-2.81,13,-5.72,-8.47,1.98,-0.43,0.46,-0.14,0.76,40871,T
957,-0.02,-0.31,-0.08,11.44,-2.81,13,-5.72,-8.47,2.02,-0.43,0.46,-0.14,0.76,40894,T
958,-0.06,0.05,-0.04,11.44,-2.81,13,-5.72,-8.47,2.02,-0.43,0.46,-0.14,0.76,40919,T
959,-0.06,0.05,-0.04,11.44,-2.81,13,-5.68,-8.13,1.94,-0.43,0.46,-0.14,0.76,40934,T
960,-0.12,-0.23,-0.06,11.44,-2.81,13,-5.68,-8.13,1.94,-0.43,0.46,-0.14,0.76,40954,T
961,-0.12,-0.23,-0.06,11.44,-2.81,13,-5.79,-8.02,2.25,-0.43,0.46,-0.14,0.76,40973,T
962,-0.09,-0.27,0.02,11.44,-2.81,13,-5.79,-8.02,2.25,-0.43,0.46,-0.14,0.76,40997,T
963,-0.09,-0.27,0.02,11.44,-2.81,13,-5.34,-7.59,2.21,-0.43,0.46,-0.14,0.76,41014,T
964,-0.06,-0.29,-0.03,11.44,-2.81,13,-5.34,-7.59,2.21,-0.43,0.46,-0.14,0.76,41032,T
965,-0.06,-0.29,-0.03,11.44,-2.81,13,-5.34,-7.59,2.21,-0.44,0.45,-0.13,0.77,41050,T
966,-0.06,-0.29,-0.03,11.44,-2.81,13,-5.41,-7.59,2.09,-0.44,0.45,-0.13,0.77,41070,T
967,-0.08,-0.12,-0.1,11.44,-2.81,13,-5.41,-7.59,2.09,-0.44,0.45,-0.13,0.77,41087,T
968,-0.08,-0.12,-0.1,11.44,-2.81,13,-5.41,-7.59,2.09,-0.45,0.44,-0.13,0.77,41106,T
969,-0.08,-0.12,-0.1,11.44,-2.81,13,-5.64,-7.63,1.98,-0.45,0.44,-0.13,0.77,41123,T
970,-0.07,-0.13,-0.09,11.44,-2.81,13,-5.64,-7.63,1.98,-0.45,0.44,-0.13,0.77,41146,T
971,-0.07,-0.13,-0.09,11.44,-2.81,13,-5.41,-7.71,1.86,-0.45,0.44,-0.13,0.77,41162,T
972,-0.08,-0.08,-0.11,11.44,-2.81,13,-5.41,-7.71,1.86,-0.45,0.44,-0.13,0.77,41184,T
973,-0.08,-0.08,-0.11,11.44,-2.81,13,-5.41,-7.71,1.86,-0.45,0.43,-0.13,0.77,41203,T
974,-0.08,-0.08,-0.11,11.44,-2.81,13,-5.22,-7.82,2.02,-0.45,0.43,-0.13,0.77,41220,T
975,-0.08,-0.08,-0.11,11.44,-2.81,13,-5.34,-7.86,1.98,-0.45,0.43,-0.13,0.77,41237,T
976,-0.06,-0.01,-0.08,11.44,-2.81,13,-5.34,-7.86,1.98,-0.45,0.43,-0.13,0.77,41252,T
977,-0.06,-0.01,-0.08,11.44,-2.81,13,-5.14,-7.75,2.05,-0.45,0.43,-0.13,0.77,41269,T
978,-0.08,0.11,-0.07,11.44,-2.81,13,-5.14,-7.75,2.05,-0.45,0.43,-0.13,0.77,41285,T
979,-0.08,0.11,-0.07,11.44,-2.81,13,-5.14,-7.75,2.05,-0.46,0.43,-0.13,0.77,41302,T
980,-0.08,0.11,-0.07,11.44,-2.81,13,-5.26,-7.9,2.13,-0.46,0.43,-0.13,0.77,41318,T
981,-0.09,-0.03,-0.04,11.44,-2.81,13,-5.26,-7.9,2.13,-0.46,0.43,-0.13,0.77,41334,T
982,-0.09,-0.03,-0.04,11.44,-2.81,13,-5.26,-7.9,2.13,-0.46,0.43,-0.13,0.76,41355,T
983,-0.09,-0.03,-0.04,11.44,-2.81,13,-5.07,-8.02,2.13,-0.46,0.43,-0.13,0.76,41403,T
984,-0.05,0.12,0.01,11.44,-2.81,13,-5.07,-8.02,2.13,-0.46,0.43,-0.13,0.76,41422,T
985,-0.05,0.12,0.01,11.44,-2.81,13,-5.07,-8.17,1.98,-0.46,0.43,-0.13,0.76,41446,T
986,-0.05,0.12,0.01,4.75,-13.06,18.06,-5.07,-8.17,1.98,-0.46,0.43,-0.13,0.76,41467,T
987,0.19,0.58,0.03,4.75,-13.06,18.06,-5.07,-8.17,1.98,-0.46,0.43,-0.13,0.76,41487,W
988,0.19,0.58,0.03,4.75,-13.06,18.06,-5.07,-8.17,1.98,-0.46,0.44,-0.14,0.76,41510,W
989,0.19,0.58,0.03,4.75,-13.06,18.06,-4.84,-8.55,2.29,-0.46,0.44,-0.14,0.76,41534,W
990,0.37,0.42,0.07,4.75,-13.06,18.06,-4.84,-8.55,2.29,-0.46,0.44,-0.14,0.76,41553,W
991,0.37,0.42,0.07,4.75,-13.06,18.06,-5.3,-8.7,2.36,-0.46,0.44,-0.14,0.76,41572,W
992,0.37,0.42,0.07,4.75,-13.06,18.06,-5.14,-8.51,2.9,-0.46,0.44,-0.14,0.76,41591,W
993,0.37,0.42,0.07,4.75,-13.06,18.06,-5.14,-8.51,2.9,-0.44,0.46,-0.15,0.76,41607,W
994,0.37,0.42,0.07,4.75,-13.06,18.06,-4.99,-7.94,3.36,-0.44,0.46,-0.15,0.76,41624,W
995,0.82,0.19,0.1,4.75,-13.06,18.06,-4.99,-7.94,3.36,-0.44,0.46,-0.15,0.76,41642,W
996,0.82,0.19,0.1,4.75,-13.06,18.06,-4.68,-7.13,3.43,-0.44,0.46,-0.15,0.76,41660,W
997,0.82,0.19,0.1,4.75,-13.06,18.06,-4.64,-6.64,3.66,-0.44,0.46,-0.15,0.76,41679,W
