,Xg,Yg,Zg,Xm,Ym,Zm,Xa,Ya,Za,Xq,Yq,Zq,Direction,SensorTime,Time,Label
0,0,0,0,-18,-86.31,34.25,-9.43,-2.04,1.35,-0.37,0.49,0.36,0.7,342588,0,T
1,0,0,0,-18,-86.31,34.25,-9.43,-2.04,1.35,-0.37,0.49,0.36,0.7,342627,39,T
2,0,0.01,-0.01,-18,-86.31,34.25,-9.43,-2.04,1.35,-0.37,0.49,0.36,0.7,342669,81,T
3,0.01,0.04,-0.04,-18,-86.31,34.25,-9.43,-2.04,1.35,-0.37,0.49,0.36,0.7,342710,122,T
4,0.01,0.03,-0.03,-18,-86.31,34.25,-9.43,-2.04,1.35,-0.37,0.49,0.36,0.7,342750,162,T
5,0.01,0.03,-0.03,-18,-86.31,34.25,-9.39,-2.08,1.31,-0.37,0.49,0.36,0.7,342791,203,T
6,0.01,0.03,-0.03,-18,-86.31,34.25,-9.39,-2.12,1.31,-0.37,0.49,0.36,0.7,342832,244,T
7,0.01,0.03,-0.03,-17,-86.38,34.25,-9.39,-2.12,1.31,-0.37,0.49,0.36,0.7,342872,284,T
8,0,-0.01,0.01,-17,-86.38,34.25,-9.39,-2.12,1.31,-0.37,0.49,0.36,0.7,342913,325,T
9,0,-0.01,0.01,-17,-86.38,34.25,-9.39,-2.08,1.31,-0.37,0.49,0.36,0.7,342956,368,T
10,0,-0.03,0.02,-17,-86.38,34.25,-9.39,-2.08,1.31,-0.37,0.49,0.36,0.7,342998,410,T
11,0,-0.03,0.02,-17,-86.38,34.25,-9.39,-2.08,1.35,-0.37,0.49,0.36,0.7,343038,450,T
12,0,-0.03,0.02,-17,-86.38,34.25,-9.43,-2.04,1.35,-0.37,0.49,0.36,0.7,343078,490,T
13,0.01,-0.03,0.02,-17,-86.38,34.25,-9.43,-2.04,1.35,-0.37,0.49,0.36,0.7,343119,531,T
14,0.01,-0.02,0.02,-17,-86.38,34.25,-9.43,-2.04,1.35,-0.37,0.49,0.36,0.7,343159,571,T
15,0.01,-0.02,0.02,-17,-86.38,34.25,-9.43,-2.04,1.35,-0.37,0.49,0.36,0.7,343202,614,T
16,0,0,0,-17,-86.38,34.25,-9.43,-2.04,1.35,-0.37,0.49,0.36,0.7,343243,655,T
17,0,0,0,-17,-86.38,34.25,-9.43,-2.04,1.38,-0.37,0.49,0.36,0.7,343284,696,T
18,0,0,0,-17,-86.38,34.25,-9.43,-2.04,1.38,-0.37,0.49,0.36,0.7,343324,736,T
19,0,0.03,-0.02,-17,-86.38,34.25,-9.43,-2.04,1.38,-0.37,0.49,0.36,0.7,343366,778,T
20,0,0.03,-0.02,-17,-86.38,34.25,-9.43,-2.04,1.38,-0.37,0.49,0.36,0.7,343407,819,T
21,0,0.03,-0.02,-17,-86.38,34.25,-9.43,-2.08,1.31,-0.37,0.49,0.36,0.7,343448,860,T
22,0,0.03,-0.02,-17,-86.38,34.25,-9.39,-2.08,1.35,-0.37,0.49,0.36,0.7,343489,901,T
23,0,0.03,-0.02,-17,-86.38,34.25,-9.39,-2.08,1.31,-0.37,0.49,0.36,0.7,343530,942,T
24,0,0.03,-0.02,-18,-86.31,34.19,-9.39,-2.08,1.31,-0.37,0.49,0.36,0.7,343571,983,T
25,0,0.03,-0.02,-18,-86.31,34.19,-9.39,-2.08,1.35,-0.37,0.49,0.36,0.7,343613,1025,T
26,0,-0.02,0.02,-18,-86.31,34.19,-9.39,-2.08,1.35,-0.37,0.49,0.36,0.7,343655,1067,T
27,0,-0.02,0.02,-18,-86.31,34.19,-9.39,-2.08,1.35,-0.37,0.49,0.36,0.7,343696,1108,T
28,0,-0.02,0.02,-18,-86.31,34.19,-9.39,-2.04,1.35,-0.37,0.49,0.36,0.7,343738,1150,T
29,0,-0.02,0.02,-18,-86.31,34.19,-9.43,-2.04,1.35,-0.37,0.49,0.36,0.7,343778,1190,T
30,0,-0.02,0.02,-18,-86.31,34.19,-9.43,-2.04,1.35,-0.65,-0.04,0.75,0.11,343819,1231,T
31,0,-0.02,0.02,-18,-86.31,34.19,-9.39,-2.04,1.35,-0.65,-0.04,0.75,0.11,343861,1273,T
32,0,0.01,-0.01,-18,-86.31,34.19,-9.39,-2.04,1.35,-0.65,-0.04,0.75,0.11,343903,1315,T
33,0,0.01,-0.01,-18,-86.31,34.19,-9.39,-2.04,1.35,-0.65,-0.04,0.75,0.11,343945,1357,T
34,0,0.01,-0.01,-18,-86.31,34.19,-9.39,-2.04,1.35,-0.65,-0.04,0.75,0.11,343987,1399,T
35,0,0.01,-0.01,-18,-86.31,34.19,-9.43,-2.04,1.35,-0.65,-0.04,0.75,0.11,344027,1439,T
36,-0.01,0,0,-18,-86.31,34.19,-9.43,-2.04,1.35,-0.65,-0.04,0.75,0.11,344068,1480,T
37,-0.01,0,0,-18,-86.31,34.19,-9.43,-2.08,1.35,-0.65,-0.04,0.75,0.11,344110,1522,T
38,0,0,0,-18,-86.31,34.19,-9.43,-2.08,1.35,-0.65,-0.04,0.75,0.11,344151,1563,T
39,0,0,0,-18,-86.31,34.19,-9.43,-2.04,1.31,-0.65,-0.04,0.75,0.11,344193,1605,T
40,0,0,0,-18,-86.31,34.19,-9.43,-2.04,1.35,-0.65,-0.04,0.75,0.11,344236,1648,T
41,0,0,0,-18,-86.31,34.19,-9.43,-2.04,1.35,-0.65,-0.04,0.75,0.11,344275,1687,T
42,0,0,0,-18,-86.31,34.19,-9.43,-2.04,1.35,-0.65,-0.04,0.75,0.11,344317,1729,T
43,0,0,0,-18,-86.31,34.19,-9.43,-2.04,1.35,-0.65,-0.04,0.75,0.11,344359,1771,T
44,0,0.01,0,-18,-86.31,34.19,-9.43,-2.04,1.35,-0.65,-0.04,0.75,0.11,344400,1812,T
45,0,0.01,0,-18,-86.31,34.19,-9.43,-2.08,1.35,-0.65,-0.04,0.75,0.11,344443,1855,T
46,0,0.01,0,-18,-86.31,34.19,-9.39,-2.08,1.31,-0.65,-0.04,0.75,0.11,344486,1898,T
47,0,0.01,0,-18,-86.31,34.19,-9.43,-2.08,1.31,-0.65,-0.04,0.75,0.11,344527,1939,T
48,0,0.02,-0.01,-18,-86.31,34.19,-9.43,-2.08,1.31,-0.65,-0.04,0.75,0.11,344568,1980,T
49,0,0.02,-0.01,-18,-86.31,34.19,-9.39,-2.12,1.31,-0.65,-0.04,0.75,0.11,344612,2024,T
50,0,0,0,-18,-86.31,34.19,-9.39,-2.12,1.31,-0.65,-0.04,0.75,0.11,344655,2067,T
51,0,0,0,-18,-86.31,34.19,-9.43,-2.08,1.31,-0.65,-0.04,0.75,0.11,344696,2108,T
52,0,0,0,-18,-86.31,34.19,-9.39,-2.08,1.31,-0.65,-0.04,0.75,0.11,344737,2149,T
53,0,0,0,-18,-86.31,34.19,-9.43,-2.08,1.31,-0.65,-0.04,0.75,0.11,344778,2190,T
54,0,0,0,-17.69,-85.25,33.81,-9.43,-2.08,1.31,-0.65,-0.04,0.75,0.11,344817,2229,T
55,0,0,0,-17.69,-85.25,33.81,-9.43,-2.08,1.31,-0.65,-0.04,0.75,0.11,344859,2271,T
56,0,0.01,0,-17.69,-85.25,33.81,-9.43,-2.08,1.31,-0.65,-0.04,0.75,0.11,344900,2312,T
57,0,0.01,0,-17.69,-85.25,33.81,-9.43,-2.08,1.31,-0.65,-0.04,0.75,0.11,344942,2354,T
58,0,0.01,0,-17.69,-85.25,33.81,-9.43,-2.08,1.31,-0.65,-0.04,0.75,0.11,344985,2397,T
59,0,0.01,0,-17.69,-85.25,33.81,-9.43,-2.12,1.31,-0.65,-0.04,0.75,0.11,345026,2438,T
60,0,0.01,-0.01,-17.69,-85.25,33.81,-9.43,-2.12,1.31,-0.65,-0.04,0.75,0.11,345067,2479,T
61,0,0.01,-0.01,-17.69,-85.25,33.81,-9.39,-2.12,1.27,-0.65,-0.04,0.75,0.11,345110,2522,T
62,0,-0.01,0.01,-17.69,-85.25,33.81,-9.39,-2.12,1.27,-0.65,-0.04,0.75,0.11,345153,2565,T
63,0,-0.01,0.01,-17.69,-85.25,33.81,-9.39,-2.12,1.31,-0.65,-0.04,0.75,0.11,345195,2607,T
64,0,-0.01,0.01,-17.69,-85.25,33.81,-9.39,-2.12,1.27,-0.65,-0.04,0.75,0.11,345238,2650,T
65,0,-0.01,0.01,-17.69,-85.25,33.81,-9.39,-2.08,1.31,-0.65,-0.04,0.75,0.11,345278,2690,T
66,0,-0.01,0.01,-17.69,-85.25,33.81,-9.39,-2.08,1.31,-0.66,-0.04,0.74,0.11,345320,2732,T
67,0,-0.01,0.01,-17.69,-85.25,33.81,-9.39,-2.08,1.31,-0.66,-0.04,0.74,0.11,345364,2776,T
68,0,0,0,-17.69,-85.25,33.81,-9.39,-2.08,1.31,-0.66,-0.04,0.74,0.11,345406,2818,T
69,0,0,0,-17.69,-85.25,33.81,-9.43,-2.08,1.31,-0.66,-0.04,0.74,0.11,345447,2859,T
70,0,0,0,-17.69,-85.25,33.81,-9.39,-2.08,1.31,-0.66,-0.04,0.74,0.11,345489,2901,T
71,0,0,0,-17.69,-85.25,33.81,-9.43,-2.08,1.31,-0.66,-0.04,0.74,0.11,345530,2942,T
72,0,0,0,-17.63,-86.75,34.19,-9.43,-2.08,1.31,-0.66,-0.04,0.74,0.11,345570,2982,T
73,0,0,0,-17.63,-86.75,34.19,-9.43,-2.08,1.31,-0.66,-0.04,0.74,0.11,345614,3026,T
74,0,0,0,-17.63,-86.75,34.19,-9.43,-2.08,1.31,-0.66,-0.04,0.74,0.11,345656,3068,T
75,0,0,0,-17.63,-86.75,34.19,-9.43,-2.08,1.31,-0.66,-0.04,0.74,0.11,345697,3109,T
76,0,0,0,-17.63,-86.75,34.19,-9.39,-2.08,1.31,-0.66,-0.04,0.74,0.11,345739,3151,T
77,0,0,0,-17.63,-86.75,34.19,-9.39,-2.08,1.31,-0.66,-0.04,0.74,0.11,345780,3192,T
78,0,0,0,-17.56,-87.5,33.81,-9.39,-2.08,1.31,-0.66,-0.04,0.74,0.11,345820,3232,T
79,0,0,0,-17.56,-87.5,33.81,-9.39,-2.08,1.31,-0.66,-0.04,0.74,0.11,345864,3276,T
80,0,0,0,-17.56,-87.5,33.81,-9.39,-2.08,1.31,-0.66,-0.04,0.74,0.11,345906,3318,T
81,0,0,0,-17.56,-87.5,33.81,-9.43,-2.08,1.31,-0.66,-0.04,0.74,0.11,345947,3359,T
82,0,0,0,-17.56,-87.5,33.81,-9.43,-2.08,1.35,-0.66,-0.04,0.74,0.11,345989,3401,T
83,0,0,0,-17.56,-87.5,33.81,-9.43,-2.08,1.31,-0.66,-0.04,0.74,0.11,346030,3442,T
84,0,0,0,-17.69,-85.56,33.81,-9.43,-2.08,1.31,-0.66,-0.04,0.74,0.11,346071,3483,T
85,0,0,0,-17.69,-85.56,33.81,-9.39,-2.08,1.35,-0.66,-0.04,0.74,0.11,346114,3526,T
86,0,0.02,-0.02,-17.69,-85.56,33.81,-9.39,-2.08,1.35,-0.66,-0.04,0.74,0.11,346156,3568,T
87,0,0.02,-0.02,-17.69,-85.56,33.81,-9.39,-2.12,1.31,-0.66,-0.04,0.74,0.11,346196,3608,T
88,0,0.02,-0.02,-17.69,-85.56,33.81,-9.39,-2.08,1.31,-0.66,-0.04,0.74,0.11,346238,3650,T
89,0,0.02,-0.02,-17.69,-85.56,33.81,-9.39,-2.12,1.27,-0.66,-0.04,0.74,0.11,346280,3692,T
90,0,0.02,-0.02,-16.56,-87.94,33.81,-9.39,-2.12,1.27,-0.66,-0.04,0.74,0.11,346321,3733,T
91,0,0.02,-0.02,-16.56,-87.94,33.81,-9.36,-2.12,1.27,-0.66,-0.04,0.74,0.11,346365,3777,T
92,-0.1,0.06,-0.08,-16.56,-87.94,33.81,-9.36,-2.12,1.27,-0.66,-0.04,0.74,0.11,346406,3818,T
93,-0.1,0.06,-0.08,-16.56,-87.94,33.81,-9.55,-2.08,1.19,-0.66,-0.04,0.74,0.11,346448,3860,T
94,-0.1,0.06,-0.08,-16.56,-87.94,33.81,-9.28,-2.31,1.12,-0.66,-0.04,0.74,0.11,346491,3903,T
95,-0.1,0.06,-0.08,-16.56,-87.94,33.81,-9.13,-2.46,1.12,-0.66,-0.04,0.74,0.11,346533,3945,T
96,-0.1,0.06,-0.08,-16.56,-87.94,33.81,-9.13,-2.43,1.35,-0.66,-0.04,0.74,0.11,346574,3986,T
97,0.05,-0.04,-0.09,-16.56,-87.94,33.81,-9.13,-2.43,1.35,-0.66,-0.04,0.74,0.11,346616,4028,T
98,0.06,0.04,0.01,-16.56,-87.94,33.81,-9.13,-2.43,1.35,-0.66,-0.04,0.74,0.11,346658,4070,T
99,0.06,0.04,0.01,-16.56,-87.94,33.81,-8.93,-2.66,1.27,-0.66,-0.04,0.74,0.11,346699,4111,T
100,0.06,0.04,0.01,-16.56,-87.94,33.81,-8.93,-2.62,1.27,-0.66,-0.04,0.74,0.11,346741,4153,T
101,0.06,0.04,0.01,-16.56,-87.94,33.81,-9.66,-2.16,1.27,-0.66,-0.04,0.74,0.11,346783,4195,T
102,0.06,0.04,0.01,-16.56,-87.94,33.81,-9.32,-2.31,1.38,-0.66,-0.04,0.74,0.11,346823,4235,T
103,0.08,-0.04,0.2,-16.56,-87.94,33.81,-9.32,-2.31,1.38,-0.66,-0.04,0.74,0.11,346864,4276,T
104,0.09,-0.06,0.18,-16.56,-87.94,33.81,-9.32,-2.31,1.38,-0.66,-0.04,0.74,0.11,346906,4318,T
105,0.09,-0.06,0.18,-16.56,-87.94,33.81,-9.51,-1.96,1.35,-0.66,-0.04,0.74,0.11,346947,4359,T
106,0.09,-0.06,0.18,-16.56,-87.94,33.81,-9.47,-2,1.31,-0.66,-0.04,0.74,0.11,346989,4401,T
107,0.09,-0.06,0.18,-16.56,-87.94,33.81,-9.55,-1.93,1.35,-0.66,-0.04,0.74,0.11,347031,4443,T
108,0.09,-0.06,0.18,-16.56,-87.94,33.81,-9.51,-1.89,1.38,-0.66,-0.04,0.74,0.11,347071,4483,T
109,0.09,-0.06,0.18,-16.56,-87.94,33.81,-9.55,-1.85,1.42,-0.66,-0.04,0.74,0.11,347114,4526,T
110,-0.08,-0.36,0.46,-16.56,-87.94,33.81,-9.55,-1.85,1.42,-0.66,-0.04,0.74,0.11,347156,4568,T
111,-0.08,-0.36,0.46,-16.56,-87.94,33.81,-9.7,-1.7,1.46,-0.66,-0.04,0.74,0.11,347197,4609,T
112,-0.08,-0.36,0.46,-16.56,-87.94,33.81,-9.93,-1.73,1.57,-0.66,-0.04,0.74,0.11,347239,4651,T
113,-0.08,-0.36,0.46,-16.56,-87.94,33.81,-10.73,-1.66,2.42,-0.66,-0.04,0.74,0.11,347282,4694,T
114,-0.08,-0.36,0.46,-16.56,-87.94,33.81,-12.11,-2.16,2.38,-0.66,-0.04,0.74,0.11,347323,4735,T
115,-0.08,-0.36,0.46,-16.56,-87.94,33.81,-14.38,-1.58,1.8,-0.66,-0.04,0.74,0.11,347367,4779,T
116,0.1,-3.54,4.86,-16.56,-87.94,33.81,-14.38,-1.58,1.8,-0.66,-0.04,0.74,0.11,347409,4821,T
117,0.1,-3.54,4.86,-16.56,-87.94,33.81,-11.96,-10.51,-5.32,-0.66,-0.04,0.74,0.11,347452,4864,T
118,-1.09,0.92,-1.2,-16.56,-87.94,33.81,-11.96,-10.51,-5.32,-0.66,-0.04,0.74,0.11,347495,4907,T
119,-1.09,0.92,-1.2,-16.56,-87.94,33.81,-6.94,-6.75,0.31,-0.66,-0.04,0.74,0.11,347538,4950,T
120,-1.09,0.92,-1.2,-16.56,-87.94,33.81,-6.29,-5.34,0.58,-0.66,-0.04,0.74,0.11,347582,4994,T
121,-1.09,0.92,-1.2,-16.56,-87.94,33.81,-11.58,-2.31,4.75,-0.66,-0.04,0.74,0.11,347623,5035,W
122,-0.77,2.04,-3.7,-16.56,-87.94,33.81,-11.58,-2.31,4.75,-0.66,-0.04,0.74,0.11,347666,5078,W
123,-0.77,2.04,-3.7,-16.56,-87.94,33.81,-13.26,-0.47,4.45,-0.66,-0.04,0.74,0.11,347709,5121,W
124,-0.1,1.87,-3.24,-16.56,-87.94,33.81,-13.26,-0.47,4.45,-0.66,-0.04,0.74,0.11,347752,5164,W
125,-0.1,1.87,-3.24,-16.56,-87.94,33.81,-13.3,0.37,5.48,-0.66,-0.04,0.74,0.11,347795,5207,W
126,-0.1,1.87,-3.24,-16.56,-87.94,33.81,-11.39,1.98,3.38,-0.66,-0.04,0.74,0.11,347837,5249,W
127,-0.1,1.87,-3.24,-16.56,-87.94,33.81,-9.78,3.74,3.64,-0.66,-0.04,0.74,0.11,347879,5291,W
128,-0.1,1.87,-3.24,104,-113.56,16.38,-9.78,3.74,3.64,-0.66,-0.04,0.74,0.11,347921,5333,W
129,0.39,-0.24,0.31,104,-113.56,16.38,-9.78,3.74,3.64,-0.66,-0.04,0.74,0.11,347963,5375,W
130,0.35,-1.76,3.13,104,-113.56,16.38,-9.78,3.74,3.64,-0.66,-0.04,0.74,0.11,348004,5416,W
131,0.35,-1.76,3.13,104,-113.56,16.38,-11.92,-5.49,-0.53,-0.66,-0.04,0.74,0.11,348046,5458,W
132,0.35,-1.76,3.13,104,-113.56,16.38,-12.46,-2.43,2.57,-0.66,-0.04,0.74,0.11,348089,5501,W
133,0.35,-1.76,3.13,104,-113.56,16.38,-11.77,-2.54,0.35,-0.66,-0.04,0.74,0.11,348132,5544,W
134,0.35,-1.76,3.13,104,-113.56,16.38,-8.93,-2.39,2.73,-0.66,-0.04,0.74,0.11,348174,5586,W
135,0.29,0.27,0.21,104,-113.56,16.38,-8.93,-2.39,2.73,-0.66,-0.04,0.74,0.11,348216,5628,W
136,0.21,0.01,0.16,104,-113.56,16.38,-8.93,-2.39,2.73,-0.66,-0.04,0.74,0.11,348257,5669,W
137,0.21,0.01,0.16,104,-113.56,16.38,-9.13,-2.43,2,-0.66,-0.04,0.74,0.11,348300,5712,W
138,0.21,0.01,0.16,104,-113.56,16.38,-9.47,-2.43,1.38,-0.66,-0.04,0.74,0.11,348342,5754,W
139,0.21,0.01,0.16,104,-113.56,16.38,-9.39,-2.39,1.46,-0.66,-0.04,0.74,0.11,348384,5796,W
140,0.21,0.01,0.16,104,-113.56,16.38,-9.39,-2.43,1.35,-0.66,-0.04,0.74,0.11,348425,5837,W
141,-0.04,-0.04,0.19,104,-113.56,16.38,-9.39,-2.43,1.35,-0.66,-0.04,0.74,0.11,348466,5878,W
142,-0.05,-0.09,0.21,104,-113.56,16.38,-9.39,-2.43,1.35,-0.66,-0.04,0.74,0.11,348509,5921,W
143,-0.05,-0.09,0.21,104,-113.56,16.38,-9.47,-2.16,1.42,-0.66,-0.04,0.74,0.11,348553,5965,W
144,-0.05,-0.09,0.21,104,-113.56,16.38,-9.51,-2.12,1.5,-0.66,-0.04,0.74,0.11,348595,6007,W
145,-0.05,-0.09,0.21,104,-113.56,16.38,-9.63,-2.23,1.23,-0.66,-0.04,0.74,0.11,348637,6049,W
146,-0.05,-0.09,0.21,104,-113.56,16.38,-9.7,-2.2,1.35,-0.66,-0.04,0.74,0.11,348681,6093,W
147,-0.05,-0.09,0.21,90.31,-139.88,30.63,-9.7,-2.2,1.35,-0.66,-0.04,0.74,0.11,348722,6134,W
148,0.32,-0.98,2.79,90.31,-139.88,30.63,-9.7,-2.2,1.35,-0.66,-0.04,0.74,0.11,348765,6177,W
149,0.55,-1.73,5.83,90.31,-139.88,30.63,-9.7,-2.2,1.35,-0.66,-0.04,0.74,0.11,348806,6218,W
150,0.55,-1.73,5.83,90.31,-139.88,30.63,-19.28,0.79,3.03,-0.66,-0.04,0.74,0.11,348847,6259,W
151,0.55,-1.73,5.83,90.31,-139.88,30.63,-16.75,-15.45,-3.52,-0.66,-0.04,0.74,0.11,348888,6300,W
152,0.55,-1.73,5.83,90.31,-139.88,30.63,-4.18,-7.79,-0.42,-0.66,-0.04,0.74,0.11,348933,6345,W
153,0.55,-1.73,5.83,90.31,-139.88,30.63,-7.44,-8.4,-1.61,-0.66,-0.04,0.74,0.11,348974,6386,W
154,0.44,1.63,-3.49,90.31,-139.88,30.63,-7.44,-8.4,-1.61,-0.66,-0.04,0.74,0.11,349016,6428,W
155,-0.78,1.09,-3.79,90.31,-139.88,30.63,-7.44,-8.4,-1.61,-0.66,-0.04,0.74,0.11,349058,6470,W
156,-0.78,1.09,-3.79,90.31,-139.88,30.63,-13.68,0.07,3.26,-0.66,-0.04,0.74,0.11,349102,6514,W
157,-0.78,1.09,-3.79,90.31,-139.88,30.63,-12.61,1.1,2.84,-0.66,-0.04,0.74,0.11,349145,6557,W
158,-0.78,1.09,-3.79,90.31,-139.88,30.63,-14.8,1.64,5.87,-0.66,-0.04,0.74,0.11,349187,6599,W
159,-0.78,1.09,-3.79,90.31,-139.88,30.63,-14.11,1.98,5.14,-0.66,-0.04,0.74,0.11,349229,6641,W
160,-0.78,1.09,-3.79,139.94,-79.19,21.88,-14.11,1.98,5.14,-0.66,-0.04,0.74,0.11,349272,6684,W
161,-0.35,0.82,-1.74,139.94,-79.19,21.88,-14.11,1.98,5.14,-0.66,-0.04,0.74,0.11,349314,6726,W
162,0.34,0.47,0.06,139.94,-79.19,21.88,-14.11,1.98,5.14,-0.66,-0.04,0.74,0.11,349356,6768,W
163,0.34,0.47,0.06,139.94,-79.19,21.88,-5.41,11.1,5.6,-0.66,-0.04,0.74,0.11,349398,6810,W
164,0.34,0.47,0.06,139.94,-79.19,21.88,-12.57,-2.89,4.26,-0.66,-0.04,0.74,0.11,349437,6849,W
165,0.34,0.47,0.06,139.94,-79.19,21.88,-11.16,-1.77,5.56,-0.66,-0.04,0.74,0.11,349479,6891,W
166,0.34,0.47,0.06,139.94,-79.19,21.88,-13.49,-2.04,1.92,-0.66,-0.04,0.74,0.11,349520,6932,W
167,0.46,0,0.39,139.94,-79.19,21.88,-13.49,-2.04,1.92,-0.66,-0.04,0.74,0.11,349562,6974,W
168,0.35,0.3,0.27,139.94,-79.19,21.88,-13.49,-2.04,1.92,-0.66,-0.04,0.74,0.11,349604,7016,W
169,0.35,0.3,0.27,139.94,-79.19,21.88,-9.82,-2.16,1.61,-0.66,-0.04,0.74,0.11,349645,7057,W
170,0.35,0.3,0.27,139.94,-79.19,21.88,-9.51,-2.16,1.77,-0.66,-0.04,0.74,0.11,349686,7098,W
171,0.35,0.3,0.27,139.94,-79.19,21.88,-9.59,-2.08,1.65,-0.66,-0.04,0.74,0.11,349726,7138,W
172,0.35,0.3,0.27,155.13,-88.44,21.44,-9.59,-2.08,1.65,-0.66,-0.04,0.74,0.11,349767,7179,W
173,-0.09,-0.03,0.22,155.13,-88.44,21.44,-9.59,-2.08,1.65,-0.66,-0.04,0.74,0.11,349808,7220,W
174,-0.07,-0.1,0.32,155.13,-88.44,21.44,-9.59,-2.08,1.65,-0.66,-0.04,0.74,0.11,349851,7263,W
175,-0.07,-0.1,0.32,155.13,-88.44,21.44,-9.55,-1.89,1.8,-0.66,-0.04,0.74,0.11,349894,7306,W
176,-0.07,-0.1,0.32,155.13,-88.44,21.44,-9.63,-1.7,1.8,-0.66,-0.04,0.74,0.11,349936,7348,W
177,-0.07,-0.1,0.32,155.13,-88.44,21.44,-9.63,-1.66,1.88,-0.66,-0.04,0.74,0.11,349978,7390,W
178,-0.07,-0.1,0.32,152.38,-102.31,17.5,-9.63,-1.66,1.88,-0.66,-0.04,0.74,0.11,350020,7432,W
179,0.12,-0.68,1.57,152.38,-102.31,17.5,-9.63,-1.66,1.88,-0.66,-0.04,0.74,0.11,350063,7475,W
180,0.41,-0.69,2.44,152.38,-102.31,17.5,-9.63,-1.66,1.88,-0.66,-0.04,0.74,0.11,350105,7517,W
181,0.41,-0.69,2.44,152.38,-102.31,17.5,-13.91,-1.93,2.34,-0.66,-0.04,0.74,0.11,350148,7560,W
182,0.41,-0.69,2.44,152.38,-102.31,17.5,-18.01,1.41,3.03,-0.66,-0.04,0.74,0.11,350190,7602,W
183,0.41,-0.69,2.44,152.38,-102.31,17.5,-17.02,-8.25,-0.11,-0.66,-0.04,0.74,0.11,350233,7645,W
184,0.41,-0.69,2.44,152.38,-102.31,17.5,-13.41,-13.54,-3.6,-0.66,-0.04,0.74,0.11,350275,7687,W
185,-1.01,1.11,-2.1,152.38,-102.31,17.5,-13.41,-13.54,-3.6,-0.66,-0.04,0.74,0.11,350319,7731,W
186,-0.25,0.98,-3.43,152.38,-102.31,17.5,-13.41,-13.54,-3.6,-0.66,-0.04,0.74,0.11,350364,7776,W
187,-1.01,1.42,-4.03,152.38,-102.31,17.5,-13.41,-13.54,-3.6,-0.66,-0.04,0.74,0.11,350409,7821,W
188,-1.01,1.42,-4.03,152.38,-102.31,17.5,-13.91,-0.2,4.37,-0.66,-0.04,0.74,0.11,350453,7865,W
189,-1.01,1.42,-4.03,152.38,-102.31,17.5,-14.34,0.83,3.88,-0.66,-0.04,0.74,0.11,350497,7909,W
190,-1.01,1.42,-4.03,152.38,-102.31,17.5,-14.72,1.67,5.29,-0.66,-0.04,0.74,0.11,350539,7951,W
191,-1.01,1.42,-4.03,152.38,-102.31,17.5,-14.87,2.32,6.02,-0.66,-0.04,0.74,0.11,350582,7994,W
192,-1.01,1.42,-4.03,152.38,-102.31,17.5,-12.04,2.52,4.11,-0.66,-0.04,0.74,0.11,350623,8035,W
193,-1.06,0.83,-1.76,152.38,-102.31,17.5,-12.04,2.52,4.11,-0.66,-0.04,0.74,0.11,350666,8078,W
194,-1.06,0.83,-1.76,152.38,-102.31,17.5,-8.86,7.77,5.94,-0.66,-0.04,0.74,0.11,350710,8122,W
195,1.72,-2.21,2.63,152.38,-102.31,17.5,-8.86,7.77,5.94,-0.66,-0.04,0.74,0.11,350753,8165,W
196,1.72,-2.21,2.63,152.38,-102.31,17.5,-10.5,-7.98,-1.49,-0.66,-0.04,0.74,0.11,350794,8206,W
197,1.72,-2.21,2.63,152.38,-102.31,17.5,-14.49,-2.58,5.48,-0.66,-0.04,0.74,0.11,350839,8251,W
198,1.72,-2.21,2.63,152.38,-102.31,17.5,-11.65,-2.46,1,-0.66,-0.04,0.74,0.11,350882,8294,W
199,1.72,-2.21,2.63,152.38,-102.31,17.5,-9.36,-2.43,2.46,-0.66,-0.04,0.74,0.11,350923,8335,W
200,0.46,0.1,0.29,152.38,-102.31,17.5,-9.36,-2.43,2.46,-0.66,-0.04,0.74,0.11,350965,8377,W
201,0.22,-0.08,0.17,152.38,-102.31,17.5,-9.36,-2.43,2.46,-0.66,-0.04,0.74,0.11,351006,8418,W
202,0.22,-0.08,0.17,152.38,-102.31,17.5,-9.05,-2.43,2.38,-0.66,-0.04,0.74,0.11,351050,8462,W
203,0.12,-0.17,0.61,152.38,-102.31,17.5,-9.05,-2.43,2.38,-0.66,-0.04,0.74,0.11,351093,8505,W
204,0.12,-0.17,0.61,152.38,-102.31,17.5,-9.63,-2,1.96,-0.66,-0.04,0.74,0.11,351134,8546,W
205,0.13,0.01,-0.01,87.75,-64.19,31.56,-9.59,-2.5,0.81,-0.66,-0.04,0.74,0.11,356310,13722,T
206,0.06,0.03,-0.06,87.75,-64.19,31.56,-9.59,-2.5,0.81,-0.66,-0.04,0.74,0.11,356352,13764,T
207,0.06,0.03,-0.06,87.75,-64.19,31.56,-9.28,-2.39,1.31,-0.66,-0.04,0.74,0.11,356392,13804,T
208,0.07,0.16,-0.08,87.75,-64.19,31.56,-9.28,-2.39,1.31,-0.66,-0.04,0.74,0.11,356432,13844,T
209,0.07,0.16,-0.08,87.75,-64.19,31.56,-9.32,-2.62,1,-0.66,-0.04,0.74,0.11,356473,13885,T
210,0.07,0.16,-0.08,84.31,-70.69,2.88,-9.32,-2.62,1,-0.66,-0.04,0.74,0.11,356512,13924,T
211,0.07,0.16,-0.08,84.31,-70.69,2.88,-9.2,-2.5,1.27,-0.66,-0.04,0.74,0.11,356554,13966,T
212,0.28,0.17,0.07,84.31,-70.69,2.88,-9.2,-2.5,1.27,-0.66,-0.04,0.74,0.11,356594,14006,T
213,0.28,0.17,0.07,84.31,-70.69,2.88,-9.32,-2.5,1.08,-0.66,-0.04,0.74,0.11,356634,14046,T
214,0.28,0.17,0.07,84.31,-70.69,2.88,-9.47,-2.7,0.66,-0.66,-0.04,0.74,0.11,356673,14085,T
215,0.28,0.17,0.07,85.38,-71.13,4.13,-9.47,-2.7,0.66,-0.66,-0.04,0.74,0.11,356712,14124,T
216,0.01,-0.08,0.07,85.38,-71.13,4.13,-9.47,-2.7,0.66,-0.66,-0.04,0.74,0.11,356752,14164,T
217,0.01,-0.08,0.07,85.38,-71.13,4.13,-9.51,-2.5,0.85,-0.66,-0.04,0.74,0.11,356792,14204,W
218,0.01,-0.08,0.07,85.38,-71.13,4.13,-9.39,-2.46,1.04,-0.66,-0.04,0.74,0.11,356833,14245,W
219,0.01,-0.08,0.07,85.38,-71.13,4.13,-9.36,-2.46,1,-0.66,-0.04,0.74,0.11,356873,14285,W
220,0.01,-0.08,0.07,83.63,-72.19,4.13,-9.36,-2.46,1,-0.66,-0.04,0.74,0.11,356912,14324,W
221,-0.03,-0.03,0.08,83.63,-72.19,4.13,-9.36,-2.46,1,-0.66,-0.04,0.74,0.11,356952,14364,W
222,-0.03,-0.03,0.08,83.63,-72.19,4.13,-9.47,-2.46,0.96,-0.66,-0.04,0.74,0.11,356993,14405,W
223,-0.03,-0.03,0.08,83.63,-72.19,4.13,-9.51,-2.35,0.96,-0.66,-0.04,0.74,0.11,357033,14445,W
224,-0.03,-0.03,0.08,83.63,-72.19,4.13,-9.51,-2.39,0.93,-0.66,-0.04,0.74,0.11,357074,14486,W
225,-0.03,-0.03,0.08,84.38,-72.94,2.88,-9.51,-2.39,0.93,-0.66,-0.04,0.74,0.11,357115,14527,W
226,-0.1,-0.37,0.41,84.38,-72.94,2.88,-9.51,-2.39,0.93,-0.66,-0.04,0.74,0.11,357156,14568,W
227,-0.12,-0.38,0.78,84.38,-72.94,2.88,-9.51,-2.39,0.93,-0.66,-0.04,0.74,0.11,357198,14610,W
228,-0.12,-0.38,0.78,84.38,-72.94,2.88,-9.47,-1.96,1.73,-0.66,-0.04,0.74,0.11,357239,14651,W
229,-0.12,-0.38,0.78,84.38,-72.94,2.88,-9.85,-1.81,2.04,-0.66,-0.04,0.74,0.11,357280,14692,W
230,-0.12,-0.38,0.78,84.38,-72.94,2.88,-10.35,-1.66,1.77,-0.66,-0.04,0.74,0.11,357319,14731,W
231,0.38,0.06,3.32,84.38,-72.94,2.88,-10.35,-1.66,1.77,-0.66,-0.04,0.74,0.11,357361,14773,W
232,0.38,0.06,3.32,84.38,-72.94,2.88,-14.45,-0.97,0.27,-0.66,-0.04,0.74,0.11,357402,14814,W
233,-0.73,1.13,5.08,84.38,-72.94,2.88,-14.45,-0.97,0.27,-0.66,-0.04,0.74,0.11,357442,14854,W
234,-0.73,1.13,5.08,84.38,-72.94,2.88,-17.44,-10.47,0.16,-0.66,-0.04,0.74,0.11,357482,14894,W
235,-0.73,1.13,5.08,84.38,-72.94,2.88,-9.97,-10.39,-0.34,-0.66,-0.04,0.74,0.11,357524,14936,W
236,-0.73,1.13,5.08,67.38,-94,-10.31,-9.97,-10.39,-0.34,-0.66,-0.04,0.74,0.11,357565,14977,W
237,0.74,0.86,-3.6,67.38,-94,-10.31,-9.97,-10.39,-0.34,-0.66,-0.04,0.74,0.11,357608,15020,W
238,0.74,0.86,-3.6,67.38,-94,-10.31,-10.05,-0.28,4.41,-0.66,-0.04,0.74,0.11,357651,15063,W
239,-0.74,0.86,-3.92,67.38,-94,-10.31,-10.05,-0.28,4.41,-0.66,-0.04,0.74,0.11,357692,15104,W
240,-0.74,0.86,-3.92,67.38,-94,-10.31,-13.11,0.41,2.27,-0.66,-0.04,0.74,0.11,357734,15146,W
241,-0.74,0.86,-3.92,67.38,-94,-10.31,-12.73,0.95,2.46,-0.66,-0.04,0.74,0.11,357778,15190,W
242,-0.74,0.86,-3.92,67.38,-94,-10.31,-13.26,2.82,3.88,-0.66,-0.04,0.74,0.11,357819,15231,W
243,-0.35,0.38,-2.1,67.38,-94,-10.31,-13.26,2.82,3.88,-0.66,-0.04,0.74,0.11,357861,15273,W
244,-0.35,0.38,-2.1,67.38,-94,-10.31,-11.77,4.16,3.18,-0.66,-0.04,0.74,0.11,357904,15316,W
245,0.19,0.22,-0.13,67.38,-94,-10.31,-11.77,4.16,3.18,-0.66,-0.04,0.74,0.11,357946,15358,W
246,0.19,0.22,-0.13,67.38,-94,-10.31,-7.09,12.74,3.26,-0.66,-0.04,0.74,0.11,357989,15401,W
247,0.19,0.22,-0.13,67.38,-94,-10.31,-14.26,-5.57,-2.29,-0.66,-0.04,0.74,0.11,358031,15443,W
248,0.19,0.22,-0.13,67.38,-94,-10.31,-12.65,-1.77,4.75,-0.66,-0.04,0.74,0.11,358072,15484,W
249,0.58,0.02,0.53,67.38,-94,-10.31,-12.65,-1.77,4.75,-0.66,-0.04,0.74,0.11,358115,15527,W
250,0.41,0.19,0.26,67.38,-94,-10.31,-12.65,-1.77,4.75,-0.66,-0.04,0.74,0.11,358157,15569,W
251,0.25,0.08,0.08,67.38,-94,-10.31,-12.65,-1.77,4.75,-0.66,-0.04,0.74,0.11,358199,15611,W
252,0.25,0.08,0.08,67.38,-94,-10.31,-9.13,-2.77,1.19,-0.66,-0.04,0.74,0.11,358241,15653,W
253,0.25,0.08,0.08,67.38,-94,-10.31,-9.39,-2.66,1,-0.66,-0.04,0.74,0.11,358282,15694,W
254,0.25,0.08,0.08,67.38,-94,-10.31,-9.47,-2.73,0.62,-0.66,-0.04,0.74,0.11,358322,15734,W
255,0.25,0.08,0.08,95.94,-24.94,-23.88,-9.47,-2.73,0.62,-0.66,-0.04,0.74,0.11,358363,15775,W
256,-0.03,-0.18,0.23,95.94,-24.94,-23.88,-9.47,-2.73,0.62,-0.66,-0.04,0.74,0.11,358404,15816,W
257,-0.03,-0.13,0.18,95.94,-24.94,-23.88,-9.47,-2.73,0.62,-0.66,-0.04,0.74,0.11,358446,15858,W
258,-0.03,-0.13,0.18,95.94,-24.94,-23.88,-9.51,-2.04,1.42,-0.66,-0.04,0.74,0.11,358489,15901,W
259,-0.03,-0.13,0.18,95.94,-24.94,-23.88,-9.51,-2.08,1.35,-0.66,-0.04,0.74,0.11,358531,15943,W
260,-0.03,-0.13,0.18,95.94,-24.94,-23.88,-9.55,-2,1.38,-0.66,-0.04,0.74,0.11,358572,15984,W
261,-0.06,-0.01,0.11,95.94,-24.94,-23.88,-9.55,-2,1.38,-0.66,-0.04,0.74,0.11,358614,16026,W
262,-0.06,-0.01,0.11,95.94,-24.94,-23.88,-9.55,-2.08,1.27,-0.66,-0.04,0.74,0.11,358658,16070,W
263,-0.06,-0.25,0.41,95.94,-24.94,-23.88,-9.55,-2.08,1.27,-0.66,-0.04,0.74,0.11,358699,16111,W
264,-0.06,-0.25,0.41,95.94,-24.94,-23.88,-9.55,-1.93,1.35,-0.66,-0.04,0.74,0.11,358740,16152,W
265,-0.06,-0.25,0.41,95.94,-24.94,-23.88,-10.05,-2.08,1.54,-0.66,-0.04,0.74,0.11,358782,16194,W
266,-0.06,-0.25,0.41,95.94,-24.94,-23.88,-10.16,-2.23,2.15,-0.66,-0.04,0.74,0.11,358825,16237,W
267,-0.06,-0.25,0.41,97.31,-38.25,-29.06,-10.16,-2.23,2.15,-0.66,-0.04,0.74,0.11,358868,16280,W
268,0.47,-1.06,4.2,97.31,-38.25,-29.06,-10.16,-2.23,2.15,-0.66,-0.04,0.74,0.11,358910,16322,W
269,0.44,-1.24,5.47,97.31,-38.25,-29.06,-10.16,-2.23,2.15,-0.66,-0.04,0.74,0.11,358952,16364,W
270,0.44,-1.24,5.47,97.31,-38.25,-29.06,-15.14,3.63,2.3,-0.66,-0.04,0.74,0.11,358995,16407,W
271,0.44,-1.24,5.47,97.31,-38.25,-29.06,-4.91,-8.29,-1.61,-0.66,-0.04,0.74,0.11,359036,16448,W
272,0.44,-1.24,5.47,97.31,-38.25,-29.06,-2.96,-7.14,-2.18,-0.66,-0.04,0.74,0.11,359078,16490,W
273,0.44,-1.24,5.47,97.31,-38.25,-29.06,-8.02,-6.71,-1.41,-0.66,-0.04,0.74,0.11,359119,16531,W
274,-0.28,1.49,-3.42,97.31,-38.25,-29.06,-8.02,-6.71,-1.41,-0.66,-0.04,0.74,0.11,359161,16573,W
275,-0.86,0.84,-3.77,97.31,-38.25,-29.06,-8.02,-6.71,-1.41,-0.66,-0.04,0.74,0.11,359204,16616,W
276,-0.86,0.84,-3.77,97.31,-38.25,-29.06,-12.42,0.75,1.92,-0.66,-0.04,0.74,0.11,359248,16660,W
277,-0.86,0.84,-3.77,97.31,-38.25,-29.06,-13.91,1.02,3.07,-0.66,-0.04,0.74,0.11,359290,16702,W
278,-0.86,0.84,-3.77,97.31,-38.25,-29.06,-13.41,0.79,3.76,-0.66,-0.04,0.74,0.11,359331,16743,W
279,-0.86,0.84,-3.77,97.31,-38.25,-29.06,-12.46,1.29,3.91,-0.66,-0.04,0.74,0.11,359374,16786,W
280,-0.86,0.84,-3.77,45.75,11.5,1.38,-12.46,1.29,3.91,-0.66,-0.04,0.74,0.11,359415,16827,W
281,-0.39,0.82,-1.27,45.75,11.5,1.38,-12.46,1.29,3.91,-0.66,-0.04,0.74,0.11,359457,16869,W
282,0.9,-0.12,0.67,45.75,11.5,1.38,-12.46,1.29,3.91,-0.66,-0.04,0.74,0.11,359498,16910,W
283,0.9,-0.12,0.67,45.75,11.5,1.38,-7.82,1.79,7.25,-0.66,-0.04,0.74,0.11,359538,16950,W
284,0.9,-0.12,0.67,45.75,11.5,1.38,-13.22,-4.69,4.14,-0.66,-0.04,0.74,0.11,359578,16990,W
285,0.9,-0.12,0.67,45.75,11.5,1.38,-13.34,-2.27,3.91,-0.66,-0.04,0.74,0.11,359617,17029,W
286,0.69,0.07,0.5,45.75,11.5,1.38,-13.34,-2.27,3.91,-0.66,-0.04,0.74,0.11,359658,17070,W
287,0.22,0.18,0.06,45.75,11.5,1.38,-13.34,-2.27,3.91,-0.66,-0.04,0.74,0.11,359699,17111,W
288,0.22,0.18,0.06,45.75,11.5,1.38,-9.24,-2.77,1.42,-0.66,-0.04,0.74,0.11,359739,17151,W
289,0.22,0.18,0.06,45.75,11.5,1.38,-9.2,-2.85,1.19,-0.66,-0.04,0.74,0.11,359779,17191,W
290,0.22,0.18,0.06,45.75,11.5,1.38,-9.24,-2.81,1.16,-0.66,-0.04,0.74,0.11,359817,17229,W
291,-0.11,0.07,0.25,45.75,11.5,1.38,-9.24,-2.81,1.16,-0.66,-0.04,0.74,0.11,359857,17269,W
292,-0.11,0.07,0.25,45.75,11.5,1.38,-9.47,-2.66,0.93,-0.66,-0.04,0.74,0.11,359898,17310,W
293,-0.02,-0.1,0.19,45.75,11.5,1.38,-9.47,-2.66,0.93,-0.66,-0.04,0.74,0.11,359939,17351,W
294,-0.02,-0.1,0.19,45.75,11.5,1.38,-9.43,-2.5,1.12,-0.66,-0.04,0.74,0.11,359979,17391,W
295,-0.02,-0.1,0.19,45.75,11.5,1.38,-9.47,-2.43,1.19,-0.66,-0.04,0.74,0.11,360018,17430,W
296,-0.03,-0.08,0.14,45.75,11.5,1.38,-9.47,-2.43,1.19,-0.66,-0.04,0.74,0.11,360058,17470,W
297,-0.04,-0.1,0.18,45.75,11.5,1.38,-9.47,-2.43,1.19,-0.66,-0.04,0.74,0.11,360098,17510,W
298,-0.04,-0.1,0.18,45.75,11.5,1.38,-9.59,-2.23,1.31,-0.66,-0.04,0.74,0.11,360138,17550,W
299,-0.04,-0.1,0.18,45.75,11.5,1.38,-9.59,-2.31,1.23,-0.66,-0.04,0.74,0.11,360179,17591,W
300,-0.04,-0.1,0.18,45.75,11.5,1.38,-9.59,-2.16,1.35,-0.66,-0.04,0.74,0.11,360218,17630,W
301,-0.07,-0.17,0.72,45.75,11.5,1.38,-9.59,-2.16,1.35,-0.66,-0.04,0.74,0.11,360259,17671,W
302,-0.07,-0.17,0.72,45.75,11.5,1.38,-9.63,-1.89,1.5,-0.66,-0.04,0.74,0.11,360300,17712,W
303,-0.03,-0.17,1.33,45.75,11.5,1.38,-9.63,-1.89,1.5,-0.66,-0.04,0.74,0.11,360340,17752,W
304,-0.03,-0.17,1.33,45.75,11.5,1.38,-10.73,-1.77,1.54,-0.66,-0.04,0.74,0.11,360381,17793,W
305,-0.03,-0.17,1.33,45.75,11.5,1.38,-12.23,-1.77,1.61,-0.66,-0.04,0.74,0.11,360421,17833,W
306,-0.03,-0.17,1.33,68.44,-8.38,-5.44,-12.23,-1.77,1.61,-0.66,-0.04,0.74,0.11,360462,17874,W
307,-0.35,0.55,4.63,68.44,-8.38,-5.44,-12.23,-1.77,1.61,-0.66,-0.04,0.74,0.11,360504,17916,W
308,-0.35,0.55,4.63,68.44,-8.38,-5.44,-18.66,-13.15,0.16,-0.66,-0.04,0.74,0.11,360546,17958,W
309,-0.35,0.55,4.63,68.44,-8.38,-5.44,-7.13,-8.32,-0.68,-0.66,-0.04,0.74,0.11,360588,18000,W
310,-0.35,0.55,4.63,68.44,-8.38,-5.44,-6.33,-7.1,-3.1,-0.66,-0.04,0.74,0.11,360630,18042,W
311,-0.35,0.55,4.63,68.44,-8.38,-5.44,-7.13,-2,1.16,-0.66,-0.04,0.74,0.11,360669,18081,W
312,0.11,1.17,-3.16,68.44,-8.38,-5.44,-7.13,-2,1.16,-0.66,-0.04,0.74,0.11,360710,18122,W
313,-0.42,0.13,-3.4,68.44,-8.38,-5.44,-7.13,-2,1.16,-0.66,-0.04,0.74,0.11,360750,18162,W
314,-0.42,0.13,-3.4,68.44,-8.38,-5.44,-11.73,0.41,0,-0.66,-0.04,0.74,0.11,360791,18203,W
315,-0.42,0.13,-3.4,68.44,-8.38,-5.44,-12,1.6,1.19,-0.66,-0.04,0.74,0.11,360832,18244,W
316,-0.42,0.13,-3.4,68.44,-8.38,-5.44,-13.64,1.83,2.5,-0.66,-0.04,0.74,0.11,360872,18284,W
317,-0.42,0.13,-3.4,40.25,-3.81,22.44,-13.64,1.83,2.5,-0.66,-0.04,0.74,0.11,360912,18324,W
318,-1.03,0.67,-1.58,40.25,-3.81,22.44,-13.64,1.83,2.5,-0.66,-0.04,0.74,0.11,360953,18365,W
319,-1.03,0.67,-1.58,40.25,-3.81,22.44,-10.96,4.55,2.84,-0.66,-0.04,0.74,0.11,360996,18408,W
320,-1.03,0.67,-1.58,40.25,-3.81,22.44,-8.02,14.39,5.14,-0.66,-0.04,0.74,0.11,361036,18448,W
321,-1.03,0.67,-1.58,40.25,-3.81,22.44,-16.18,-2.12,8.55,-0.66,-0.04,0.74,0.11,361078,18490,W
322,-1.03,0.67,-1.58,40.25,-3.81,22.44,-11.73,-4.49,0.04,-0.66,-0.04,0.74,0.11,361118,18530,W
323,0.55,0.07,0.5,40.25,-3.81,22.44,-11.73,-4.49,0.04,-0.66,-0.04,0.74,0.11,361159,18571,W
324,0.08,0.03,0.16,40.25,-3.81,22.44,-11.73,-4.49,0.04,-0.66,-0.04,0.74,0.11,361199,18611,W
325,0.08,0.03,0.16,40.25,-3.81,22.44,-9.24,-2.62,1.31,-0.66,-0.04,0.74,0.11,361240,18652,W
326,0.08,0.03,0.16,40.25,-3.81,22.44,-9.43,-2.54,1.12,-0.66,-0.04,0.74,0.11,361280,18692,W
327,0.08,0.03,0.16,40.25,-3.81,22.44,-9.43,-2.39,1.16,-0.66,-0.04,0.74,0.11,361318,18730,W
328,-0.08,-0.11,0.24,40.25,-3.81,22.44,-9.43,-2.39,1.16,-0.66,-0.04,0.74,0.11,361358,18770,W
329,-0.08,-0.11,0.24,40.25,-3.81,22.44,-9.55,-2.23,1.19,-0.66,-0.04,0.74,0.11,361400,18812,W
330,-0.04,-0.12,0.2,40.25,-3.81,22.44,-9.55,-2.23,1.19,-0.66,-0.04,0.74,0.11,361441,18853,W
331,-0.04,-0.12,0.2,40.25,-3.81,22.44,-9.59,-2.08,1.31,-0.66,-0.04,0.74,0.11,361481,18893,W
332,-0.04,-0.12,0.2,40.25,-3.81,22.44,-9.47,-1.96,1.5,-0.66,-0.04,0.74,0.11,361522,18934,W
333,-0.04,-0.12,0.2,39.19,-11.75,30.56,-9.47,-1.96,1.5,-0.66,-0.04,0.74,0.11,361562,18974,W
334,-0.04,0.03,0.13,39.19,-11.75,30.56,-9.47,-1.96,1.5,-0.66,-0.04,0.74,0.11,361604,19016,W
335,-0.04,0.03,0.13,39.19,-11.75,30.56,-9.55,-1.89,1.35,-0.66,-0.04,0.74,0.11,361647,19059,W
336,-0.03,-0.18,0.47,39.19,-11.75,30.56,-9.55,-1.89,1.35,-0.66,-0.04,0.74,0.11,361688,19100,W
337,-0.03,-0.18,0.47,39.19,-11.75,30.56,-9.78,-1.89,1.27,-0.66,-0.04,0.74,0.11,361730,19142,W
338,-0.03,-0.18,0.47,39.19,-11.75,30.56,-9.85,-1.85,1.5,-0.66,-0.04,0.74,0.11,361769,19181,W
339,0.26,-0.7,1.36,39.19,-11.75,30.56,-9.85,-1.85,1.5,-0.66,-0.04,0.74,0.11,361810,19222,W
340,0.46,-1.01,2.66,39.19,-11.75,30.56,-9.85,-1.85,1.5,-0.66,-0.04,0.74,0.11,361851,19263,W
341,0.46,-1.01,2.66,39.19,-11.75,30.56,-13.8,-1.05,2.19,-0.66,-0.04,0.74,0.11,361893,19305,W
342,0.46,-1.01,2.66,39.19,-11.75,30.56,-14.8,0.95,2.95,-0.66,-0.04,0.74,0.11,361936,19348,W
343,0.46,-1.01,2.66,39.19,-11.75,30.56,-9.2,-10.63,-1.26,-0.66,-0.04,0.74,0.11,361977,19389,W
344,0.46,-1.01,2.66,39.19,-11.75,30.56,-4.8,-6.95,-0.15,-0.66,-0.04,0.74,0.11,362018,19430,W
345,0.5,0.17,-2.4,39.19,-11.75,30.56,-4.8,-6.95,-0.15,-0.66,-0.04,0.74,0.11,362059,19471,W
346,0.96,0.83,-3.16,39.19,-11.75,30.56,-4.8,-6.95,-0.15,-0.66,-0.04,0.74,0.11,362100,19512,W
347,0.96,0.83,-3.16,39.19,-11.75,30.56,-12.07,-1.81,0,-0.66,-0.04,0.74,0.11,362141,19553,W
348,0.96,0.83,-3.16,39.19,-11.75,30.56,-12.92,0.22,-1.41,-0.66,-0.04,0.74,0.11,362184,19596,W
349,0.96,0.83,-3.16,39.19,-11.75,30.56,-14.8,2.25,-1.68,-0.66,-0.04,0.74,0.11,362226,19638,W
350,0.96,0.83,-3.16,39.19,-11.75,30.56,-14.53,2.94,-1.53,-0.66,-0.04,0.74,0.11,362267,19679,W
351,3.08,0.89,-2.7,39.19,-11.75,30.56,-14.53,2.94,-1.53,-0.66,-0.04,0.74,0.11,362309,19721,W
352,2.89,1.64,-2.27,39.19,-11.75,30.56,-14.53,2.94,-1.53,-0.66,-0.04,0.74,0.11,362350,19762,W
353,2.89,1.64,-2.27,39.19,-11.75,30.56,-10.35,7.38,-2.95,-0.66,-0.04,0.74,0.11,362392,19804,W
354,2.89,1.64,-2.27,39.19,-11.75,30.56,-9.39,10.02,-2.68,-0.66,-0.04,0.74,0.11,362433,19845,W
355,2.89,1.64,-2.27,39.19,-11.75,30.56,-17.78,1.02,12.88,-0.66,-0.04,0.74,0.11,362475,19887,W
356,2.89,1.64,-2.27,39.19,-11.75,30.56,-9.47,-4.11,-2.52,-0.66,-0.04,0.74,0.11,362516,19928,W
357,0.27,-0.1,0.19,39.19,-11.75,30.56,-9.47,-4.11,-2.52,-0.66,-0.04,0.74,0.11,362558,19970,W
358,0.1,-0.02,0.14,39.19,-11.75,30.56,-9.47,-4.11,-2.52,-0.66,-0.04,0.74,0.11,362599,20011,W
359,0.1,-0.02,0.14,39.19,-11.75,30.56,-9.43,-2.73,0.54,-0.66,-0.04,0.74,0.11,362640,20052,W
360,0.1,-0.02,0.14,39.19,-11.75,30.56,-9.47,-2.73,0.43,-0.66,-0.04,0.74,0.11,362681,20093,W
361,0.1,-0.02,0.14,39.19,-11.75,30.56,-9.28,-2.7,0.96,-0.66,-0.04,0.74,0.11,362722,20134,W
362,0.1,-0.02,0.14,-26.81,-64.88,18.31,-9.28,-2.7,0.96,-0.66,-0.04,0.74,0.11,362762,20174,W
363,0.05,-0.14,0.03,-26.81,-64.88,18.31,-9.28,-2.7,0.96,-0.66,-0.04,0.74,0.11,362805,20217,W
364,0.09,-0.08,-0.01,-26.81,-64.88,18.31,-9.28,-2.7,0.96,-0.66,-0.04,0.74,0.11,362847,20259,W
365,0.09,-0.08,-0.01,-26.81,-64.88,18.31,-9.36,-2.58,1.23,-0.66,-0.04,0.74,0.11,362889,20301,W
366,0.09,-0.08,-0.01,-26.81,-64.88,18.31,-9.39,-2.7,0.96,-0.66,-0.04,0.74,0.11,362931,20343,W
367,0.09,-0.08,-0.01,-26.81,-64.88,18.31,-8.97,-2.77,1.27,-0.66,-0.04,0.74,0.11,362973,20385,W
368,0.09,-0.08,-0.01,-25.75,-64.56,19.94,-8.97,-2.77,1.27,-0.66,-0.04,0.74,0.11,363014,20426,W
369,0.04,0.02,0.07,-25.75,-64.56,19.94,-8.97,-2.77,1.27,-0.66,-0.04,0.74,0.11,363057,20469,W
370,0.02,0.01,0.08,-25.75,-64.56,19.94,-8.97,-2.77,1.27,-0.66,-0.04,0.74,0.11,363099,20511,W
371,0.02,0.01,0.08,-25.75,-64.56,19.94,-9.2,-2.81,1,-0.66,-0.04,0.74,0.11,363139,20551,W
372,0.02,0.01,0.08,-25.75,-64.56,19.94,-9.51,-2.62,1.04,-0.66,-0.04,0.74,0.11,363181,20593,W
373,0.02,0.01,0.08,-25.75,-64.56,19.94,-9.36,-2.54,1.12,-0.66,-0.04,0.74,0.11,363220,20632,W
374,0.02,0.01,0.08,-26.19,-62.63,20.31,-9.36,-2.54,1.12,-0.66,-0.04,0.74,0.11,363260,20672,W
375,0.01,0,0.04,-26.19,-62.63,20.31,-9.36,-2.54,1.12,-0.66,-0.04,0.74,0.11,363302,20714,W
376,0.03,-0.05,0.05,-26.19,-62.63,20.31,-9.36,-2.54,1.12,-0.66,-0.04,0.74,0.11,363344,20756,W
377,0.03,-0.05,0.05,-26.19,-62.63,20.31,-9.36,-2.54,1.19,-0.66,-0.04,0.74,0.11,363386,20798,W
378,0.03,-0.05,0.05,-26.19,-62.63,20.31,-9.36,-2.58,1.16,-0.66,-0.04,0.74,0.11,363428,20840,W
379,0.03,-0.05,0.05,-26.19,-62.63,20.31,-9.47,-2.54,1.08,-0.66,-0.04,0.74,0.11,363468,20880,W
380,0.03,-0.05,0.05,-25.94,-60.81,20.75,-9.47,-2.54,1.08,-0.66,-0.04,0.74,0.11,363509,20921,W
381,0.01,-0.1,0.17,-25.94,-60.81,20.75,-9.47,-2.54,1.08,-0.66,-0.04,0.74,0.11,363551,20963,W
382,0.01,-0.1,0.17,-25.94,-60.81,20.75,-9.55,-2.39,1.23,-0.66,-0.04,0.74,0.11,363594,21006,W
383,0.01,-0.1,0.17,-25.94,-60.81,20.75,-9.36,-2.04,1.77,-0.66,-0.04,0.74,0.11,363636,21048,W
384,0.01,-0.1,0.17,-25.94,-60.81,20.75,-9.47,-2.27,1.38,-0.66,-0.04,0.74,0.11,363678,21090,W
385,0.01,-0.1,0.17,-25.94,-60.81,20.75,-9.43,-2.08,1.57,-0.66,-0.04,0.74,0.11,363718,21130,W
386,0.01,0.01,-0.01,-25.94,-60.81,20.75,-9.43,-2.08,1.57,-0.66,-0.04,0.74,0.11,363759,21171,W
387,0.02,-0.04,-0.01,-25.94,-60.81,20.75,-9.43,-2.08,1.57,-0.66,-0.04,0.74,0.11,363801,21213,W
388,0.02,-0.04,-0.01,-25.94,-60.81,20.75,-9.36,-2.12,1.61,-0.66,-0.04,0.74,0.11,363844,21256,W
389,0.02,-0.04,-0.01,-25.94,-60.81,20.75,-9.36,-2.2,1.61,-0.66,-0.04,0.74,0.11,363886,21298,W
390,0.02,-0.04,-0.01,-25.94,-60.81,20.75,-9.47,-2.2,1.42,-0.66,-0.04,0.74,0.11,363929,21341,W
391,0.02,-0.04,-0.01,-25.94,-60.81,20.75,-9.43,-2.23,1.42,-0.66,-0.04,0.74,0.11,363969,21381,W
392,0.02,-0.04,-0.01,-25.94,-60.81,20.75,-9.43,-2.23,1.42,0.41,0.51,-0.6,0.46,364011,21423,W
393,0.01,0.01,-0.01,-25.94,-60.81,20.75,-9.43,-2.23,1.42,0.41,0.51,-0.6,0.46,364054,21466,W
394,0.02,-0.06,0.03,-25.94,-60.81,20.75,-9.43,-2.23,1.42,0.41,0.51,-0.6,0.46,364096,21508,W
395,0.02,-0.06,0.03,-25.94,-60.81,20.75,-9.36,-2.23,1.57,0.41,0.51,-0.6,0.46,364137,21549,W
396,0.02,-0.06,0.03,-25.94,-60.81,20.75,-9.36,-2.2,1.57,0.41,0.51,-0.6,0.46,364219,21631,W
397,0.02,-0.06,0.03,-25.31,-59.25,23.94,-9.36,-2.2,1.57,0.41,0.51,-0.6,0.46,364259,21671,W
398,-0.01,-0.04,0.03,-25.31,-59.25,23.94,-9.36,-2.2,1.57,0.41,0.51,-0.6,0.46,364299,21711,W
399,-0.01,-0.04,0.03,-25.31,-59.25,23.94,-9.36,-2.16,1.54,0.41,0.51,-0.6,0.46,364342,21754,W
400,-0.01,-0.04,0.03,-25.31,-59.25,23.94,-9.43,-2.16,1.46,0.41,0.51,-0.6,0.46,364384,21796,W
401,-0.01,-0.04,0.03,-25.31,-59.25,23.94,-9.36,-2.16,1.57,0.41,0.51,-0.6,0.46,364426,21838,T
402,-0.01,-0.04,0.03,-25.31,-59.25,23.94,-9.39,-2.2,1.5,0.41,0.51,-0.6,0.46,364467,21879,T
403,0.01,-0.01,-0.02,-25.31,-59.25,23.94,-9.39,-2.2,1.5,0.41,0.51,-0.6,0.46,364508,21920,T
404,0,0.05,-0.03,-25.31,-59.25,23.94,-9.39,-2.2,1.5,0.41,0.51,-0.6,0.46,364549,21961,T
405,0,0.05,-0.03,-25.31,-59.25,23.94,-9.43,-2.2,1.42,0.41,0.51,-0.6,0.46,364591,22003,T
406,0,0.05,-0.03,-25.31,-59.25,23.94,-9.43,-2.23,1.42,0.41,0.51,-0.6,0.46,364633,22045,T
407,0,0.05,-0.03,-25.31,-59.25,23.94,-9.39,-2.23,1.46,0.41,0.51,-0.6,0.46,364675,22087,T
408,0,0.05,-0.03,-25.31,-59.25,23.94,-9.39,-2.27,1.42,0.41,0.51,-0.6,0.46,364716,22128,T
409,0.01,0.03,-0.02,-25.31,-59.25,23.94,-9.39,-2.27,1.42,0.41,0.51,-0.6,0.46,364758,22170,T
410,0.01,0,0,-25.31,-59.25,23.94,-9.39,-2.27,1.42,0.41,0.51,-0.6,0.46,364797,22209,T
411,0.01,0,0,-25.31,-59.25,23.94,-9.39,-2.27,1.42,0.41,0.51,-0.6,0.46,364839,22251,T
412,0.01,0,0,-25.31,-59.25,23.94,-9.39,-2.23,1.42,0.41,0.51,-0.6,0.46,364879,22291,T
413,0.01,0,0,-25.31,-59.25,23.94,-9.43,-2.27,1.38,0.41,0.51,-0.6,0.46,364919,22331,T
414,0.01,0,0,-27.5,-58.38,21.5,-9.43,-2.27,1.38,0.41,0.51,-0.6,0.46,364960,22372,T
415,0,-0.02,-0.01,-27.5,-58.38,21.5,-9.43,-2.27,1.38,0.41,0.51,-0.6,0.46,365002,22414,T
416,-0.01,-0.01,0.01,-27.5,-58.38,21.5,-9.43,-2.27,1.38,0.41,0.51,-0.6,0.46,365044,22456,T
417,-0.01,-0.01,0.01,-27.5,-58.38,21.5,-9.39,-2.23,1.46,0.41,0.51,-0.6,0.46,365087,22499,T
418,-0.01,-0.01,0.01,-27.5,-58.38,21.5,-9.39,-2.27,1.42,0.41,0.51,-0.6,0.46,365128,22540,T
419,-0.01,-0.01,0.01,-27.5,-58.38,21.5,-9.36,-2.27,1.46,0.41,0.51,-0.6,0.46,365169,22581,T
420,-0.01,-0.01,0.01,-26.44,-58.81,23.94,-9.36,-2.27,1.46,0.41,0.51,-0.6,0.46,365210,22622,T
421,-0.01,-0.03,0.02,-26.44,-58.81,23.94,-9.36,-2.27,1.46,0.41,0.51,-0.6,0.46,365252,22664,T
422,0,0,0.01,-26.44,-58.81,23.94,-9.36,-2.27,1.46,0.41,0.51,-0.6,0.46,365294,22706,T
423,0,0,0.01,-26.44,-58.81,23.94,-9.36,-2.23,1.5,0.41,0.51,-0.6,0.46,365337,22749,T
424,0,0,0.01,-26.44,-58.81,23.94,-9.36,-2.23,1.46,0.41,0.51,-0.6,0.46,365379,22791,T
425,0,0,0.01,-26.44,-58.81,23.94,-9.36,-2.23,1.46,0.41,0.51,-0.6,0.46,365419,22831,T
426,0,0,0.01,-26,-60,23.94,-9.36,-2.23,1.46,0.41,0.51,-0.6,0.46,365460,22872,T
427,0,-0.01,0.02,-26,-60,23.94,-9.36,-2.23,1.46,0.41,0.51,-0.6,0.46,365502,22914,T
428,0,0,0.02,-26,-60,23.94,-9.36,-2.23,1.46,0.41,0.51,-0.6,0.46,365544,22956,T
429,0,0,0.02,-26,-60,23.94,-9.39,-2.2,1.46,0.41,0.51,-0.6,0.46,365586,22998,T
430,0,0,0.02,-26,-60,23.94,-9.36,-2.2,1.5,0.41,0.51,-0.6,0.46,365628,23040,T
431,0,0,0.02,-26,-60,23.94,-9.39,-2.2,1.46,0.41,0.51,-0.6,0.46,365667,23079,T
432,-0.01,-0.01,0.02,-26,-60,23.94,-9.39,-2.2,1.46,0.41,0.51,-0.6,0.46,365709,23121,T
433,-0.01,-0.01,0.02,-26,-60,23.94,-9.39,-2.16,1.5,0.41,0.51,-0.6,0.46,365751,23163,T
434,-0.01,-0.01,0.01,-26,-60,23.94,-9.39,-2.16,1.5,0.41,0.51,-0.6,0.46,365793,23205,T
435,-0.01,-0.01,0.01,-26,-60,23.94,-9.39,-2.16,1.5,0.41,0.51,-0.6,0.46,365835,23247,T
436,-0.01,-0.01,0.01,-26,-60,23.94,-9.36,-2.16,1.54,0.41,0.51,-0.6,0.46,365877,23289,T
437,-0.01,-0.01,0.01,-26,-60,23.94,-9.36,-2.2,1.5,0.41,0.51,-0.6,0.46,365916,23328,T
438,-0.02,-0.03,0.03,-26,-60,23.94,-9.36,-2.2,1.5,0.41,0.51,-0.6,0.46,365958,23370,T
439,-0.02,-0.03,0.03,-26,-60,23.94,-9.32,-2.08,1.57,0.41,0.51,-0.6,0.46,365999,23411,T
440,-0.03,0.01,0,-26,-60,23.94,-9.32,-2.08,1.57,0.41,0.51,-0.6,0.46,366041,23453,T
441,-0.03,0.01,0,-26,-60,23.94,-9.32,-2.12,1.54,0.41,0.51,-0.6,0.46,366083,23495,T
442,-0.03,0.01,0,-26,-60,23.94,-9.32,-2.12,1.54,0.41,0.51,-0.6,0.46,366125,23537,T
443,-0.03,0.01,0,-26,-60,23.94,-9.32,-2.16,1.5,0.41,0.51,-0.6,0.46,366164,23576,T
444,-0.04,0.08,-0.05,-26,-60,23.94,-9.32,-2.16,1.5,0.41,0.51,-0.6,0.46,366206,23618,T
445,-0.04,0.08,-0.05,-26,-60,23.94,-9.36,-2.27,1.31,0.41,0.51,-0.6,0.46,366249,23661,T
446,-0.04,-0.02,0.06,-26,-60,23.94,-9.36,-2.27,1.31,0.41,0.51,-0.6,0.46,366291,23703,T
447,-0.04,-0.02,0.06,-26,-60,23.94,-9.28,-2.27,1.38,0.41,0.51,-0.6,0.46,366333,23745,T
448,-0.04,-0.02,0.06,-26,-60,23.94,-9.28,-2.43,1.31,0.41,0.51,-0.6,0.46,366376,23788,T
449,-0.04,-0.02,0.06,-26,-60,23.94,-9.16,-2.39,1.61,0.41,0.51,-0.6,0.46,366416,23828,T
450,1.15,-0.01,0.02,-26,-60,23.94,-9.16,-2.39,1.61,0.41,0.51,-0.6,0.46,366457,23869,T
451,1.15,-0.01,0.02,-26,-60,23.94,-9.24,-2.62,1.5,0.41,0.51,-0.6,0.46,366499,23911,T
452,2.36,0.13,-0.47,-26,-60,23.94,-9.24,-2.62,1.5,0.41,0.51,-0.6,0.46,366540,23952,T
453,2.36,0.13,-0.47,-26,-60,23.94,-9.13,-2.23,1.5,0.41,0.51,-0.6,0.46,366581,23993,T
454,2.36,0.13,-0.47,-26,-60,23.94,-8.63,-2.08,0.43,0.41,0.51,-0.6,0.46,366624,24036,T
455,2.36,0.13,-0.47,-26,-60,23.94,-9.43,-1.54,1.12,0.41,0.51,-0.6,0.46,366663,24075,T
456,2.21,0.81,-0.68,-26,-60,23.94,-9.43,-1.54,1.12,0.41,0.51,-0.6,0.46,366705,24117,T
457,2.21,0.81,-0.68,-26,-60,23.94,-9.63,0.29,3.14,0.41,0.51,-0.6,0.46,366747,24159,T
458,0.35,0.52,-0.23,-26,-60,23.94,-9.63,0.29,3.14,0.41,0.51,-0.6,0.46,366787,24199,T
459,0.35,0.52,-0.23,-26,-60,23.94,-9.39,-2.04,1.84,0.41,0.51,-0.6,0.46,366827,24239,T
460,0.35,0.52,-0.23,-26,-60,23.94,-9.51,-2.46,1.16,0.41,0.51,-0.6,0.46,366868,24280,T
461,0.35,0.52,-0.23,-26.5,-77.38,16.38,-9.51,-2.46,1.16,0.41,0.51,-0.6,0.46,366908,24320,T
462,-0.05,0.15,-0.07,-26.5,-77.38,16.38,-9.51,-2.46,1.16,0.41,0.51,-0.6,0.46,366948,24360,T
463,-0.05,0.15,-0.07,-26.5,-77.38,16.38,-9.63,-2.35,0.96,0.41,0.51,-0.6,0.46,366990,24402,T
464,-0.05,0.15,-0.07,-26.5,-77.38,16.38,-9.43,-2.31,1.23,0.41,0.51,-0.6,0.46,367033,24445,T
465,-0.05,0.15,-0.07,-26.5,-77.38,16.38,-9.55,-2.23,1.19,0.41,0.51,-0.6,0.46,367075,24487,T
466,-0.05,0.15,-0.07,-26.5,-77.38,16.38,-9.47,-2.16,1.35,0.41,0.51,-0.6,0.46,367115,24527,T
467,0.02,0.08,-0.06,-26.5,-77.38,16.38,-9.47,-2.16,1.35,0.41,0.51,-0.6,0.46,367157,24569,T
468,0.04,0.1,-0.08,-26.5,-77.38,16.38,-9.47,-2.16,1.35,0.41,0.51,-0.6,0.46,367198,24610,T
469,0.04,0.1,-0.08,-26.5,-77.38,16.38,-9.59,-2.35,1.19,0.41,0.51,-0.6,0.46,367238,24650,T
470,0.04,0.1,-0.08,-26.5,-77.38,16.38,-9.63,-2.31,1.12,0.41,0.51,-0.6,0.46,367280,24692,T
471,0.04,0.1,-0.08,-26.5,-77.38,16.38,-9.59,-2.54,0.89,0.41,0.51,-0.6,0.46,367322,24734,T
472,0.04,0.1,-0.08,-26.5,-77.38,16.38,-9.51,-2.43,1.23,0.41,0.51,-0.6,0.46,367361,24773,T
473,0.04,0.1,-0.08,-26.5,-77.38,16.38,-9.7,-2.5,0.89,0.41,0.51,-0.6,0.46,367404,24816,T
474,-0.1,-0.47,-0.22,-26.5,-77.38,16.38,-9.7,-2.5,0.89,0.41,0.51,-0.6,0.46,367444,24856,T
475,-0.1,-0.47,-0.22,-26.5,-77.38,16.38,-8.28,-7.9,-4.82,0.41,0.51,-0.6,0.46,367486,24898,T
476,-0.1,-0.47,-0.22,-26.5,-77.38,16.38,-10.35,-9.74,-10.3,0.41,0.51,-0.6,0.46,367529,24941,T
477,-0.1,-0.47,-0.22,-26.5,-77.38,16.38,-3.15,1.86,3.99,0.41,0.51,-0.6,0.46,367574,24986,T
478,-0.1,-0.47,-0.22,-26.5,-77.38,16.38,-14.07,-4.53,2.11,0.41,0.51,-0.6,0.46,367613,25025,T
479,-0.1,-0.47,-0.22,-26.5,-77.38,16.38,-6.68,-4.04,-1.57,0.41,0.51,-0.6,0.46,367656,25068,T
480,2.37,1.68,-1.04,-26.5,-77.38,16.38,-6.68,-4.04,-1.57,0.41,0.51,-0.6,0.46,367699,25111,W
481,2.37,1.68,-1.04,-26.5,-77.38,16.38,-10.39,0.18,4.56,0.41,0.51,-0.6,0.46,367742,25154,W
482,0.3,0.77,-0.82,-26.5,-77.38,16.38,-10.39,0.18,4.56,0.41,0.51,-0.6,0.46,367784,25196,W
483,0.3,0.77,-0.82,-26.5,-77.38,16.38,-10.54,3.36,4.91,0.41,0.51,-0.6,0.46,367825,25237,W
484,0.3,0.77,-0.82,-26.5,-77.38,16.38,-9.93,2.36,3.91,0.41,0.51,-0.6,0.46,367864,25276,W
485,-0.4,-0.15,-0.16,-26.5,-77.38,16.38,-9.93,2.36,3.91,0.41,0.51,-0.6,0.46,367905,25317,W
486,0.47,1.3,0.34,-26.5,-77.38,16.38,-9.93,2.36,3.91,0.41,0.51,-0.6,0.46,367947,25359,W
487,0.47,1.3,0.34,-26.5,-77.38,16.38,-10.77,-3.84,-0.64,0.41,0.51,-0.6,0.46,367987,25399,W
488,0.47,1.3,0.34,-26.5,-77.38,16.38,-9.47,-2.85,0.85,0.41,0.51,-0.6,0.46,368029,25441,W
489,0.47,1.3,0.34,-26.5,-77.38,16.38,-9.01,-3.11,0.73,0.41,0.51,-0.6,0.46,368070,25482,W
490,0.47,1.3,0.34,-26.5,-77.38,16.38,-9.24,-3.11,0.54,0.41,0.51,-0.6,0.46,368109,25521,W
491,0.13,0.06,-0.01,-26.5,-77.38,16.38,-9.24,-3.11,0.54,0.41,0.51,-0.6,0.46,368151,25563,W
492,0.12,0.01,0.01,-26.5,-77.38,16.38,-9.24,-3.11,0.54,0.41,0.51,-0.6,0.46,368193,25605,W
493,0.12,0.01,0.01,-26.5,-77.38,16.38,-9.01,-3.15,0.58,0.41,0.51,-0.6,0.46,368234,25646,W
494,0.12,0.01,0.01,-26.5,-77.38,16.38,-9.2,-3.08,0.54,0.41,0.51,-0.6,0.46,368276,25688,W
495,0.12,0.01,0.01,-26.5,-77.38,16.38,-9.59,-2.92,0.54,0.41,0.51,-0.6,0.46,368315,25727,W
496,0.18,-0.07,0.19,-26.5,-77.38,16.38,-9.59,-2.92,0.54,0.41,0.51,-0.6,0.46,368355,25767,W
497,-0.02,-0.04,0.1,-26.5,-77.38,16.38,-9.59,-2.92,0.54,0.41,0.51,-0.6,0.46,368396,25808,W
498,-0.02,-0.04,0.1,-26.5,-77.38,16.38,-9.32,-2.7,0.85,0.41,0.51,-0.6,0.46,368438,25850,W
499,-0.02,-0.04,0.1,-26.5,-77.38,16.38,-9.36,-2.66,0.77,0.41,0.51,-0.6,0.46,368480,25892,W
500,-0.02,-0.04,0.1,-26.5,-77.38,16.38,-9.36,-2.66,0.85,0.41,0.51,-0.6,0.46,368522,25934,W
501,-0.02,-0.04,0.1,-26.5,-77.38,16.38,-9.43,-2.62,0.77,0.41,0.51,-0.6,0.46,368562,25974,W
502,-0.12,-0.13,0.24,-26.5,-77.38,16.38,-9.43,-2.62,0.77,0.41,0.51,-0.6,0.46,368605,26017,W
503,-0.17,-0.32,0.47,-26.5,-77.38,16.38,-9.43,-2.62,0.77,0.41,0.51,-0.6,0.46,368646,26058,W
504,-0.17,-0.32,0.47,-26.5,-77.38,16.38,-9.89,-2.58,0.5,0.41,0.51,-0.6,0.46,368688,26100,W
505,-0.17,-0.32,0.47,-26.5,-77.38,16.38,-10.16,-2.35,1.16,0.41,0.51,-0.6,0.46,368729,26141,W
506,-0.17,-0.32,0.47,-26.5,-77.38,16.38,-10.27,-2.43,1.61,0.41,0.51,-0.6,0.46,368772,26184,W
507,-0.17,-0.32,0.47,-26.5,-77.38,16.38,-11.58,-3.04,1.77,0.41,0.51,-0.6,0.46,368813,26225,W
508,0.53,-1.85,4.78,-26.5,-77.38,16.38,-11.58,-3.04,1.77,0.41,0.51,-0.6,0.46,368855,26267,W
509,-0.33,-0.75,4.64,-26.5,-77.38,16.38,-11.58,-3.04,1.77,0.41,0.51,-0.6,0.46,368896,26308,W
510,-0.33,-0.75,4.64,-26.5,-77.38,16.38,-13.03,-13.46,-4.36,0.41,0.51,-0.6,0.46,368939,26351,W
511,-0.33,-0.75,4.64,-26.5,-77.38,16.38,-3.8,-7.56,-1.45,0.41,0.51,-0.6,0.46,368982,26394,W
512,-0.33,-0.75,4.64,-26.5,-77.38,16.38,-5.26,-6.52,-1.41,0.41,0.51,-0.6,0.46,369026,26438,W
513,-0.33,-0.75,4.64,-26.5,-77.38,16.38,-10.12,-1.16,2.5,0.41,0.51,-0.6,0.46,369065,26477,W
514,0.11,0.94,-3.06,-26.5,-77.38,16.38,-10.12,-1.16,2.5,0.41,0.51,-0.6,0.46,369107,26519,W
515,1.2,1.2,-2.79,-26.5,-77.38,16.38,-10.12,-1.16,2.5,0.41,0.51,-0.6,0.46,369148,26560,W
516,1.2,1.2,-2.79,-26.5,-77.38,16.38,-13.49,3.97,2.76,0.41,0.51,-0.6,0.46,369192,26604,W
517,1.2,1.2,-2.79,-26.5,-77.38,16.38,-11.65,2.36,3.07,0.41,0.51,-0.6,0.46,369232,26644,W
518,1.2,1.2,-2.79,-26.5,-77.38,16.38,-10.24,0.52,1.73,0.41,0.51,-0.6,0.46,369274,26686,W
519,1.2,1.2,-2.79,-26.5,-77.38,16.38,-10.12,-0.24,2.07,0.41,0.51,-0.6,0.46,369314,26726,W
520,-1.22,0.54,-1.66,-26.5,-77.38,16.38,-10.12,-0.24,2.07,0.41,0.51,-0.6,0.46,369355,26767,W
521,-0.73,0.45,-1.43,-26.5,-77.38,16.38,-10.12,-0.24,2.07,0.41,0.51,-0.6,0.46,369397,26809,W
522,-0.73,0.45,-1.43,-26.5,-77.38,16.38,-11.62,7.07,3.68,0.41,0.51,-0.6,0.46,369441,26853,W
523,-0.73,0.45,-1.43,-26.5,-77.38,16.38,-11.77,-3.57,2.27,0.41,0.51,-0.6,0.46,369482,26894,W
524,-0.73,0.45,-1.43,-26.5,-77.38,16.38,-10.24,-6.14,-4.82,0.41,0.51,-0.6,0.46,369525,26937,W
525,-0.73,0.45,-1.43,-26.5,-77.38,16.38,-11.16,-2.31,1.77,0.41,0.51,-0.6,0.46,369565,26977,W
526,-0.73,0.45,-1.43,91.38,-113.81,49.44,-11.16,-2.31,1.77,0.41,0.51,-0.6,0.46,369607,27019,W
527,0.08,-0.02,0.18,91.38,-113.81,49.44,-11.16,-2.31,1.77,0.41,0.51,-0.6,0.46,369651,27063,W
528,-0.09,0.13,0.1,91.38,-113.81,49.44,-11.16,-2.31,1.77,0.41,0.51,-0.6,0.46,369693,27105,W
529,-0.09,0.13,0.1,91.38,-113.81,49.44,-9.39,-2.66,1.04,0.41,0.51,-0.6,0.46,369735,27147,W
530,-0.09,0.13,0.1,91.38,-113.81,49.44,-9.63,-2.73,0.54,0.41,0.51,-0.6,0.46,369776,27188,W
531,-0.09,0.13,0.1,91.38,-113.81,49.44,-9.66,-2.66,0.73,0.41,0.51,-0.6,0.46,369816,27228,W
532,-0.09,0.13,0.1,89.31,-114.38,50.63,-9.66,-2.66,0.73,0.41,0.51,-0.6,0.46,369856,27268,W
533,-0.06,-0.02,0.09,89.31,-114.38,50.63,-9.66,-2.66,0.73,0.41,0.51,-0.6,0.46,369897,27309,W
534,-0.06,-0.02,0.09,89.31,-114.38,50.63,-9.78,-2.62,0.66,0.41,0.51,-0.6,0.46,369939,27351,W
535,-0.06,-0.02,0.09,89.31,-114.38,50.63,-9.93,-2.66,0.54,0.41,0.51,-0.6,0.46,369981,27393,W
536,-0.06,-0.02,0.09,89.31,-114.38,50.63,-9.89,-2.5,0.7,0.41,0.51,-0.6,0.46,370023,27435,W
537,-0.06,-0.02,0.09,89.31,-114.38,50.63,-9.89,-2.43,0.81,0.41,0.51,-0.6,0.46,370064,27476,W
538,-0.1,-0.23,0.41,89.31,-114.38,50.63,-9.89,-2.43,0.81,0.41,0.51,-0.6,0.46,370105,27517,W
539,-0.06,-0.08,0.75,89.31,-114.38,50.63,-9.89,-2.43,0.81,0.41,0.51,-0.6,0.46,370146,27558,W
540,-0.06,-0.08,0.75,89.31,-114.38,50.63,-9.85,-2.2,1,0.41,0.51,-0.6,0.46,370189,27601,W
541,-0.06,-0.08,0.75,89.31,-114.38,50.63,-9.97,-1.66,1.04,0.41,0.51,-0.6,0.46,370230,27642,W
542,-0.06,-0.08,0.75,89.31,-114.38,50.63,-10.54,-1.81,0.7,0.41,0.51,-0.6,0.46,370272,27684,W
543,-0.06,-0.08,0.75,89.31,-114.38,50.63,-12.04,-1.93,0.5,0.41,0.51,-0.6,0.46,370313,27725,W
544,0.57,-0.17,5.15,89.31,-114.38,50.63,-12.04,-1.93,0.5,0.41,0.51,-0.6,0.46,370355,27767,W
545,-1.35,1.88,5.5,89.31,-114.38,50.63,-12.04,-1.93,0.5,0.41,0.51,-0.6,0.46,370397,27809,W
546,-1.35,1.88,5.5,89.31,-114.38,50.63,-19.09,-12.73,-0.53,0.41,0.51,-0.6,0.46,370439,27851,W
547,-1.35,1.88,5.5,89.31,-114.38,50.63,-4.95,-8.32,-5.78,0.41,0.51,-0.6,0.46,370482,27894,W
548,-1.35,1.88,5.5,89.31,-114.38,50.63,-2.46,-5.22,-5.01,0.41,0.51,-0.6,0.46,370524,27936,W
549,-1.35,1.88,5.5,89.31,-114.38,50.63,-7.79,-2.5,-1.53,0.41,0.51,-0.6,0.46,370564,27976,W
550,-0.17,0.96,-3.7,89.31,-114.38,50.63,-7.79,-2.5,-1.53,0.41,0.51,-0.6,0.46,370606,28018,W
551,-0.04,1.13,-3.56,89.31,-114.38,50.63,-7.79,-2.5,-1.53,0.41,0.51,-0.6,0.46,370648,28060,W
552,-0.04,1.13,-3.56,89.31,-114.38,50.63,-13.61,1.52,0.35,0.41,0.51,-0.6,0.46,370692,28104,W
553,-0.04,1.13,-3.56,89.31,-114.38,50.63,-14.3,2.4,4.07,0.41,0.51,-0.6,0.46,370733,28145,W
554,-0.04,1.13,-3.56,89.31,-114.38,50.63,-17.02,3.59,5.33,0.41,0.51,-0.6,0.46,370776,28188,W
555,-0.04,1.13,-3.56,89.31,-114.38,50.63,-11.81,7.73,4.14,0.41,0.51,-0.6,0.46,370816,28228,W
556,-0.04,1.13,-3.56,148.25,-50.5,35.75,-11.81,7.73,4.14,0.41,0.51,-0.6,0.46,370856,28268,W
557,1.03,-0.5,2.87,148.25,-50.5,35.75,-11.81,7.73,4.14,0.41,0.51,-0.6,0.46,370897,28309,W
558,1.03,-0.5,2.87,148.25,-50.5,35.75,-15.41,-5.49,-0.19,0.41,0.51,-0.6,0.46,370940,28352,W
559,1.03,-0.5,2.87,148.25,-50.5,35.75,-11.58,-2.7,1.23,0.41,0.51,-0.6,0.46,370982,28394,W
560,1.03,-0.5,2.87,148.25,-50.5,35.75,-10.54,-2.58,0.73,0.41,0.51,-0.6,0.46,371023,28435,W
561,1.03,-0.5,2.87,148.25,-50.5,35.75,-9.13,-2.89,1.19,0.41,0.51,-0.6,0.46,371064,28476,W
562,0.47,-0.05,0.22,148.25,-50.5,35.75,-9.13,-2.89,1.19,0.41,0.51,-0.6,0.46,371104,28516,W
563,-0.03,-0.09,0.2,148.25,-50.5,35.75,-9.13,-2.89,1.19,0.41,0.51,-0.6,0.46,371145,28557,W
564,-0.03,-0.09,0.2,148.25,-50.5,35.75,-9.51,-2.54,1.23,0.41,0.51,-0.6,0.46,371188,28600,W
565,-0.03,-0.09,0.2,148.25,-50.5,35.75,-9.63,-2.31,1.27,0.41,0.51,-0.6,0.46,371230,28642,W
566,-0.03,-0.09,0.2,148.25,-50.5,35.75,-9.7,-2.27,1.19,0.41,0.51,-0.6,0.46,371272,28684,W
567,-0.03,-0.09,0.2,148.25,-50.5,35.75,-9.74,-2.23,1.16,0.41,0.51,-0.6,0.46,371313,28725,W
568,-0.05,-0.02,0.2,148.25,-50.5,35.75,-9.74,-2.23,1.16,0.41,0.51,-0.6,0.46,371354,28766,W
569,-0.05,-0.05,0.25,148.25,-50.5,35.75,-9.74,-2.23,1.16,0.41,0.51,-0.6,0.46,371396,28808,W
570,-0.05,-0.05,0.25,148.25,-50.5,35.75,-9.63,-2.08,1.23,0.41,0.51,-0.6,0.46,371438,28850,W
571,-0.05,-0.05,0.25,148.25,-50.5,35.75,-9.66,-2.04,1.08,0.41,0.51,-0.6,0.46,371480,28892,W
572,-0.05,-0.05,0.25,148.25,-50.5,35.75,-9.74,-1.93,1.04,0.41,0.51,-0.6,0.46,371522,28934,W
573,-0.05,-0.05,0.25,148.25,-50.5,35.75,-9.93,-1.89,1.19,0.41,0.51,-0.6,0.46,371563,28975,W
574,0.18,-0.38,1.94,148.25,-50.5,35.75,-9.93,-1.89,1.19,0.41,0.51,-0.6,0.46,371604,29016,W
575,0.2,-0.74,3.44,148.25,-50.5,35.75,-9.93,-1.89,1.19,0.41,0.51,-0.6,0.46,371645,29057,W
576,0.2,-0.74,3.44,148.25,-50.5,35.75,-17.48,-1.81,0.7,0.41,0.51,-0.6,0.46,371687,29099,W
577,0.2,-0.74,3.44,148.25,-50.5,35.75,-17.21,0.07,0.46,0.41,0.51,-0.6,0.46,371728,29140,W
578,0.2,-0.74,3.44,148.25,-50.5,35.75,-19.13,-12.35,-2.18,0.41,0.51,-0.6,0.46,371770,29182,W
579,0.2,-0.74,3.44,148.25,-50.5,35.75,-1,-6.29,-3.25,0.41,0.51,-0.6,0.46,371812,29224,W
580,0.11,1.15,-2.37,148.25,-50.5,35.75,-1,-6.29,-3.25,0.41,0.51,-0.6,0.46,371853,29265,W
581,0.92,2.06,-3.42,148.25,-50.5,35.75,-1,-6.29,-3.25,0.41,0.51,-0.6,0.46,371895,29307,W
582,0.92,2.06,-3.42,148.25,-50.5,35.75,-11.54,0.64,4.87,0.41,0.51,-0.6,0.46,371936,29348,W
583,0.92,2.06,-3.42,148.25,-50.5,35.75,-12.23,1.64,-0.45,0.41,0.51,-0.6,0.46,371977,29389,W
584,0.92,2.06,-3.42,148.25,-50.5,35.75,-12.38,2.67,0.62,0.41,0.51,-0.6,0.46,372019,29431,W
585,0.92,2.06,-3.42,148.25,-50.5,35.75,-15.56,3.28,3.8,0.41,0.51,-0.6,0.46,372059,29471,W
586,-0.93,0.56,-2.83,148.25,-50.5,35.75,-15.56,3.28,3.8,0.41,0.51,-0.6,0.46,372101,29513,W
587,-1.5,0.48,-1.41,148.25,-50.5,35.75,-15.56,3.28,3.8,0.41,0.51,-0.6,0.46,372143,29555,W
588,-1.5,0.48,-1.41,148.25,-50.5,35.75,-11.2,5.77,5.91,0.41,0.51,-0.6,0.46,372185,29597,W
589,-1.5,0.48,-1.41,148.25,-50.5,35.75,-5.79,8.95,4.41,0.41,0.51,-0.6,0.46,372226,29638,W
590,-1.5,0.48,-1.41,148.25,-50.5,35.75,-9.01,-3.5,2.84,0.41,0.51,-0.6,0.46,372267,29679,W
591,-1.5,0.48,-1.41,94.25,-20.56,37.69,-9.01,-3.5,2.84,0.41,0.51,-0.6,0.46,372307,29719,W
592,0.59,-0.26,0.34,94.25,-20.56,37.69,-9.01,-3.5,2.84,0.41,0.51,-0.6,0.46,372349,29761,W
593,0.5,-0.09,0.07,94.25,-20.56,37.69,-9.01,-3.5,2.84,0.41,0.51,-0.6,0.46,372389,29801,W
594,0.5,-0.09,0.07,94.25,-20.56,37.69,-9.39,-2.7,1.46,0.41,0.51,-0.6,0.46,372431,29843,W
595,0.5,-0.09,0.07,94.25,-20.56,37.69,-9.36,-2.85,1.23,0.41,0.51,-0.6,0.46,372472,29884,W
596,0.5,-0.09,0.07,94.25,-20.56,37.69,-9.78,-2.58,1.08,0.41,0.51,-0.6,0.46,372511,29923,W
597,0.02,-0.07,0.15,94.25,-20.56,37.69,-9.78,-2.58,1.08,0.41,0.51,-0.6,0.46,372553,29965,W
598,0.02,-0.07,0.15,94.25,-20.56,37.69,-9.43,-2.7,1.19,0.41,0.51,-0.6,0.46,372594,30006,W
599,-0.06,-0.01,0.35,94.25,-20.56,37.69,-9.43,-2.7,1.19,0.41,0.51,-0.6,0.46,372634,30046,W
600,-0.06,-0.01,0.35,94.25,-20.56,37.69,-9.66,-2.43,1.19,0.41,0.51,-0.6,0.46,372675,30087,W
601,-0.06,-0.01,0.35,94.25,-20.56,37.69,-9.7,-2.31,1.19,0.41,0.51,-0.6,0.46,372716,30128,W
602,-0.06,-0.01,0.35,100.19,-28.06,34.56,-9.7,-2.31,1.19,0.41,0.51,-0.6,0.46,372755,30167,W
603,-0.06,-0.34,0.81,100.19,-28.06,34.56,-9.7,-2.31,1.19,0.41,0.51,-0.6,0.46,372796,30208,W
604,-0.06,-0.34,0.81,100.19,-28.06,34.56,-9.89,-1.58,1.27,0.41,0.51,-0.6,0.46,372840,30252,W
605,0.22,-1.09,1.58,100.19,-28.06,34.56,-9.89,-1.58,1.27,0.41,0.51,-0.6,0.46,372882,30294,W
606,0.22,-1.09,1.58,100.19,-28.06,34.56,-13.11,-1.39,2.04,0.41,0.51,-0.6,0.46,372923,30335,W
607,0.22,-1.09,1.58,100.19,-28.06,34.56,-16.67,-1.85,0.81,0.41,0.51,-0.6,0.46,372963,30375,W
608,-1.59,-1.28,5.43,100.19,-28.06,34.56,-16.67,-1.85,0.81,0.41,0.51,-0.6,0.46,373004,30416,W
609,-1.65,0.19,0.14,100.19,-28.06,34.56,-16.67,-1.85,0.81,0.41,0.51,-0.6,0.46,373046,30458,W
610,-1.65,0.19,0.14,100.19,-28.06,34.56,-2.19,-4.34,2,0.41,0.51,-0.6,0.46,373088,30500,W
611,-1.65,0.19,0.14,100.19,-28.06,34.56,-5.18,-3.96,4.6,0.41,0.51,-0.6,0.46,373129,30541,W
612,-1.65,0.19,0.14,100.19,-28.06,34.56,-8.36,1.83,6.82,0.41,0.51,-0.6,0.46,373171,30583,W
613,-1.65,0.19,0.14,100.19,-28.06,34.56,-10.62,3.13,7.63,0.41,0.51,-0.6,0.46,373210,30622,W
614,-1.65,0.19,0.14,100.19,-28.06,34.56,-11.84,4.47,8.01,0.41,0.51,-0.6,0.46,373252,30664,W
615,-1.4,0.1,-0.87,100.19,-28.06,34.56,-11.84,4.47,8.01,0.41,0.51,-0.6,0.46,373293,30705,W
616,-1.4,0.1,-0.87,100.19,-28.06,34.56,-9.24,2.32,5.41,0.41,0.51,-0.6,0.46,373334,30746,W
617,-1.4,0.1,-0.87,100.19,-28.06,34.56,-9.13,0.75,4.87,0.41,0.51,-0.6,0.46,373376,30788,W
618,-1.4,0.1,-0.87,100.19,-28.06,34.56,-11.27,-3.61,4.18,0.41,0.51,-0.6,0.46,373416,30828,W
619,-1.4,0.1,-0.87,92.94,-48.94,31.75,-11.27,-3.61,4.18,0.41,0.51,-0.6,0.46,373457,30869,W
620,-1.4,0.1,-0.87,92.94,-48.94,31.75,-10.12,0.37,6.06,0.41,0.51,-0.6,0.46,373500,30912,W
621,-1.31,0.56,0.31,92.94,-48.94,31.75,-10.12,0.37,6.06,0.41,0.51,-0.6,0.46,373542,30954,W
622,-1.31,0.56,0.31,92.94,-48.94,31.75,-10.73,-4.72,-1.87,0.41,0.51,-0.6,0.46,373582,30994,W
623,-1.31,0.56,0.31,92.94,-48.94,31.75,-9.01,-2.39,2.42,0.41,0.51,-0.6,0.46,373624,31036,W
624,-1.31,0.56,0.31,92.94,-48.94,31.75,-9.05,-1.73,3.14,0.41,0.51,-0.6,0.46,373664,31076,W
625,-1.31,0.56,0.31,93.19,-54.69,37.06,-9.05,-1.73,3.14,0.41,0.51,-0.6,0.46,373703,31115,W
626,-1.31,0.56,0.31,93.19,-54.69,37.06,-9.93,-2.43,0.08,0.41,0.51,-0.6,0.46,373744,31156,W
627,-1.31,0.56,0.31,93.19,-54.69,37.06,-9.47,-2.31,1.16,0.41,0.51,-0.6,0.46,373784,31196,W
628,-1.31,0.56,0.31,93.19,-54.69,37.06,-9.66,-2.54,0.81,0.41,0.51,-0.6,0.46,373824,31236,W
629,-1.31,0.56,0.31,93.19,-54.69,37.06,-9.59,-2.54,0.89,0.41,0.51,-0.6,0.46,373864,31276,W
630,-1.31,0.56,0.31,92.5,-54.63,38.69,-9.59,-2.54,0.89,0.41,0.51,-0.6,0.46,373904,31316,W
631,-0.04,-0.04,0.07,92.5,-54.63,38.69,-9.59,-2.54,0.89,0.41,0.51,-0.6,0.46,373944,31356,W
632,-0.04,-0.04,0.07,92.5,-54.63,38.69,-9.63,-2.43,0.93,0.41,0.51,-0.6,0.46,373985,31397,W
633,-0.04,-0.04,0.07,92.5,-54.63,38.69,-9.59,-2.35,1,0.41,0.51,-0.6,0.46,374025,31437,W
634,-0.04,-0.04,0.07,92.5,-54.63,38.69,-9.59,-2.35,1,0.41,0.51,-0.6,0.46,374067,31479,W
635,-0.04,-0.04,0.07,92.5,-54.56,39.5,-9.59,-2.35,1,0.41,0.51,-0.6,0.46,374107,31519,W
636,-0.09,0.05,0.03,92.5,-54.56,39.5,-9.59,-2.35,1,0.41,0.51,-0.6,0.46,374148,31560,W
637,-0.09,0.05,0.03,92.5,-54.56,39.5,-9.74,-2.43,0.62,0.41,0.51,-0.6,0.46,374190,31602,W
638,-0.09,0.05,0.03,92.5,-54.56,39.5,-9.82,-2.16,0.66,0.41,0.51,-0.6,0.46,374231,31643,W
639,-0.09,0.05,0.03,92.5,-54.56,39.5,-10.58,4.01,4.87,0.41,0.51,-0.6,0.46,374272,31684,W
640,-0.09,0.05,0.03,92.5,-54.56,39.5,-10.81,0.95,0.58,0.41,0.51,-0.6,0.46,374311,31723,W
641,-4.13,-1.51,0.47,92.5,-54.56,39.5,-10.81,0.95,0.58,0.41,0.51,-0.6,0.46,374351,31763,W
642,-0.34,1.33,-0.24,92.5,-54.56,39.5,-10.81,0.95,0.58,0.41,0.51,-0.6,0.46,374392,31804,W
643,-0.34,1.33,-0.24,92.5,-54.56,39.5,-10.66,-2.73,-1.18,0.41,0.51,-0.6,0.46,374433,31845,T
644,-0.34,1.33,-0.24,92.5,-54.56,39.5,-8.82,-2.16,2.19,0.41,0.51,-0.6,0.46,374475,31887,T
645,-0.34,1.33,-0.24,92.5,-54.56,39.5,-9.66,-2.46,0.58,0.41,0.51,-0.6,0.46,374515,31927,T
646,-0.34,1.33,-0.24,92.5,-54.56,39.5,-9.59,-2.54,0.54,0.41,0.51,-0.6,0.46,374555,31967,T
647,-0.02,0.05,-0.01,92.5,-54.56,39.5,-9.59,-2.54,0.54,0.41,0.51,-0.6,0.46,374597,32009,T
648,-0.01,0.06,-0.03,92.5,-54.56,39.5,-9.59,-2.54,0.54,0.41,0.51,-0.6,0.46,374639,32051,T
649,-0.01,0.06,-0.03,92.5,-54.56,39.5,-9.39,-2.5,0.89,0.41,0.51,-0.6,0.46,374680,32092,T
650,-0.01,0.06,-0.03,92.5,-54.56,39.5,-9.36,-2.39,1.04,0.41,0.51,-0.6,0.46,374723,32135,T
651,-0.01,0.06,-0.03,92.5,-54.56,39.5,-9.39,-2.54,0.89,0.41,0.51,-0.6,0.46,374762,32174,T
652,0.04,-0.02,-0.02,92.5,-54.56,39.5,-9.39,-2.54,0.89,0.41,0.51,-0.6,0.46,374803,32215,T
653,0.04,-0.02,-0.02,92.5,-54.56,39.5,-9.43,-2.54,0.89,0.41,0.51,-0.6,0.46,374845,32257,T
654,0.03,-0.07,0,92.5,-54.56,39.5,-9.43,-2.54,0.89,0.41,0.51,-0.6,0.46,374886,32298,T
655,0.03,-0.07,0,92.5,-54.56,39.5,-9.32,-2.46,1.16,0.41,0.51,-0.6,0.46,374927,32339,T
656,0.03,-0.07,0,92.5,-54.56,39.5,-9.32,-2.43,1.19,0.41,0.51,-0.6,0.46,374969,32381,T
657,0.03,-0.07,0,92.5,-54.56,39.5,-9.39,-2.54,0.85,0.41,0.51,-0.6,0.46,375008,32420,T
658,0,0,0,92.5,-54.56,39.5,-9.39,-2.54,0.85,0.41,0.51,-0.6,0.46,375049,32461,T
659,0,0,0,92.5,-54.56,39.5,-9.36,-2.46,1.08,0.41,0.51,-0.6,0.46,375092,32504,T
660,0.01,-0.04,0.03,92.5,-54.56,39.5,-9.36,-2.46,1.08,0.41,0.51,-0.6,0.46,375133,32545,T
661,0.01,-0.04,0.03,92.5,-54.56,39.5,-9.36,-2.54,0.96,0.41,0.51,-0.6,0.46,375173,32585,T
662,0.01,-0.04,0.03,92.5,-54.56,39.5,-9.39,-2.54,0.85,0.41,0.51,-0.6,0.46,375212,32624,T
663,0.01,-0.06,0.04,92.5,-54.56,39.5,-9.39,-2.54,0.85,0.41,0.51,-0.6,0.46,375252,32664,T
664,0.01,-0.07,0.04,92.5,-54.56,39.5,-9.39,-2.54,0.85,0.41,0.51,-0.6,0.46,375292,32704,T
665,0.01,-0.07,0.04,92.5,-54.56,39.5,-9.39,-2.46,1.04,0.41,0.51,-0.6,0.46,375332,32744,T
666,0.01,-0.07,0.04,92.5,-54.56,39.5,-9.39,-2.46,1.12,0.41,0.51,-0.6,0.46,375373,32785,T
667,0.01,-0.07,0.04,92.5,-54.56,39.5,-9.43,-2.39,1.16,0.41,0.51,-0.6,0.46,375413,32825,T
668,0.01,-0.07,0.04,95.69,-68.81,31.88,-9.43,-2.39,1.16,0.41,0.51,-0.6,0.46,375453,32865,T
669,0.01,-0.02,0.02,95.69,-68.81,31.88,-9.43,-2.39,1.16,0.41,0.51,-0.6,0.46,375493,32905,T
670,0.01,-0.02,0.02,95.69,-68.81,31.88,-9.43,-2.43,1.12,0.41,0.51,-0.6,0.46,375533,32945,T
671,0.01,-0.02,0.02,95.69,-68.81,31.88,-9.43,-2.43,1.16,0.41,0.51,-0.6,0.46,375574,32986,T
672,0.01,-0.02,0.02,95.69,-68.81,31.88,-9.43,-2.43,1.16,0.41,0.51,-0.6,0.46,375613,33025,T
673,0.01,-0.02,0.02,94.94,-67.94,31.81,-9.43,-2.43,1.16,0.41,0.51,-0.6,0.46,375653,33065,T
674,0,-0.01,0.01,94.94,-67.94,31.81,-9.43,-2.43,1.16,0.41,0.51,-0.6,0.46,375694,33106,T
675,0,0.02,0,94.94,-67.94,31.81,-9.43,-2.43,1.16,0.41,0.51,-0.6,0.46,375734,33146,T
676,0,0.02,0,94.94,-67.94,31.81,-9.51,-2.43,1.04,0.41,0.51,-0.6,0.46,375774,33186,T
677,0,0.02,0,94.94,-67.94,31.81,-9.43,-2.43,1.16,0.41,0.51,-0.6,0.46,375814,33226,T
678,0,0.02,0,95.25,-67.63,33.06,-9.43,-2.43,1.16,0.41,0.51,-0.6,0.46,375853,33265,T
679,0,-0.04,0.04,95.25,-67.63,33.06,-9.43,-2.43,1.16,0.41,0.51,-0.6,0.46,375892,33304,T
680,0,-0.04,0.04,95.25,-67.63,33.06,-9.47,-2.31,1.19,0.41,0.51,-0.6,0.46,375933,33345,T
681,0,-0.04,0.04,95.25,-67.63,33.06,-9.51,-2.35,1.19,0.41,0.51,-0.6,0.46,375974,33386,T
682,0,-0.04,0.04,95.25,-67.63,33.06,-9.51,-2.27,1.23,0.41,0.51,-0.6,0.46,376015,33427,T
683,0,-0.04,0.04,94.25,-67.19,30.63,-9.51,-2.27,1.23,0.41,0.51,-0.6,0.46,376055,33467,T
684,0,-0.04,0.04,94.25,-67.19,30.63,-9.47,-2.31,1.27,0.41,0.51,-0.6,0.46,376097,33509,T
685,0,0.02,-0.03,94.25,-67.19,30.63,-9.47,-2.31,1.27,0.41,0.51,-0.6,0.46,376139,33551,T
686,0,0.02,-0.03,94.25,-67.19,30.63,-9.47,-2.31,1.19,0.41,0.51,-0.6,0.46,376180,33592,T
687,0,0.02,-0.03,94.25,-67.19,30.63,-9.47,-2.35,1.19,0.41,0.51,-0.6,0.46,376221,33633,T
688,0,0.02,-0.03,94.25,-67.19,30.63,-9.51,-2.35,1.16,0.41,0.51,-0.6,0.46,376260,33672,T
689,0,0.01,0,94.25,-67.19,30.63,-9.51,-2.35,1.16,0.41,0.51,-0.6,0.46,376301,33713,T
690,0,0.01,0,94.25,-67.19,30.63,-9.51,-2.31,1.19,0.41,0.51,-0.6,0.46,376342,33754,T
691,0,0.03,0,94.25,-67.19,30.63,-9.51,-2.31,1.19,0.41,0.51,-0.6,0.46,376382,33794,T
692,0,0.03,0,94.25,-67.19,30.63,-9.51,-2.35,1.19,0.41,0.51,-0.6,0.46,376423,33835,T
693,0,0.03,0,94.25,-67.19,30.63,-9.47,-2.35,1.16,0.41,0.51,-0.6,0.46,376463,33875,T
694,0,0.01,0.01,94.25,-67.19,30.63,-9.47,-2.35,1.16,0.41,0.51,-0.6,0.46,376504,33916,T
695,0,0,0.01,94.25,-67.19,30.63,-9.47,-2.35,1.16,0.41,0.51,-0.6,0.46,376544,33956,T
696,0,0,0.01,94.25,-67.19,30.63,-9.47,-2.31,1.19,0.41,0.51,-0.6,0.46,376584,33996,T
697,0,0,0.01,94.25,-67.19,30.63,-9.47,-2.31,1.19,0.41,0.51,-0.6,0.46,376626,34038,T
698,0,0,0.01,94.25,-67.19,30.63,-9.47,-2.27,1.19,0.41,0.51,-0.6,0.46,376667,34079,T
699,0,0,0.01,94.25,-67.19,30.63,-9.47,-2.31,1.19,0.41,0.51,-0.6,0.46,376707,34119,T
700,0,-0.04,0.03,94.25,-67.19,30.63,-9.47,-2.31,1.19,0.41,0.51,-0.6,0.46,376750,34162,T
701,0,-0.02,0.02,94.25,-67.19,30.63,-9.47,-2.31,1.19,0.41,0.51,-0.6,0.46,376791,34203,T
702,0,-0.02,0.02,94.25,-67.19,30.63,-9.47,-2.27,1.19,0.41,0.51,-0.6,0.46,376830,34242,T
703,0,-0.02,0.02,94.25,-67.19,30.63,-9.47,-2.27,1.23,0.41,0.51,-0.6,0.46,376871,34283,T
704,0,-0.02,0.02,94.25,-67.19,30.63,-9.43,-2.23,1.27,0.41,0.51,-0.6,0.46,376910,34322,T
705,0.01,0.02,-0.03,94.25,-67.19,30.63,-9.43,-2.23,1.27,0.41,0.51,-0.6,0.46,376950,34362,T
706,0.01,0.11,-0.1,94.25,-67.19,30.63,-9.43,-2.27,1.23,0.41,0.51,-0.6,0.46,377032,34444,T
707,0.01,0.11,-0.1,94.25,-67.19,30.63,-9.39,-2.31,1.23,0.41,0.51,-0.6,0.46,377073,34485,T
708,0.01,0.11,-0.1,94.25,-67.19,30.63,-9.43,-2.43,1.08,0.41,0.51,-0.6,0.46,377113,34525,T
709,0.01,0.11,-0.1,95.25,-68,31.44,-9.43,-2.43,1.08,0.41,0.51,-0.6,0.46,377152,34564,T
710,0.01,0.11,-0.1,95.25,-68,31.44,-9.39,-2.35,1.16,0.41,0.51,-0.6,0.46,377192,34604,T
711,-0.01,0.21,-0.12,95.25,-68,31.44,-9.39,-2.35,1.16,0.41,0.51,-0.6,0.46,377233,34645,T
712,-0.01,0.21,-0.12,95.25,-68,31.44,-9.36,-2.5,0.96,0.41,0.51,-0.6,0.46,377273,34685,T
713,-0.01,0.21,-0.12,95.25,-68,31.44,-9.39,-2.66,0.62,0.41,0.51,-0.6,0.46,377314,34726,T
714,-0.01,0.21,-0.12,94.5,-66.88,33.88,-9.39,-2.66,0.62,0.41,0.51,-0.6,0.46,377354,34766,T
715,0,0.04,-0.03,94.5,-66.88,33.88,-9.39,-2.66,0.62,0.41,0.51,-0.6,0.46,377396,34808,T
716,0,0.04,-0.03,94.5,-66.88,33.88,-9.36,-2.58,0.77,0.41,0.51,-0.6,0.46,377438,34850,T
717,-0.01,0.02,-0.01,94.5,-66.88,33.88,-9.36,-2.58,0.77,0.41,0.51,-0.6,0.46,377480,34892,T
718,-0.01,0.02,-0.01,94.5,-66.88,33.88,-9.36,-2.62,0.58,0.41,0.51,-0.6,0.46,377521,34933,T
719,-0.01,0.02,-0.01,94.5,-66.88,33.88,-9.36,-2.66,0.62,0.41,0.51,-0.6,0.46,377561,34973,T
720,0.07,-0.13,0.02,94.5,-66.88,33.88,-9.36,-2.66,0.62,0.41,0.51,-0.6,0.46,377602,35014,T
721,0.07,-0.09,0.01,94.5,-66.88,33.88,-9.36,-2.66,0.62,0.41,0.51,-0.6,0.46,377641,35053,T
722,0.07,-0.09,0.01,94.5,-66.88,33.88,-9.43,-2.58,0.89,0.41,0.51,-0.6,0.46,377681,35093,T
723,0.07,-0.09,0.01,94.5,-66.88,33.88,-9.51,-2.54,0.93,0.41,0.51,-0.6,0.46,377722,35134,T
724,0.07,-0.09,0.01,94.5,-66.88,33.88,-9.51,-2.5,0.96,0.41,0.51,-0.6,0.46,377762,35174,T
725,0.07,-0.09,0.01,94.56,-67.94,32.63,-9.51,-2.5,0.96,0.41,0.51,-0.6,0.46,377802,35214,T
726,0.07,-0.09,0.01,94.56,-67.94,32.63,-9.51,-2.54,0.89,0.41,0.51,-0.6,0.46,377842,35254,T
727,-0.05,0.04,0.02,94.56,-67.94,32.63,-9.51,-2.54,0.89,0.41,0.51,-0.6,0.46,377882,35294,T
728,-0.05,0.04,0.02,94.56,-67.94,32.63,-9.43,-2.5,0.93,0.41,0.51,-0.6,0.46,377922,35334,T
729,-0.05,0.04,0.02,94.56,-67.94,32.63,-9.43,-2.5,0.81,0.41,0.51,-0.6,0.46,377962,35374,T
730,-0.05,0.04,0.02,95.31,-69.19,33.44,-9.43,-2.5,0.81,0.41,0.51,-0.6,0.46,378002,35414,T
731,-0.33,0.21,-0.05,95.31,-69.19,33.44,-9.43,-2.5,0.81,0.41,0.51,-0.6,0.46,378042,35454,T
732,-0.33,0.21,-0.05,95.31,-69.19,33.44,-11.31,2.13,5.02,0.41,0.51,-0.6,0.46,378083,35495,T
733,-0.33,0.21,-0.05,95.31,-69.19,33.44,-12.19,7.34,9.24,0.41,0.51,-0.6,0.46,378124,35536,T
734,-0.33,0.21,-0.05,95.31,-69.19,33.44,-11.54,4.16,1.46,0.41,0.51,-0.6,0.46,378166,35578,T
735,-0.33,0.21,-0.05,95.31,-69.19,33.44,-8.55,-0.78,-3.37,0.41,0.51,-0.6,0.46,378206,35618,T
736,-3.97,-1.71,0.83,95.31,-69.19,33.44,-8.55,-0.78,-3.37,0.41,0.51,-0.6,0.46,378249,35661,T
737,-2.34,-0.91,0.76,95.31,-69.19,33.44,-8.55,-0.78,-3.37,0.41,0.51,-0.6,0.46,378290,35702,T
738,-2.34,-0.91,0.76,95.31,-69.19,33.44,-9.16,-4.27,0.81,0.41,0.51,-0.6,0.46,378332,35744,T
739,-2.34,-0.91,0.76,95.31,-69.19,33.44,-8.89,-4.3,0.23,0.41,0.51,-0.6,0.46,378373,35785,T
740,-2.34,-0.91,0.76,95.31,-69.19,33.44,-8.82,-4.11,-0.3,0.41,0.51,-0.6,0.46,378413,35825,T
741,-2.34,-0.91,0.76,86.56,-67.75,-2.75,-8.82,-4.11,-0.3,0.41,0.51,-0.6,0.46,378452,35864,T
742,-1.44,-0.43,0.09,86.56,-67.75,-2.75,-8.82,-4.11,-0.3,0.41,0.51,-0.6,0.46,378496,35908,T
743,-1.44,-0.43,0.09,86.56,-67.75,-2.75,-8.93,-1.35,0.35,0.41,0.51,-0.6,0.46,378539,35951,T
744,-1.44,-0.43,0.09,86.56,-67.75,-2.75,-9.09,-4.23,0,0.41,0.51,-0.6,0.46,378578,35990,T
745,-1.44,-0.43,0.09,86.56,-67.75,-2.75,-9.13,-5.22,-1.38,0.41,0.51,-0.6,0.46,378619,36031,T
746,-1.44,-0.43,0.09,86.56,-67.75,-2.75,-11.77,-2.46,1.12,0.41,0.51,-0.6,0.46,378660,36072,T
747,0.13,0.08,0.05,86.56,-67.75,-2.75,-11.77,-2.46,1.12,0.41,0.51,-0.6,0.46,378701,36113,T
748,0.14,0.1,-0.08,86.56,-67.75,-2.75,-11.77,-2.46,1.12,0.41,0.51,-0.6,0.46,378741,36153,T
749,0.14,0.1,-0.08,86.56,-67.75,-2.75,-8.78,-2.7,1.61,0.41,0.51,-0.6,0.46,378783,36195,T
750,0.14,0.1,-0.08,86.56,-67.75,-2.75,-9.93,-2.89,-0.03,0.41,0.51,-0.6,0.46,378823,36235,T
751,0.14,0.1,-0.08,86.56,-67.75,-2.75,-9.24,-2.81,0.77,0.41,0.51,-0.6,0.46,378864,36276,T
752,0.14,0.1,-0.08,86.56,-67.75,-2.75,-9.24,-2.89,0.62,0.41,0.51,-0.6,0.46,378903,36315,T
753,0,0.05,-0.07,86.56,-67.75,-2.75,-9.24,-2.89,0.62,0.41,0.51,-0.6,0.46,378944,36356,T
754,0.02,0.01,0.05,86.56,-67.75,-2.75,-9.24,-2.89,0.62,0.41,0.51,-0.6,0.46,378985,36397,T
755,0.02,0.01,0.05,86.56,-67.75,-2.75,-9.28,-3.04,0.43,0.41,0.51,-0.6,0.46,379025,36437,T
756,0.02,0.01,0.05,86.56,-67.75,-2.75,-9.32,-2.81,0.73,0.41,0.51,-0.6,0.46,379067,36479,T
757,0.02,0.01,0.05,86.56,-67.75,-2.75,-9.32,-2.73,0.77,0.41,0.51,-0.6,0.46,379105,36517,T
758,-0.07,0,0.13,86.56,-67.75,-2.75,-9.32,-2.73,0.77,0.41,0.51,-0.6,0.46,379146,36558,T
759,-0.07,0,0.13,86.56,-67.75,-2.75,-9.51,-2.7,0.58,0.41,0.51,-0.6,0.46,379188,36600,W
760,-0.04,-0.06,0.11,86.56,-67.75,-2.75,-9.51,-2.7,0.58,0.41,0.51,-0.6,0.46,379230,36642,W
761,-0.04,-0.06,0.11,86.56,-67.75,-2.75,-9.47,-2.62,0.77,0.41,0.51,-0.6,0.46,379271,36683,W
762,-0.04,-0.06,0.11,86.56,-67.75,-2.75,-9.55,-2.62,0.7,0.41,0.51,-0.6,0.46,379310,36722,W
763,-0.09,-0.11,0.18,86.56,-67.75,-2.75,-9.55,-2.62,0.7,0.41,0.51,-0.6,0.46,379351,36763,W
764,-0.11,-0.24,0.29,86.56,-67.75,-2.75,-9.55,-2.62,0.7,0.41,0.51,-0.6,0.46,379392,36804,W
765,-0.11,-0.24,0.29,86.56,-67.75,-2.75,-9.66,-2.54,0.77,0.41,0.51,-0.6,0.46,379432,36844,W
766,-0.11,-0.24,0.29,86.56,-67.75,-2.75,-9.78,-2.46,0.73,0.41,0.51,-0.6,0.46,379473,36885,W
767,-0.11,-0.24,0.29,86.56,-67.75,-2.75,-10.24,-2.62,1.42,0.41,0.51,-0.6,0.46,379515,36927,W
768,-0.11,-0.24,0.29,86.56,-67.75,-2.75,-11,-2.85,1.65,0.41,0.51,-0.6,0.46,379555,36967,W
769,-0.11,-0.24,0.29,86.56,-67.75,-2.75,-13.03,-2.96,1.16,0.41,0.51,-0.6,0.46,379598,37010,W
770,0.25,-2,5.62,86.56,-67.75,-2.75,-13.03,-2.96,1.16,0.41,0.51,-0.6,0.46,379640,37052,W
771,0.25,-2,5.62,86.56,-67.75,-2.75,-16.02,-3.3,2.11,0.41,0.51,-0.6,0.46,379680,37092,W
772,0.25,-2,5.62,86.56,-67.75,-2.75,-13.22,-12.39,-0.72,0.41,0.51,-0.6,0.46,379722,37134,W
773,0.25,-2,5.62,86.56,-67.75,-2.75,-5.29,-8.82,-1.38,0.41,0.51,-0.6,0.46,379764,37176,W
774,0.25,-2,5.62,75.5,-89.5,-17.94,-5.29,-8.82,-1.38,0.41,0.51,-0.6,0.46,379804,37216,W
775,0.25,-2,5.62,75.5,-89.5,-17.94,-7.71,-2.23,3.3,0.41,0.51,-0.6,0.46,379847,37259,W
776,-0.65,1.08,-3.77,75.5,-89.5,-17.94,-7.71,-2.23,3.3,0.41,0.51,-0.6,0.46,379889,37301,W
777,-0.65,1.08,-3.77,75.5,-89.5,-17.94,-14.64,0.68,1.04,0.41,0.51,-0.6,0.46,379930,37342,W
778,-0.65,1.08,-3.77,75.5,-89.5,-17.94,-15.02,2.09,1.96,0.41,0.51,-0.6,0.46,379971,37383,W
779,-0.65,1.08,-3.77,75.5,-89.5,-17.94,-15.45,3.21,3.64,0.41,0.51,-0.6,0.46,380013,37425,W
780,-0.65,1.08,-3.77,96.94,-25,-21.06,-15.45,3.21,3.64,0.41,0.51,-0.6,0.46,380054,37466,W
781,-0.65,1.08,-3.77,96.94,-25,-21.06,-12.38,1.56,4.87,0.41,0.51,-0.6,0.46,380097,37509,W
782,-0.41,0.37,-0.95,96.94,-25,-21.06,-12.38,1.56,4.87,0.41,0.51,-0.6,0.46,380139,37551,W
783,-0.41,0.37,-0.95,96.94,-25,-21.06,-9.51,5.12,4.26,0.41,0.51,-0.6,0.46,380180,37592,W
784,-0.41,0.37,-0.95,96.94,-25,-21.06,-4.41,8.07,3.84,0.41,0.51,-0.6,0.46,380221,37633,W
785,-0.41,0.37,-0.95,96.94,-25,-21.06,-15.71,-6.98,-2.41,0.41,0.51,-0.6,0.46,380261,37673,W
786,-0.41,0.37,-0.95,96.94,-25,-21.06,-15.71,-6.98,-2.41,-0.1,0.68,-0.19,0.7,380303,37715,W
787,-0.41,0.37,-0.95,96.94,-25,-21.06,-11.62,-2.81,-0.03,-0.1,0.68,-0.19,0.7,380348,37760,W
788,0.3,0.13,0.19,96.94,-25,-21.06,-11.62,-2.81,-0.03,-0.1,0.68,-0.19,0.7,380391,37803,W
789,0.3,0.13,0.19,96.94,-25,-21.06,-9.85,-2.85,0.77,-0.1,0.68,-0.19,0.7,380433,37845,W
790,0.3,0.13,0.19,96.94,-25,-21.06,-9.59,-2.96,0.46,-0.1,0.68,-0.19,0.7,380474,37886,W
791,0.3,0.13,0.19,96.94,-25,-21.06,-9.47,-2.89,0.62,-0.1,0.68,-0.19,0.7,380516,37928,W
792,0.3,0.13,0.19,96.94,-25,-21.06,-9.51,-2.77,0.73,-0.1,0.68,-0.19,0.7,380556,37968,W
793,-0.02,-0.14,0.17,96.94,-25,-21.06,-9.51,-2.77,0.73,-0.1,0.68,-0.19,0.7,380598,38010,W
794,-0.05,-0.02,0.12,96.94,-25,-21.06,-9.51,-2.77,0.73,-0.1,0.68,-0.19,0.7,380640,38052,W
795,-0.05,-0.02,0.12,96.94,-25,-21.06,-9.55,-2.62,0.96,-0.1,0.68,-0.19,0.7,380682,38094,W
796,-0.05,-0.02,0.12,96.94,-25,-21.06,-9.59,-2.58,0.93,-0.1,0.68,-0.19,0.7,380725,38137,W
797,-0.05,-0.02,0.12,96.94,-25,-21.06,-9.63,-2.54,0.93,-0.1,0.68,-0.19,0.7,380768,38180,W
798,-0.05,-0.02,0.12,96.94,-25,-21.06,-9.63,-2.54,0.89,-0.1,0.68,-0.19,0.7,380808,38220,W
799,-0.1,-0.04,0.21,96.94,-25,-21.06,-9.63,-2.54,0.89,-0.1,0.68,-0.19,0.7,380851,38263,W
800,-0.08,-0.16,0.49,96.94,-25,-21.06,-9.63,-2.54,0.89,-0.1,0.68,-0.19,0.7,380893,38305,W
801,-0.08,-0.16,0.49,96.94,-25,-21.06,-9.97,-2.66,0.58,-0.1,0.68,-0.19,0.7,380935,38347,W
802,-0.08,-0.16,0.49,96.94,-25,-21.06,-10.39,-2.62,0.73,-0.1,0.68,-0.19,0.7,380977,38389,W
803,-0.08,-0.16,0.49,96.94,-25,-21.06,-12.54,-3.42,1.8,-0.1,0.68,-0.19,0.7,381020,38432,W
804,-0.08,-0.16,0.49,96.94,-25,-21.06,-16.18,-4.3,1.5,-0.1,0.68,-0.19,0.7,381061,38473,W
805,0.7,-1.75,6.14,96.94,-25,-21.06,-16.18,-4.3,1.5,-0.1,0.68,-0.19,0.7,381106,38518,W
806,0.36,-0.88,-0.4,96.94,-25,-21.06,-16.18,-4.3,1.5,-0.1,0.68,-0.19,0.7,381148,38560,W
807,0.52,0.67,-3.13,96.94,-25,-21.06,-0.89,-5.8,0.12,-0.1,0.68,-0.19,0.7,381232,38644,W
808,0.52,0.67,-3.13,96.94,-25,-21.06,-8.32,-1.28,2.15,-0.1,0.68,-0.19,0.7,381273,38685,W
809,0.52,0.67,-3.13,96.94,-25,-21.06,-11.08,-0.86,2.3,-0.1,0.68,-0.19,0.7,381317,38729,W
810,0.52,0.67,-3.13,96.94,-25,-21.06,-13.88,1.71,2.11,-0.1,0.68,-0.19,0.7,381357,38769,W
811,-0.4,1.17,-3.29,96.94,-25,-21.06,-13.88,1.71,2.11,-0.1,0.68,-0.19,0.7,381399,38811,W
812,-0.4,1.17,-3.29,96.94,-25,-21.06,-14.03,1.71,3.88,-0.1,0.68,-0.19,0.7,381441,38853,W
813,-1.62,0.64,-2.15,96.94,-25,-21.06,-14.03,1.71,3.88,-0.1,0.68,-0.19,0.7,381483,38895,W
814,-1.62,0.64,-2.15,96.94,-25,-21.06,-11.43,2.25,2.92,-0.1,0.68,-0.19,0.7,381526,38938,W
815,-1.62,0.64,-2.15,96.94,-25,-21.06,-11.58,3.78,3.22,-0.1,0.68,-0.19,0.7,381569,38981,W
816,-1.62,0.64,-2.15,96.94,-25,-21.06,-7.36,9.45,3.61,-0.1,0.68,-0.19,0.7,381609,39021,W
817,1.06,0.62,3.01,96.94,-25,-21.06,-7.36,9.45,3.61,-0.1,0.68,-0.19,0.7,381650,39062,W
818,1.06,0.62,3.01,96.94,-25,-21.06,-10.81,-5.11,-1.18,-0.1,0.68,-0.19,0.7,381691,39103,W
819,0.68,-0.13,0.33,96.94,-25,-21.06,-10.81,-5.11,-1.18,-0.1,0.68,-0.19,0.7,381734,39146,W
820,0.68,-0.13,0.33,96.94,-25,-21.06,-9.51,-2.77,1.04,-0.1,0.68,-0.19,0.7,381777,39189,W
821,0.68,-0.13,0.33,96.94,-25,-21.06,-9.47,-2.58,1.46,-0.1,0.68,-0.19,0.7,381819,39231,W
822,0.68,-0.13,0.33,96.94,-25,-21.06,-9.47,-2.7,0.96,-0.1,0.68,-0.19,0.7,381860,39272,W
823,0.68,-0.13,0.33,48.69,2.56,-1,-9.47,-2.7,0.96,-0.1,0.68,-0.19,0.7,381900,39312,W
824,0.68,-0.13,0.33,48.69,2.56,-1,-9.39,-2.62,1.16,-0.1,0.68,-0.19,0.7,381941,39353,W
825,-0.07,0.02,0.13,48.69,2.56,-1,-9.39,-2.62,1.16,-0.1,0.68,-0.19,0.7,381981,39393,W
826,-0.07,0.02,0.13,48.69,2.56,-1,-9.59,-2.54,0.89,-0.1,0.68,-0.19,0.7,382020,39432,W
827,-0.07,0.02,0.13,48.69,2.56,-1,-9.66,-2.5,0.93,-0.1,0.68,-0.19,0.7,382060,39472,W
828,-0.07,0.02,0.13,49.44,1.81,0.19,-9.66,-2.5,0.93,-0.1,0.68,-0.19,0.7,382099,39511,W
829,-0.06,0.01,0.19,49.44,1.81,0.19,-9.66,-2.5,0.93,-0.1,0.68,-0.19,0.7,382138,39550,W
830,-0.06,0.01,0.19,49.44,1.81,0.19,-9.66,-2.27,0.96,-0.1,0.68,-0.19,0.7,382178,39590,W
831,-0.06,0.01,0.19,49.44,1.81,0.19,-9.7,-2.27,0.89,-0.1,0.68,-0.19,0.7,382219,39631,W
832,-0.06,0.01,0.19,49.44,1.81,0.19,-9.85,-2.31,0.58,-0.1,0.68,-0.19,0.7,382257,39669,W
833,-0.09,-0.37,0.74,49.44,1.81,0.19,-9.85,-2.31,0.58,-0.1,0.68,-0.19,0.7,382297,39709,W
834,0.1,-0.67,1.41,49.44,1.81,0.19,-9.85,-2.31,0.58,-0.1,0.68,-0.19,0.7,382337,39749,W
835,0.1,-0.67,1.41,49.44,1.81,0.19,-11,-2.85,1.27,-0.1,0.68,-0.19,0.7,382375,39787,W
836,0.1,-0.67,1.41,49.44,1.81,0.19,-16.29,-2.7,1.19,-0.1,0.68,-0.19,0.7,382416,39828,W
837,0.1,-0.67,1.41,49.44,1.81,0.19,-18.01,-0.36,1.84,-0.1,0.68,-0.19,0.7,382454,39866,W
838,-1.74,0.94,4.69,49.44,1.81,0.19,-18.01,-0.36,1.84,-0.1,0.68,-0.19,0.7,382495,39907,W
839,-1.74,0.94,4.69,49.44,1.81,0.19,-16.06,-14.64,-2.95,-0.1,0.68,-0.19,0.7,382536,39948,W
840,-0.3,0.64,-2.34,49.44,1.81,0.19,-16.06,-14.64,-2.95,-0.1,0.68,-0.19,0.7,382577,39989,W
841,-0.3,0.64,-2.34,49.44,1.81,0.19,-7.25,-5.57,-0.99,-0.1,0.68,-0.19,0.7,382619,40031,W
842,-0.3,0.64,-2.34,49.44,1.81,0.19,-7.82,-0.78,1.77,-0.1,0.68,-0.19,0.7,382658,40070,W
843,-0.3,0.97,-3.7,49.44,1.81,0.19,-7.82,-0.78,1.77,-0.1,0.68,-0.19,0.7,382698,40110,W
844,0.07,1.24,-3.78,49.44,1.81,0.19,-7.82,-0.78,1.77,-0.1,0.68,-0.19,0.7,382738,40150,W
845,0.07,1.24,-3.78,49.44,1.81,0.19,-15.02,3.4,2.42,-0.1,0.68,-0.19,0.7,382777,40189,W
846,0.07,1.24,-3.78,49.44,1.81,0.19,-14.53,3.47,2.57,-0.1,0.68,-0.19,0.7,382818,40230,W
847,0.07,1.24,-3.78,49.44,1.81,0.19,-12.84,5.81,4.83,-0.1,0.68,-0.19,0.7,382856,40268,W
848,-1.34,0.39,-1.74,49.44,1.81,0.19,-12.84,5.81,4.83,-0.1,0.68,-0.19,0.7,382896,40308,W
849,-1.34,0.39,-1.74,49.44,1.81,0.19,-9.59,4.47,3.34,-0.1,0.68,-0.19,0.7,382937,40349,W
850,1.83,-0.47,2.79,49.44,1.81,0.19,-9.59,4.47,3.34,-0.1,0.68,-0.19,0.7,382977,40389,W
851,1.83,-0.47,2.79,49.44,1.81,0.19,-14.72,-4.07,3.41,-0.1,0.68,-0.19,0.7,383016,40428,W
852,1.83,-0.47,2.79,49.44,1.81,0.19,-12.23,-2.85,2.34,-0.1,0.68,-0.19,0.7,383054,40466,W
853,0.52,0.29,0.79,49.44,1.81,0.19,-12.23,-2.85,2.34,-0.1,0.68,-0.19,0.7,383096,40508,W
854,0.46,-0.15,0.27,49.44,1.81,0.19,-12.23,-2.85,2.34,-0.1,0.68,-0.19,0.7,383136,40548,W
855,0.46,-0.15,0.27,49.44,1.81,0.19,-9.32,-2.77,1.16,-0.1,0.68,-0.19,0.7,383176,40588,W
856,0.46,-0.15,0.27,49.44,1.81,0.19,-9.89,-2.66,0.73,-0.1,0.68,-0.19,0.7,383216,40628,W
857,0.46,-0.15,0.27,49.44,1.81,0.19,-9.43,-2.77,0.77,-0.1,0.68,-0.19,0.7,383255,40667,W
858,-0.05,0.06,0.12,49.44,1.81,0.19,-9.43,-2.77,0.77,-0.1,0.68,-0.19,0.7,383294,40706,W
859,-0.06,-0.01,0.13,49.44,1.81,0.19,-9.43,-2.77,0.77,-0.1,0.68,-0.19,0.7,383334,40746,W
860,-0.06,-0.01,0.13,49.44,1.81,0.19,-9.43,-2.66,0.85,-0.1,0.68,-0.19,0.7,383376,40788,W
861,-0.06,-0.01,0.13,49.44,1.81,0.19,-9.59,-2.54,0.77,-0.1,0.68,-0.19,0.7,383416,40828,W
862,-0.06,-0.01,0.13,49.44,1.81,0.19,-9.55,-2.46,0.81,-0.1,0.68,-0.19,0.7,383455,40867,W
863,-0.09,-0.03,0.16,49.44,1.81,0.19,-9.55,-2.46,0.81,-0.1,0.68,-0.19,0.7,383495,40907,W
864,-0.09,-0.03,0.16,49.44,1.81,0.19,-9.59,-2.43,0.81,-0.1,0.68,-0.19,0.7,383537,40949,W
865,-0.11,-0.14,0.3,49.44,1.81,0.19,-9.59,-2.43,0.81,-0.1,0.68,-0.19,0.7,383577,40989,W
866,-0.11,-0.14,0.3,49.44,1.81,0.19,-9.66,-2.39,0.73,-0.1,0.68,-0.19,0.7,383617,41029,W
867,-0.11,-0.14,0.3,49.44,1.81,0.19,-9.82,-2.46,0.46,-0.1,0.68,-0.19,0.7,383655,41067,W
868,0.03,-0.48,0.98,49.44,1.81,0.19,-9.82,-2.46,0.46,-0.1,0.68,-0.19,0.7,383695,41107,W
869,0.29,-0.95,1.98,49.44,1.81,0.19,-9.82,-2.46,0.46,-0.1,0.68,-0.19,0.7,383735,41147,W
870,0.29,-0.95,1.98,49.44,1.81,0.19,-13.26,-3.84,1.57,-0.1,0.68,-0.19,0.7,383774,41186,W
871,0.29,-0.95,1.98,49.44,1.81,0.19,-16.06,-3.65,2.11,-0.1,0.68,-0.19,0.7,383815,41227,W
872,0.29,-0.95,1.98,49.44,1.81,0.19,-20.23,-0.93,2.95,-0.1,0.68,-0.19,0.7,383853,41265,W
873,1.57,-1.02,-1.11,49.44,1.81,0.19,-20.23,-0.93,2.95,-0.1,0.68,-0.19,0.7,383894,41306,W
874,1.57,-1.02,-1.11,49.44,1.81,0.19,-2.96,-4.99,0.27,-0.1,0.68,-0.19,0.7,383935,41347,W
875,1.57,-1.02,-1.11,49.44,1.81,0.19,-6.75,-6.95,-1.61,-0.1,0.68,-0.19,0.7,383975,41387,W
876,1.57,-1.02,-1.11,49.44,1.81,0.19,-9.78,-1.93,-1.18,-0.1,0.68,-0.19,0.7,384016,41428,W
877,1.57,-1.02,-1.11,49.44,1.81,0.19,-12.96,-1.01,-2.1,-0.1,0.68,-0.19,0.7,384055,41467,W
878,3.07,1.12,-4.06,49.44,1.81,0.19,-12.96,-1.01,-2.1,-0.1,0.68,-0.19,0.7,384097,41509,W
879,4.14,1.46,-3.75,49.44,1.81,0.19,-12.96,-1.01,-2.1,-0.1,0.68,-0.19,0.7,384137,41549,W
880,4.14,1.46,-3.75,49.44,1.81,0.19,-15.71,6,-4.25,-0.1,0.68,-0.19,0.7,384177,41589,W
881,4.14,1.46,-3.75,49.44,1.81,0.19,-14.03,7.38,-5.93,-0.1,0.68,-0.19,0.7,384217,41629,W
882,4.14,1.46,-3.75,49.44,1.81,0.19,-12.19,9.76,-7.54,-0.1,0.68,-0.19,0.7,384256,41668,W
883,2.71,3.48,0.77,49.44,1.81,0.19,-12.19,9.76,-7.54,-0.1,0.68,-0.19,0.7,384296,41708,W
884,-0.42,1.35,0.99,49.44,1.81,0.19,-12.19,9.76,-7.54,-0.1,0.68,-0.19,0.7,384335,41747,W
885,-0.42,1.35,0.99,49.44,1.81,0.19,-10.73,-4.15,-2.98,-0.1,0.68,-0.19,0.7,384376,41788,W
886,-0.42,1.35,0.99,49.44,1.81,0.19,-9.78,-2.85,-0.34,-0.1,0.68,-0.19,0.7,384416,41828,W
887,-0.42,1.35,0.99,49.44,1.81,0.19,-8.78,-2.85,1.04,-0.1,0.68,-0.19,0.7,384455,41867,W
888,0,0.18,0.03,49.44,1.81,0.19,-8.78,-2.85,1.04,-0.1,0.68,-0.19,0.7,384495,41907,W
889,0,0.18,0.03,49.44,1.81,0.19,-9.55,-3,-0.19,-0.1,0.68,-0.19,0.7,384535,41947,W
890,0.04,-0.04,0.02,49.44,1.81,0.19,-9.55,-3,-0.19,-0.1,0.68,-0.19,0.7,384575,41987,W
891,0.04,-0.04,0.02,49.44,1.81,0.19,-9.39,-2.89,0.12,-0.1,0.68,-0.19,0.7,384615,42027,W
892,0.04,-0.04,0.02,49.44,1.81,0.19,-9.43,-2.89,0.12,-0.1,0.68,-0.19,0.7,384654,42066,W
893,-0.01,-0.04,-0.01,49.44,1.81,0.19,-9.43,-2.89,0.12,-0.1,0.68,-0.19,0.7,384693,42105,W
894,-0.02,-0.05,-0.09,49.44,1.81,0.19,-9.43,-2.89,0.12,-0.1,0.68,-0.19,0.7,384734,42146,W
895,-0.02,-0.05,-0.09,49.44,1.81,0.19,-9.24,-2.89,0.46,-0.1,0.68,-0.19,0.7,384775,42187,W
896,-0.02,-0.05,-0.09,49.44,1.81,0.19,-9.13,-3,0.31,-0.1,0.68,-0.19,0.7,384817,42229,W
897,-0.02,-0.05,-0.09,49.44,1.81,0.19,-9.28,-3.04,0.12,-0.1,0.68,-0.19,0.7,384856,42268,W
898,-0.02,0.03,-0.02,49.44,1.81,0.19,-9.28,-3.04,0.12,-0.1,0.68,-0.19,0.7,384897,42309,W
899,-0.02,0.03,-0.02,49.44,1.81,0.19,-9.2,-3.04,0.16,-0.1,0.68,-0.19,0.7,384936,42348,W
900,-0.02,0.03,-0.02,49.44,1.81,0.19,-9.24,-3.04,0.08,-0.1,0.68,-0.19,0.7,384977,42389,W
901,-0.02,0.03,-0.02,49.44,1.81,0.19,-9.13,-2.96,0.35,-0.1,0.68,-0.19,0.7,385017,42429,W
902,-0.02,0.03,-0.02,49.44,1.81,0.19,-9.2,-2.96,0.23,-0.1,0.68,-0.19,0.7,385056,42468,W
903,-0.03,0.03,0.04,49.44,1.81,0.19,-9.2,-2.96,0.23,-0.1,0.68,-0.19,0.7,385097,42509,W
904,0.03,-0.09,0.14,49.44,1.81,0.19,-9.2,-2.96,0.23,-0.1,0.68,-0.19,0.7,385137,42549,W
905,0.03,-0.09,0.14,49.44,1.81,0.19,-9.47,-2.81,0.23,-0.1,0.68,-0.19,0.7,385176,42588,W
906,0.03,-0.09,0.14,49.44,1.81,0.19,-9.47,-2.85,0.08,-0.1,0.68,-0.19,0.7,385216,42628,W
907,0.03,-0.09,0.14,49.44,1.81,0.19,-9.39,-2.81,0.39,-0.1,0.68,-0.19,0.7,385255,42667,W
908,0.02,-0.2,0.15,49.44,1.81,0.19,-9.39,-2.81,0.39,-0.1,0.68,-0.19,0.7,385295,42707,W
909,0,-0.15,0.1,49.44,1.81,0.19,-9.39,-2.81,0.39,-0.1,0.68,-0.19,0.7,385334,42746,W
910,0,-0.15,0.1,49.44,1.81,0.19,-9.36,-2.5,0.85,-0.1,0.68,-0.19,0.7,385375,42787,W
911,0,-0.15,0.1,49.44,1.81,0.19,-9.47,-2.66,0.5,-0.1,0.68,-0.19,0.7,385415,42827,W
912,0,-0.15,0.1,49.44,1.81,0.19,-9.36,-2.66,0.7,-0.1,0.68,-0.19,0.7,385453,42865,W
913,0,-0.11,0.09,49.44,1.81,0.19,-9.36,-2.66,0.7,-0.1,0.68,-0.19,0.7,385492,42904,W
914,0,-0.11,0.09,49.44,1.81,0.19,-9.55,-2.5,0.66,-0.1,0.68,-0.19,0.7,385533,42945,W
915,-0.02,-0.04,0.07,49.44,1.81,0.19,-9.55,-2.5,0.66,-0.1,0.68,-0.19,0.7,385573,42985,T
916,-0.02,-0.04,0.07,49.44,1.81,0.19,-9.51,-2.39,0.85,-0.1,0.68,-0.19,0.7,385613,43025,T
917,-0.02,-0.04,0.07,49.44,1.81,0.19,-9.55,-2.39,0.85,-0.1,0.68,-0.19,0.7,385652,43064,T
918,-0.02,-0.04,0.07,49.44,1.81,0.19,-9.51,-2.43,0.85,-0.1,0.68,-0.19,0.7,385693,43105,T
919,0,-0.07,0.09,49.44,1.81,0.19,-9.51,-2.43,0.85,-0.1,0.68,-0.19,0.7,385733,43145,T
920,0,-0.07,0.09,49.44,1.81,0.19,-9.55,-2.27,0.96,-0.1,0.68,-0.19,0.7,385773,43185,T
921,0,-0.07,0.09,49.44,1.81,0.19,-9.51,-2.31,1,-0.1,0.68,-0.19,0.7,385814,43226,T
922,0,-0.07,0.09,49.44,1.81,0.19,-9.47,-2.23,1.12,-0.1,0.68,-0.19,0.7,385852,43264,T
923,0.02,-0.05,0,49.44,1.81,0.19,-9.47,-2.23,1.12,-0.1,0.68,-0.19,0.7,385892,43304,T
924,0.02,-0.05,0,49.44,1.81,0.19,-9.39,-2.23,1.19,-0.1,0.68,-0.19,0.7,385932,43344,T
925,0.02,-0.05,0,49.44,1.81,0.19,-9.43,-2.31,1.12,-0.1,0.68,-0.19,0.7,385972,43384,T
926,0.02,-0.05,0,49.44,1.81,0.19,-9.43,-2.31,1.08,-0.1,0.68,-0.19,0.7,386011,43423,T
927,0.02,-0.05,0,49.44,1.81,0.19,-9.43,-2.27,1.08,-0.1,0.68,-0.19,0.7,386049,43461,T
928,0,0,0.01,49.44,1.81,0.19,-9.43,-2.27,1.08,-0.1,0.68,-0.19,0.7,386087,43499,T
929,0,0,0.01,49.44,1.81,0.19,-9.43,-2.27,1.08,-0.1,0.68,-0.19,0.7,386127,43539,T
930,0,0,0.01,49.44,1.81,0.19,-9.43,-2.27,1.12,-0.1,0.68,-0.19,0.7,386167,43579,T
931,0,0,0.01,49.44,1.81,0.19,-9.43,-2.27,1.08,-0.1,0.68,-0.19,0.7,386205,43617,T
932,0,-0.01,0.01,49.44,1.81,0.19,-9.43,-2.27,1.08,-0.1,0.68,-0.19,0.7,386245,43657,T
933,0,-0.01,0.01,49.44,1.81,0.19,-9.43,-2.27,1.12,-0.1,0.68,-0.19,0.7,386285,43697,T
934,-0.01,0,0.01,49.44,1.81,0.19,-9.43,-2.27,1.12,-0.1,0.68,-0.19,0.7,386325,43737,T
935,-0.01,0,0.01,49.44,1.81,0.19,-9.43,-2.23,1.12,-0.1,0.68,-0.19,0.7,386365,43777,T
936,-0.01,0,0.01,49.44,1.81,0.19,-9.43,-2.23,1.08,-0.1,0.68,-0.19,0.7,386403,43815,T
937,-0.01,0.04,-0.03,49.44,1.81,0.19,-9.43,-2.23,1.08,-0.1,0.68,-0.19,0.7,386444,43856,T
938,0,0.02,-0.03,49.44,1.81,0.19,-9.43,-2.23,1.08,-0.1,0.68,-0.19,0.7,386484,43896,T
939,0,0.02,-0.03,49.44,1.81,0.19,-9.39,-2.27,1.16,-0.1,0.68,-0.19,0.7,386524,43936,T
940,0,0.02,-0.03,49.44,1.81,0.19,-9.43,-2.27,1.04,-0.1,0.68,-0.19,0.7,386565,43977,T
941,0,0.02,-0.03,49.44,1.81,0.19,-9.39,-2.27,1.08,-0.1,0.68,-0.19,0.7,386603,44015,T
942,0.01,0.05,-0.06,49.44,1.81,0.19,-9.39,-2.27,1.08,-0.1,0.68,-0.19,0.7,386642,44054,T
943,0.01,0.08,-0.11,49.44,1.81,0.19,-9.39,-2.27,1.08,-0.1,0.68,-0.19,0.7,386682,44094,T
944,0.01,0.08,-0.11,49.44,1.81,0.19,-9.43,-2.43,0.89,-0.1,0.68,-0.19,0.7,386723,44135,T
945,0.01,0.08,-0.11,49.44,1.81,0.19,-9.43,-2.35,1,-0.1,0.68,-0.19,0.7,386763,44175,T
946,0.01,0.08,-0.11,49.44,1.81,0.19,-9.39,-2.39,1.04,-0.1,0.68,-0.19,0.7,386801,44213,T
947,0,-0.02,0,49.44,1.81,0.19,-9.39,-2.39,1.04,-0.1,0.68,-0.19,0.7,386841,44253,T
948,0,-0.02,0,49.44,1.81,0.19,-9.39,-2.43,1,-0.1,0.68,-0.19,0.7,386882,44294,T
949,-0.02,-0.12,0.08,49.44,1.81,0.19,-9.39,-2.43,1,-0.1,0.68,-0.19,0.7,386921,44333,T
950,-0.02,-0.12,0.08,49.44,1.81,0.19,-9.43,-2.35,1.08,-0.1,0.68,-0.19,0.7,386961,44373,T
951,-0.02,-0.12,0.08,49.44,1.81,0.19,-9.24,-2.23,1.35,-0.1,0.68,-0.19,0.7,387000,44412,T
952,-0.01,-0.07,0.05,49.44,1.81,0.19,-9.24,-2.23,1.35,-0.1,0.68,-0.19,0.7,387040,44452,T
953,-0.01,0,0.02,49.44,1.81,0.19,-9.24,-2.23,1.35,-0.1,0.68,-0.19,0.7,387080,44492,T
954,-0.01,0,0.02,49.44,1.81,0.19,-9.32,-2.2,1.31,-0.1,0.68,-0.19,0.7,387119,44531,T
955,-0.01,0,0.02,49.44,1.81,0.19,-9.36,-2.23,1.27,-0.1,0.68,-0.19,0.7,387158,44570,T
956,-0.01,0,0.02,-23.88,-47.25,20.63,-9.36,-2.23,1.27,-0.1,0.68,-0.19,0.7,387196,44608,T
957,-0.01,0.01,0,-23.88,-47.25,20.63,-9.36,-2.23,1.27,-0.1,0.68,-0.19,0.7,387237,44649,T
958,-0.01,0.01,0,-23.88,-47.25,20.63,-9.39,-2.23,1.19,-0.1,0.68,-0.19,0.7,387279,44691,T
959,-0.01,0.01,0,-23.88,-47.25,20.63,-9.32,-2.2,1.31,-0.1,0.68,-0.19,0.7,387322,44734,T
960,-0.01,0.01,0,-23.88,-47.25,20.63,-9.36,-2.23,1.23,-0.1,0.68,-0.19,0.7,387364,44776,T
961,-0.01,0.01,0,-23.88,-47.25,20.63,-9.32,-2.27,1.27,-0.1,0.68,-0.19,0.7,387404,44816,T
962,-0.01,0.01,0,-23.88,-47.25,20.63,-9.32,-2.27,1.27,-0.1,0.68,-0.19,0.7,387446,44858,T
963,0,-0.01,0.01,-23.88,-47.25,20.63,-9.32,-2.27,1.27,-0.1,0.68,-0.19,0.7,387488,44900,T
964,0,-0.01,0.01,-23.88,-47.25,20.63,-9.36,-2.2,1.27,-0.1,0.68,-0.19,0.7,387530,44942,T
965,0,-0.01,0.01,-23.88,-47.25,20.63,-9.36,-2.2,1.23,-0.1,0.68,-0.19,0.7,387573,44985,T
966,0,-0.01,0.01,-23.88,-47.25,20.63,-9.36,-2.16,1.27,-0.1,0.68,-0.19,0.7,387615,45027,T
967,0,-0.01,0.01,-23.88,-47.25,20.63,-9.36,-2.23,1.23,-0.1,0.68,-0.19,0.7,387656,45068,T
968,-0.01,0.05,0.01,-23.88,-47.25,20.63,-9.36,-2.23,1.23,-0.1,0.68,-0.19,0.7,387698,45110,T
969,-0.01,0.08,-0.01,-23.88,-47.25,20.63,-9.36,-2.23,1.23,-0.1,0.68,-0.19,0.7,387740,45152,T
970,-0.01,0.08,-0.01,-23.88,-47.25,20.63,-9.39,-2.23,1.16,-0.1,0.68,-0.19,0.7,387782,45194,T
971,-0.01,0.08,-0.01,-23.88,-47.25,20.63,-9.39,-2.23,1.19,-0.1,0.68,-0.19,0.7,387826,45238,T
972,-0.01,0.08,-0.01,-23.88,-47.25,20.63,-9.36,-2.2,1.19,-0.1,0.68,-0.19,0.7,387868,45280,T
973,-0.01,0.08,-0.01,-23.88,-47.25,20.63,-9.39,-2.2,1.12,-0.1,0.68,-0.19,0.7,387909,45321,T
974,-0.01,0.08,-0.01,-24.38,-44.56,19.38,-9.39,-2.2,1.12,-0.1,0.68,-0.19,0.7,387952,45364,T
975,-0.02,0.02,0.04,-24.38,-44.56,19.38,-9.39,-2.2,1.12,-0.1,0.68,-0.19,0.7,387994,45406,T
976,-0.02,0.02,0.04,-24.38,-44.56,19.38,-9.36,-2.23,1.12,-0.1,0.68,-0.19,0.7,388036,45448,T
977,0.79,-0.07,0.04,-24.38,-44.56,19.38,-9.36,-2.23,1.12,-0.1,0.68,-0.19,0.7,388077,45489,T
978,0.79,-0.07,0.04,-24.38,-44.56,19.38,-9.32,-3.19,1.23,-0.1,0.68,-0.19,0.7,388118,45530,T
979,0.79,-0.07,0.04,-24.38,-44.56,19.38,-9.36,-2.81,1.31,-0.1,0.68,-0.19,0.7,388159,45571,T
980,0.79,-0.07,0.04,-23.88,-46.81,17.38,-9.36,-2.81,1.31,-0.1,0.68,-0.19,0.7,388201,45613,T
981,2.09,0.14,-0.37,-23.88,-46.81,17.38,-9.36,-2.81,1.31,-0.1,0.68,-0.19,0.7,388242,45654,T
982,2.09,0.14,-0.37,-23.88,-46.81,17.38,-7.82,-3.11,-1.14,-0.1,0.68,-0.19,0.7,388285,45697,T
983,3.36,1.13,-1.01,-23.88,-46.81,17.38,-7.82,-3.11,-1.14,-0.1,0.68,-0.19,0.7,388327,45739,T
984,3.36,1.13,-1.01,-23.88,-46.81,17.38,-8.36,0.07,2.73,-0.1,0.68,-0.19,0.7,388368,45780,T
985,3.36,1.13,-1.01,-23.88,-46.81,17.38,-11.96,5.43,4.68,-0.1,0.68,-0.19,0.7,388409,45821,T
986,3.36,1.13,-1.01,-27.38,-66.69,5,-11.96,5.43,4.68,-0.1,0.68,-0.19,0.7,388451,45863,T
987,-0.04,0.26,-0.15,-27.38,-66.69,5,-11.96,5.43,4.68,-0.1,0.68,-0.19,0.7,388492,45904,T
988,-0.04,0.26,-0.15,-27.38,-66.69,5,-9.59,-2.58,0.27,-0.1,0.68,-0.19,0.7,388535,45947,T
989,-0.03,-0.08,0.06,-27.38,-66.69,5,-9.59,-2.58,0.27,-0.1,0.68,-0.19,0.7,388576,45988,T
990,-0.03,-0.08,0.06,-27.38,-66.69,5,-9.59,-2.46,0.54,-0.1,0.68,-0.19,0.7,388618,46030,T
991,-0.03,-0.08,0.06,-27.38,-66.69,5,-9.63,-2.5,0.39,-0.1,0.68,-0.19,0.7,388659,46071,T
992,-0.03,-0.08,0.06,-27.31,-67.44,4.56,-9.63,-2.5,0.39,-0.1,0.68,-0.19,0.7,388700,46112,T
993,0.03,-0.08,0.03,-27.31,-67.44,4.56,-9.63,-2.5,0.39,-0.1,0.68,-0.19,0.7,388742,46154,T
